problem_id,skill_id,node_code,node_name
299836,1,3.OA.A.1,Interpret Products of Whole Numbers
427946,1,3.OA.A.1,Interpret Products of Whole Numbers
299836,4,3.OA.A.4,Determine the Unknown Whole Number in a Multiplication/Division Equation
427946,4,3.OA.A.4,Determine the Unknown Whole Number in a Multiplication/Division Equation
299546,5,3.OA.B.5,Apply Properties of Operations To Multiply & Divide
427706,5,3.OA.B.5,Apply Properties of Operations To Multiply & Divide
151911,15,3.NF.A.2a,Represent Unit Fractions on a Number Line
323486,16,3.NF.A.2b,Represent Fractions on a Number Line
323395,16,3.NF.A.2b,Represent Fractions on a Number Line
323318,16,3.NF.A.2b,Represent Fractions on a Number Line
259422,16,3.NF.A.2b,Represent Fractions on a Number Line
151911,16,3.NF.A.2b,Represent Fractions on a Number Line
151911,19,3.NF.A.3b,Recognize & Generate Simple Equivalent Fractions
323959,21,3.NF.A.3d,Comprare Fractions with Like Numerators or Denominators
3501,24,3.MD.B.3,Draw & Apply Knowledge of Bar & Pictures Graphs
255003,24,3.MD.B.3,Draw & Apply Knowledge of Bar & Pictures Graphs
103462,29,3.MD.C.6,Measure Area by Counting Unit Squares
543579,29,3.MD.C.6,Measure Area by Counting Unit Squares
543579,31,3.MD.C.7a,Find the Area of a Rectangle by Tiling
103462,31,3.MD.C.7a,Find the Area of a Rectangle by Tiling
1366,31,3.MD.C.7a,Find the Area of a Rectangle by Tiling
54202,31,3.MD.C.7a,Find the Area of a Rectangle by Tiling
595379,31,3.MD.C.7a,Find the Area of a Rectangle by Tiling
543878,34,3.MD.C.7d,Find Area of Rectangles by Decomposing
103748,34,3.MD.C.7d,Find Area of Rectangles by Decomposing
1366,35,3.MD.D.8,Solve Word Problems Involving Perimeter of Polygons
595520,35,3.MD.D.8,Solve Word Problems Involving Perimeter of Polygons
151389,38,4.OA.A.1,Interpret & Represent Multiplicative Comparisons as Multiplication Equations
151533,38,4.OA.A.1,Interpret & Represent Multiplicative Comparisons as Multiplication Equations
258849,38,4.OA.A.1,Interpret & Represent Multiplicative Comparisons as Multiplication Equations
151647,38,4.OA.A.1,Interpret & Represent Multiplicative Comparisons as Multiplication Equations
258984,38,4.OA.A.1,Interpret & Represent Multiplicative Comparisons as Multiplication Equations
259128,38,4.OA.A.1,Interpret & Represent Multiplicative Comparisons as Multiplication Equations
322962,41,4.OA.B.4,Find & Use Factors of to Determine if a Number is Prime or Composite
608636,41,4.OA.B.4,Find & Use Factors of to Determine if a Number is Prime or Composite
258849,44,4.NBT.A.1,Recognize & Apply Concepts of Place Value Relationships
259128,44,4.NBT.A.1,Recognize & Apply Concepts of Place Value Relationships
258984,44,4.NBT.A.1,Recognize & Apply Concepts of Place Value Relationships
151389,44,4.NBT.A.1,Recognize & Apply Concepts of Place Value Relationships
151647,44,4.NBT.A.1,Recognize & Apply Concepts of Place Value Relationships
151533,44,4.NBT.A.1,Recognize & Apply Concepts of Place Value Relationships
655353,50,4.NBT.B.6,Divide Whole Numbers using Place Value Models & Strategies
456745,50,4.NBT.B.6,Divide Whole Numbers using Place Value Models & Strategies
258570,51,4.NF.A.1,"Explain, Recognize & Generate Equivalent Fractions"
151128,51,4.NF.A.1,"Explain, Recognize & Generate Equivalent Fractions"
324036,52,4.NF.A.2,Compare Fractions with Different Numerators & Denominators
323873,52,4.NF.A.2,Compare Fractions with Different Numerators & Denominators
324144,52,4.NF.A.2,Compare Fractions with Different Numerators & Denominators
323959,52,4.NF.A.2,Compare Fractions with Different Numerators & Denominators
133202,52,4.NF.A.2,Compare Fractions with Different Numerators & Denominators
133338,52,4.NF.A.2,Compare Fractions with Different Numerators & Denominators
151389,61,4.NF.B.4b,Multiply a Fraction by a Whole Number
151533,61,4.NF.B.4b,Multiply a Fraction by a Whole Number
259128,61,4.NF.B.4b,Multiply a Fraction by a Whole Number
258849,61,4.NF.B.4b,Multiply a Fraction by a Whole Number
258984,61,4.NF.B.4b,Multiply a Fraction by a Whole Number
151647,61,4.NF.B.4b,Multiply a Fraction by a Whole Number
325103,64,4.NF.C.6,Convert Fractions to Decimals (Denominators of 10 or 100)
355920,64,4.NF.C.6,Convert Fractions to Decimals (Denominators of 10 or 100)
455868,64,4.NF.C.6,Convert Fractions to Decimals (Denominators of 10 or 100)
455995,64,4.NF.C.6,Convert Fractions to Decimals (Denominators of 10 or 100)
356245,64,4.NF.C.6,Convert Fractions to Decimals (Denominators of 10 or 100)
488652,64,4.NF.C.6,Convert Fractions to Decimals (Denominators of 10 or 100)
668634,66,4.MD.A.1,Convert Measurements Within a System & Display in Two-Column Tables
174042,66,4.MD.A.1,Convert Measurements Within a System & Display in Two-Column Tables
172779,66,4.MD.A.1,Convert Measurements Within a System & Display in Two-Column Tables
173266,66,4.MD.A.1,Convert Measurements Within a System & Display in Two-Column Tables
605230,66,4.MD.A.1,Convert Measurements Within a System & Display in Two-Column Tables
173140,66,4.MD.A.1,Convert Measurements Within a System & Display in Two-Column Tables
173797,66,4.MD.A.1,Convert Measurements Within a System & Display in Two-Column Tables
173917,66,4.MD.A.1,Convert Measurements Within a System & Display in Two-Column Tables
25823,68,4.MD.A.3,Apply Area & Perimeter Formulas for Rectangles
47078,68,4.MD.A.3,Apply Area & Perimeter Formulas for Rectangles
25576,68,4.MD.A.3,Apply Area & Perimeter Formulas for Rectangles
25682,68,4.MD.A.3,Apply Area & Perimeter Formulas for Rectangles
543579,68,4.MD.A.3,Apply Area & Perimeter Formulas for Rectangles
25949,68,4.MD.A.3,Apply Area & Perimeter Formulas for Rectangles
46209,68,4.MD.A.3,Apply Area & Perimeter Formulas for Rectangles
605230,68,4.MD.A.3,Apply Area & Perimeter Formulas for Rectangles
88850,68,4.MD.A.3,Apply Area & Perimeter Formulas for Rectangles
103462,68,4.MD.A.3,Apply Area & Perimeter Formulas for Rectangles
347425,68,4.MD.A.3,Apply Area & Perimeter Formulas for Rectangles
668634,69,4.MD.A.3,Apply Area & Perimeter Formulas for Rectangles
605230,69,4.MD.A.3,Apply Area & Perimeter Formulas for Rectangles
651370,76,4.G.A.1,Draw & Identify Types of Lines and Angles
104004,76,4.G.A.1,Draw & Identify Types of Lines and Angles
651306,76,4.G.A.1,Draw & Identify Types of Lines and Angles
627401,76,4.G.A.1,Draw & Identify Types of Lines and Angles
12623,76,4.G.A.1,Draw & Identify Types of Lines and Angles
627506,76,4.G.A.1,Draw & Identify Types of Lines and Angles
115085,76,4.G.A.1,Draw & Identify Types of Lines and Angles
104131,77,4.G.A.1,Draw & Identify Types of Lines and Angles
23769,78,4.G.A.2,Classify 2D Figures by Parallel & Perpendicular Lines and Angles
104004,78,4.G.A.2,Classify 2D Figures by Parallel & Perpendicular Lines and Angles
544510,78,4.G.A.2,Classify 2D Figures by Parallel & Perpendicular Lines and Angles
427706,80,5.OA.A.1,Evaluate Expressions Using Groupings
299546,80,5.OA.A.1,Evaluate Expressions Using Groupings
543878,81,5.OA.A.2,Write & Interpret Simple Expressions
103748,81,5.OA.A.2,Write & Interpret Simple Expressions
655039,83,5.NBT.A.1,Understand Base Ten Place Value Relationships
455078,83,5.NBT.A.1,Understand Base Ten Place Value Relationships
454858,83,5.NBT.A.1,Understand Base Ten Place Value Relationships
655190,83,5.NBT.A.1,Understand Base Ten Place Value Relationships
455397,83,5.NBT.A.1,Understand Base Ten Place Value Relationships
654938,83,5.NBT.A.1,Understand Base Ten Place Value Relationships
104252,84,5.NBT.A.2,Explain Patterns when Multiplying & Dividing Powers of 10
323658,87,5.NBT.A.3b,Compare Decimals to Thousandths
323761,87,5.NBT.A.3b,Compare Decimals to Thousandths
284725,89,5.NBT.B.5,Multiply Multi-Digit Whole Numbers Using the Standard Algorithm
508769,89,5.NBT.B.5,Multiply Multi-Digit Whole Numbers Using the Standard Algorithm
508616,89,5.NBT.B.5,Multiply Multi-Digit Whole Numbers Using the Standard Algorithm
509009,89,5.NBT.B.5,Multiply Multi-Digit Whole Numbers Using the Standard Algorithm
508887,89,5.NBT.B.5,Multiply Multi-Digit Whole Numbers Using the Standard Algorithm
45675,89,5.NBT.B.5,Multiply Multi-Digit Whole Numbers Using the Standard Algorithm
457114,89,5.NBT.B.5,Multiply Multi-Digit Whole Numbers Using the Standard Algorithm
78754,89,5.NBT.B.5,Multiply Multi-Digit Whole Numbers Using the Standard Algorithm
92677,89,5.NBT.B.5,Multiply Multi-Digit Whole Numbers Using the Standard Algorithm
78619,89,5.NBT.B.5,Multiply Multi-Digit Whole Numbers Using the Standard Algorithm
445524,89,5.NBT.B.5,Multiply Multi-Digit Whole Numbers Using the Standard Algorithm
92205,89,5.NBT.B.5,Multiply Multi-Digit Whole Numbers Using the Standard Algorithm
421967,89,5.NBT.B.5,Multiply Multi-Digit Whole Numbers Using the Standard Algorithm
421838,89,5.NBT.B.5,Multiply Multi-Digit Whole Numbers Using the Standard Algorithm
332052,89,5.NBT.B.5,Multiply Multi-Digit Whole Numbers Using the Standard Algorithm
331934,89,5.NBT.B.5,Multiply Multi-Digit Whole Numbers Using the Standard Algorithm
289975,89,5.NBT.B.5,Multiply Multi-Digit Whole Numbers Using the Standard Algorithm
421173,90,5.NBT.B.6,Divide Whole Numbers (Up to 4-Digit Dividends & 2-Digit Divisors)
421448,90,5.NBT.B.6,Divide Whole Numbers (Up to 4-Digit Dividends & 2-Digit Divisors)
421310,90,5.NBT.B.6,Divide Whole Numbers (Up to 4-Digit Dividends & 2-Digit Divisors)
421588,90,5.NBT.B.6,Divide Whole Numbers (Up to 4-Digit Dividends & 2-Digit Divisors)
407583,90,5.NBT.B.6,Divide Whole Numbers (Up to 4-Digit Dividends & 2-Digit Divisors)
531410,90,5.NBT.B.6,Divide Whole Numbers (Up to 4-Digit Dividends & 2-Digit Divisors)
531190,90,5.NBT.B.6,Divide Whole Numbers (Up to 4-Digit Dividends & 2-Digit Divisors)
531647,90,5.NBT.B.6,Divide Whole Numbers (Up to 4-Digit Dividends & 2-Digit Divisors)
445641,90,5.NBT.B.6,Divide Whole Numbers (Up to 4-Digit Dividends & 2-Digit Divisors)
530879,90,5.NBT.B.6,Divide Whole Numbers (Up to 4-Digit Dividends & 2-Digit Divisors)
5038,91,5.NBT.B.7,Compute Decimal Problems Involving All 4 Operations
3036,91,5.NBT.B.7,Compute Decimal Problems Involving All 4 Operations
254457,91,5.NBT.B.7,Compute Decimal Problems Involving All 4 Operations
445374,91,5.NBT.B.7,Compute Decimal Problems Involving All 4 Operations
2930,91,5.NBT.B.7,Compute Decimal Problems Involving All 4 Operations
254589,91,5.NBT.B.7,Compute Decimal Problems Involving All 4 Operations
256627,91,5.NBT.B.7,Compute Decimal Problems Involving All 4 Operations
154867,94,5.NF.A.1,Add & Subtract Fractions with Unlike Denominators
256500,95,5.NF.A.1,Add & Subtract Fractions with Unlike Denominators
4926,95,5.NF.A.1,Add & Subtract Fractions with Unlike Denominators
274139,96,5.NF.A.2,Solve Word Problems Involving Addition/Subtraction of Fractions
127860,97,5.NF.B.3,Interpret Fractions as Division in Word Problems
128010,97,5.NF.B.3,Interpret Fractions as Division in Word Problems
128126,97,5.NF.B.3,Interpret Fractions as Division in Word Problems
132213,97,5.NF.B.3,Interpret Fractions as Division in Word Problems
154867,99,5.NF.B.4a,Interpret & Compute Products of Fractions and Whole Numbers
474069,99,5.NF.B.4a,Interpret & Compute Products of Fractions and Whole Numbers
474198,99,5.NF.B.4a,Interpret & Compute Products of Fractions and Whole Numbers
103860,100,5.NF.B.4b,Find the Area of a Rectangle with Fractional Side Lengths
471899,100,5.NF.B.4b,Find the Area of a Rectangle with Fractional Side Lengths
648,102,5.NF.B.5a,Compare the Size of Products & Factors
576826,102,5.NF.B.5a,Compare the Size of Products & Factors
438,102,5.NF.B.5a,Compare the Size of Products & Factors
311333,102,5.NF.B.5a,Compare the Size of Products & Factors
311102,102,5.NF.B.5a,Compare the Size of Products & Factors
420156,102,5.NF.B.5a,Compare the Size of Products & Factors
420156,103,5.NF.B.5b,Explain Results Less or Greater Than 1 when Multiplying Fractions
576826,103,5.NF.B.5b,Explain Results Less or Greater Than 1 when Multiplying Fractions
429356,104,5.NF.B.6,Solve Real-World Problems Involving Multiplication of Fractions
420156,104,5.NF.B.6,Solve Real-World Problems Involving Multiplication of Fractions
445267,106,5.NF.B.7a,Interpret & Compute Quotients of Unit Fractions & Whole Numbers
131914,107,5.NF.B.7b,Interpret & Compute Quotients of Whole Numbers & Unit Fractions
445267,107,5.NF.B.7b,Interpret & Compute Quotients of Whole Numbers & Unit Fractions
457262,107,5.NF.B.7b,Interpret & Compute Quotients of Whole Numbers & Unit Fractions
131914,108,5.NF.B.7c,Solve Word Problems Involving Division of Fractions & Whole Numbers
445267,108,5.NF.B.7c,Solve Word Problems Involving Division of Fractions & Whole Numbers
310779,110,5.MD.A.1,Convert Among Standard Measurement Units
95,110,5.MD.A.1,Convert Among Standard Measurement Units
242,110,5.MD.A.1,Convert Among Standard Measurement Units
310891,110,5.MD.A.1,Convert Among Standard Measurement Units
4926,112,5.MD.B.2,Create Line Plots with Fractions
256500,112,5.MD.B.2,Create Line Plots with Fractions
256627,112,5.MD.B.2,Create Line Plots with Fractions
5038,112,5.MD.B.2,Create Line Plots with Fractions
601993,115,5.MD.C.3b,Understand that Unit Cubes Can be Used to Construct Volume
247085,116,5.MD.C.4,Measure Volumes with Unit Cubes
48585,118,5.MD.C.5a,Find the Volume of a Rectangular Prism Without a Formula
48967,118,5.MD.C.5a,Find the Volume of a Rectangular Prism Without a Formula
133518,119,5.MD.C.5b,Find the Volume of a Rectangular Prism With a Formula
48762,119,5.MD.C.5b,Find the Volume of a Rectangular Prism With a Formula
248037,119,5.MD.C.5b,Find the Volume of a Rectangular Prism With a Formula
324806,121,5.G.A.1,Understand Components of the Coordinate Plane
324554,121,5.G.A.1,Understand Components of the Coordinate Plane
324709,121,5.G.A.1,Understand Components of the Coordinate Plane
324631,121,5.G.A.1,Understand Components of the Coordinate Plane
324900,121,5.G.A.1,Understand Components of the Coordinate Plane
488471,122,5.G.A.2,Graph points in Quadrant 1 & Interpret Coordinate Values
243115,124,5.G.B.4,Classify 2D Figures Based on Properties
544510,125,5.G.B.4,Classify 2D Figures Based on Properties
23769,125,5.G.B.4,Classify 2D Figures Based on Properties
54134,126,6.RP.A.1,Understand & Describe Ratios
88681,126,6.RP.A.1,Understand & Describe Ratios
2196,126,6.RP.A.1,Understand & Describe Ratios
437233,126,6.RP.A.1,Understand & Describe Ratios
547591,126,6.RP.A.1,Understand & Describe Ratios
40656,126,6.RP.A.1,Understand & Describe Ratios
373794,126,6.RP.A.1,Understand & Describe Ratios
39085,126,6.RP.A.1,Understand & Describe Ratios
199800,126,6.RP.A.1,Understand & Describe Ratios
83745,126,6.RP.A.1,Understand & Describe Ratios
114950,126,6.RP.A.1,Understand & Describe Ratios
4213,127,6.RP.A.2,Understand & Describe Unit Rate
547864,127,6.RP.A.2,Understand & Describe Unit Rate
547291,127,6.RP.A.2,Understand & Describe Unit Rate
261537,127,6.RP.A.2,Understand & Describe Unit Rate
320443,127,6.RP.A.2,Understand & Describe Unit Rate
559407,127,6.RP.A.2,Understand & Describe Unit Rate
39959,127,6.RP.A.2,Understand & Describe Unit Rate
3098,127,6.RP.A.2,Understand & Describe Unit Rate
39724,127,6.RP.A.2,Understand & Describe Unit Rate
40426,127,6.RP.A.2,Understand & Describe Unit Rate
560590,127,6.RP.A.2,Understand & Describe Unit Rate
40293,127,6.RP.A.2,Understand & Describe Unit Rate
40938,127,6.RP.A.2,Understand & Describe Unit Rate
546982,127,6.RP.A.2,Understand & Describe Unit Rate
546775,127,6.RP.A.2,Understand & Describe Unit Rate
547415,127,6.RP.A.2,Understand & Describe Unit Rate
261766,127,6.RP.A.2,Understand & Describe Unit Rate
559654,127,6.RP.A.2,Understand & Describe Unit Rate
559546,127,6.RP.A.2,Understand & Describe Unit Rate
164620,129,6.RP.A.3a,Create Tables to Compare Equivalent Ratios
164748,129,6.RP.A.3a,Create Tables to Compare Equivalent Ratios
287230,129,6.RP.A.3a,Create Tables to Compare Equivalent Ratios
287949,129,6.RP.A.3a,Create Tables to Compare Equivalent Ratios
370906,129,6.RP.A.3a,Create Tables to Compare Equivalent Ratios
370138,129,6.RP.A.3a,Create Tables to Compare Equivalent Ratios
371156,129,6.RP.A.3a,Create Tables to Compare Equivalent Ratios
42395,129,6.RP.A.3a,Create Tables to Compare Equivalent Ratios
40656,129,6.RP.A.3a,Create Tables to Compare Equivalent Ratios
174455,129,6.RP.A.3a,Create Tables to Compare Equivalent Ratios
370357,129,6.RP.A.3a,Create Tables to Compare Equivalent Ratios
371046,129,6.RP.A.3a,Create Tables to Compare Equivalent Ratios
370431,129,6.RP.A.3a,Create Tables to Compare Equivalent Ratios
347969,129,6.RP.A.3a,Create Tables to Compare Equivalent Ratios
40938,129,6.RP.A.3a,Create Tables to Compare Equivalent Ratios
37441,129,6.RP.A.3a,Create Tables to Compare Equivalent Ratios
283575,129,6.RP.A.3a,Create Tables to Compare Equivalent Ratios
286756,129,6.RP.A.3a,Create Tables to Compare Equivalent Ratios
282992,129,6.RP.A.3a,Create Tables to Compare Equivalent Ratios
42567,129,6.RP.A.3a,Create Tables to Compare Equivalent Ratios
279063,129,6.RP.A.3a,Create Tables to Compare Equivalent Ratios
363127,129,6.RP.A.3a,Create Tables to Compare Equivalent Ratios
360494,129,6.RP.A.3a,Create Tables to Compare Equivalent Ratios
284919,129,6.RP.A.3a,Create Tables to Compare Equivalent Ratios
360123,129,6.RP.A.3a,Create Tables to Compare Equivalent Ratios
78262,129,6.RP.A.3a,Create Tables to Compare Equivalent Ratios
77267,129,6.RP.A.3a,Create Tables to Compare Equivalent Ratios
91684,129,6.RP.A.3a,Create Tables to Compare Equivalent Ratios
91913,129,6.RP.A.3a,Create Tables to Compare Equivalent Ratios
91811,129,6.RP.A.3a,Create Tables to Compare Equivalent Ratios
240818,129,6.RP.A.3a,Create Tables to Compare Equivalent Ratios
72272,129,6.RP.A.3a,Create Tables to Compare Equivalent Ratios
72169,129,6.RP.A.3a,Create Tables to Compare Equivalent Ratios
650734,129,6.RP.A.3a,Create Tables to Compare Equivalent Ratios
426575,129,6.RP.A.3a,Create Tables to Compare Equivalent Ratios
537832,129,6.RP.A.3a,Create Tables to Compare Equivalent Ratios
2319,129,6.RP.A.3a,Create Tables to Compare Equivalent Ratios
30276,129,6.RP.A.3a,Create Tables to Compare Equivalent Ratios
547591,129,6.RP.A.3a,Create Tables to Compare Equivalent Ratios
426461,129,6.RP.A.3a,Create Tables to Compare Equivalent Ratios
360011,129,6.RP.A.3a,Create Tables to Compare Equivalent Ratios
2433,129,6.RP.A.3a,Create Tables to Compare Equivalent Ratios
320230,129,6.RP.A.3a,Create Tables to Compare Equivalent Ratios
69590,129,6.RP.A.3a,Create Tables to Compare Equivalent Ratios
115193,129,6.RP.A.3a,Create Tables to Compare Equivalent Ratios
547864,129,6.RP.A.3a,Create Tables to Compare Equivalent Ratios
115064,129,6.RP.A.3a,Create Tables to Compare Equivalent Ratios
347269,129,6.RP.A.3a,Create Tables to Compare Equivalent Ratios
114344,129,6.RP.A.3a,Create Tables to Compare Equivalent Ratios
59778,129,6.RP.A.3a,Create Tables to Compare Equivalent Ratios
554651,129,6.RP.A.3a,Create Tables to Compare Equivalent Ratios
495575,129,6.RP.A.3a,Create Tables to Compare Equivalent Ratios
229328,129,6.RP.A.3a,Create Tables to Compare Equivalent Ratios
229131,129,6.RP.A.3a,Create Tables to Compare Equivalent Ratios
359683,129,6.RP.A.3a,Create Tables to Compare Equivalent Ratios
15930,129,6.RP.A.3a,Create Tables to Compare Equivalent Ratios
137170,129,6.RP.A.3a,Create Tables to Compare Equivalent Ratios
139424,129,6.RP.A.3a,Create Tables to Compare Equivalent Ratios
138970,129,6.RP.A.3a,Create Tables to Compare Equivalent Ratios
406068,129,6.RP.A.3a,Create Tables to Compare Equivalent Ratios
138263,129,6.RP.A.3a,Create Tables to Compare Equivalent Ratios
138414,129,6.RP.A.3a,Create Tables to Compare Equivalent Ratios
53422,129,6.RP.A.3a,Create Tables to Compare Equivalent Ratios
139112,129,6.RP.A.3a,Create Tables to Compare Equivalent Ratios
143888,129,6.RP.A.3a,Create Tables to Compare Equivalent Ratios
147205,129,6.RP.A.3a,Create Tables to Compare Equivalent Ratios
53714,129,6.RP.A.3a,Create Tables to Compare Equivalent Ratios
348393,129,6.RP.A.3a,Create Tables to Compare Equivalent Ratios
146848,129,6.RP.A.3a,Create Tables to Compare Equivalent Ratios
147031,129,6.RP.A.3a,Create Tables to Compare Equivalent Ratios
15805,129,6.RP.A.3a,Create Tables to Compare Equivalent Ratios
287601,129,6.RP.A.3a,Create Tables to Compare Equivalent Ratios
164198,129,6.RP.A.3a,Create Tables to Compare Equivalent Ratios
164090,129,6.RP.A.3a,Create Tables to Compare Equivalent Ratios
3418,130,6.RP.A.3b,Solve Unit Rate Problems
4344,130,6.RP.A.3b,Solve Unit Rate Problems
3980,130,6.RP.A.3b,Solve Unit Rate Problems
3098,130,6.RP.A.3b,Solve Unit Rate Problems
3256,130,6.RP.A.3b,Solve Unit Rate Problems
11914,130,6.RP.A.3b,Solve Unit Rate Problems
12985,130,6.RP.A.3b,Solve Unit Rate Problems
13384,130,6.RP.A.3b,Solve Unit Rate Problems
12177,130,6.RP.A.3b,Solve Unit Rate Problems
24870,130,6.RP.A.3b,Solve Unit Rate Problems
23593,130,6.RP.A.3b,Solve Unit Rate Problems
27697,130,6.RP.A.3b,Solve Unit Rate Problems
28051,130,6.RP.A.3b,Solve Unit Rate Problems
28432,130,6.RP.A.3b,Solve Unit Rate Problems
30898,130,6.RP.A.3b,Solve Unit Rate Problems
31058,130,6.RP.A.3b,Solve Unit Rate Problems
30779,130,6.RP.A.3b,Solve Unit Rate Problems
28730,130,6.RP.A.3b,Solve Unit Rate Problems
30604,130,6.RP.A.3b,Solve Unit Rate Problems
31250,130,6.RP.A.3b,Solve Unit Rate Problems
30601,130,6.RP.A.3b,Solve Unit Rate Problems
31856,130,6.RP.A.3b,Solve Unit Rate Problems
39724,130,6.RP.A.3b,Solve Unit Rate Problems
42395,130,6.RP.A.3b,Solve Unit Rate Problems
39959,130,6.RP.A.3b,Solve Unit Rate Problems
40426,130,6.RP.A.3b,Solve Unit Rate Problems
40293,130,6.RP.A.3b,Solve Unit Rate Problems
42567,130,6.RP.A.3b,Solve Unit Rate Problems
43293,130,6.RP.A.3b,Solve Unit Rate Problems
41676,130,6.RP.A.3b,Solve Unit Rate Problems
62872,130,6.RP.A.3b,Solve Unit Rate Problems
59099,130,6.RP.A.3b,Solve Unit Rate Problems
61003,130,6.RP.A.3b,Solve Unit Rate Problems
59398,130,6.RP.A.3b,Solve Unit Rate Problems
62539,130,6.RP.A.3b,Solve Unit Rate Problems
63719,130,6.RP.A.3b,Solve Unit Rate Problems
61761,130,6.RP.A.3b,Solve Unit Rate Problems
61363,130,6.RP.A.3b,Solve Unit Rate Problems
62707,130,6.RP.A.3b,Solve Unit Rate Problems
62166,130,6.RP.A.3b,Solve Unit Rate Problems
63037,130,6.RP.A.3b,Solve Unit Rate Problems
67685,130,6.RP.A.3b,Solve Unit Rate Problems
76912,130,6.RP.A.3b,Solve Unit Rate Problems
78012,130,6.RP.A.3b,Solve Unit Rate Problems
78634,130,6.RP.A.3b,Solve Unit Rate Problems
77528,130,6.RP.A.3b,Solve Unit Rate Problems
77847,130,6.RP.A.3b,Solve Unit Rate Problems
77688,130,6.RP.A.3b,Solve Unit Rate Problems
78992,130,6.RP.A.3b,Solve Unit Rate Problems
96695,130,6.RP.A.3b,Solve Unit Rate Problems
97491,130,6.RP.A.3b,Solve Unit Rate Problems
97813,130,6.RP.A.3b,Solve Unit Rate Problems
97062,130,6.RP.A.3b,Solve Unit Rate Problems
103888,130,6.RP.A.3b,Solve Unit Rate Problems
108169,130,6.RP.A.3b,Solve Unit Rate Problems
107470,130,6.RP.A.3b,Solve Unit Rate Problems
108047,130,6.RP.A.3b,Solve Unit Rate Problems
108478,130,6.RP.A.3b,Solve Unit Rate Problems
108354,130,6.RP.A.3b,Solve Unit Rate Problems
108670,130,6.RP.A.3b,Solve Unit Rate Problems
107783,130,6.RP.A.3b,Solve Unit Rate Problems
124302,130,6.RP.A.3b,Solve Unit Rate Problems
124027,130,6.RP.A.3b,Solve Unit Rate Problems
127489,130,6.RP.A.3b,Solve Unit Rate Problems
132567,130,6.RP.A.3b,Solve Unit Rate Problems
132256,130,6.RP.A.3b,Solve Unit Rate Problems
132144,130,6.RP.A.3b,Solve Unit Rate Problems
132877,130,6.RP.A.3b,Solve Unit Rate Problems
132432,130,6.RP.A.3b,Solve Unit Rate Problems
132758,130,6.RP.A.3b,Solve Unit Rate Problems
144489,130,6.RP.A.3b,Solve Unit Rate Problems
144285,130,6.RP.A.3b,Solve Unit Rate Problems
149859,130,6.RP.A.3b,Solve Unit Rate Problems
153145,130,6.RP.A.3b,Solve Unit Rate Problems
149750,130,6.RP.A.3b,Solve Unit Rate Problems
157878,130,6.RP.A.3b,Solve Unit Rate Problems
158629,130,6.RP.A.3b,Solve Unit Rate Problems
159000,130,6.RP.A.3b,Solve Unit Rate Problems
158226,130,6.RP.A.3b,Solve Unit Rate Problems
164198,130,6.RP.A.3b,Solve Unit Rate Problems
164090,130,6.RP.A.3b,Solve Unit Rate Problems
159196,130,6.RP.A.3b,Solve Unit Rate Problems
173472,130,6.RP.A.3b,Solve Unit Rate Problems
174088,130,6.RP.A.3b,Solve Unit Rate Problems
173863,130,6.RP.A.3b,Solve Unit Rate Problems
207470,130,6.RP.A.3b,Solve Unit Rate Problems
219121,130,6.RP.A.3b,Solve Unit Rate Problems
219244,130,6.RP.A.3b,Solve Unit Rate Problems
228746,130,6.RP.A.3b,Solve Unit Rate Problems
237868,130,6.RP.A.3b,Solve Unit Rate Problems
238070,130,6.RP.A.3b,Solve Unit Rate Problems
261537,130,6.RP.A.3b,Solve Unit Rate Problems
261766,130,6.RP.A.3b,Solve Unit Rate Problems
260638,130,6.RP.A.3b,Solve Unit Rate Problems
677513,130,6.RP.A.3b,Solve Unit Rate Problems
271838,130,6.RP.A.3b,Solve Unit Rate Problems
1638,130,6.RP.A.3b,Solve Unit Rate Problems
283915,130,6.RP.A.3b,Solve Unit Rate Problems
287949,130,6.RP.A.3b,Solve Unit Rate Problems
288360,130,6.RP.A.3b,Solve Unit Rate Problems
287601,130,6.RP.A.3b,Solve Unit Rate Problems
306784,130,6.RP.A.3b,Solve Unit Rate Problems
319717,130,6.RP.A.3b,Solve Unit Rate Problems
319607,130,6.RP.A.3b,Solve Unit Rate Problems
320538,130,6.RP.A.3b,Solve Unit Rate Problems
319516,130,6.RP.A.3b,Solve Unit Rate Problems
324446,130,6.RP.A.3b,Solve Unit Rate Problems
644155,130,6.RP.A.3b,Solve Unit Rate Problems
324260,130,6.RP.A.3b,Solve Unit Rate Problems
643786,130,6.RP.A.3b,Solve Unit Rate Problems
644011,130,6.RP.A.3b,Solve Unit Rate Problems
333185,130,6.RP.A.3b,Solve Unit Rate Problems
349252,130,6.RP.A.3b,Solve Unit Rate Problems
347954,130,6.RP.A.3b,Solve Unit Rate Problems
348162,130,6.RP.A.3b,Solve Unit Rate Problems
353584,130,6.RP.A.3b,Solve Unit Rate Problems
353327,130,6.RP.A.3b,Solve Unit Rate Problems
353461,130,6.RP.A.3b,Solve Unit Rate Problems
354136,130,6.RP.A.3b,Solve Unit Rate Problems
388358,130,6.RP.A.3b,Solve Unit Rate Problems
387984,130,6.RP.A.3b,Solve Unit Rate Problems
388660,130,6.RP.A.3b,Solve Unit Rate Problems
389028,130,6.RP.A.3b,Solve Unit Rate Problems
395051,130,6.RP.A.3b,Solve Unit Rate Problems
395419,130,6.RP.A.3b,Solve Unit Rate Problems
395593,130,6.RP.A.3b,Solve Unit Rate Problems
407824,130,6.RP.A.3b,Solve Unit Rate Problems
408023,130,6.RP.A.3b,Solve Unit Rate Problems
430257,130,6.RP.A.3b,Solve Unit Rate Problems
430376,130,6.RP.A.3b,Solve Unit Rate Problems
564514,130,6.RP.A.3b,Solve Unit Rate Problems
564997,130,6.RP.A.3b,Solve Unit Rate Problems
447809,130,6.RP.A.3b,Solve Unit Rate Problems
564837,130,6.RP.A.3b,Solve Unit Rate Problems
564678,130,6.RP.A.3b,Solve Unit Rate Problems
559546,130,6.RP.A.3b,Solve Unit Rate Problems
560316,130,6.RP.A.3b,Solve Unit Rate Problems
559654,130,6.RP.A.3b,Solve Unit Rate Problems
559407,130,6.RP.A.3b,Solve Unit Rate Problems
560733,130,6.RP.A.3b,Solve Unit Rate Problems
546982,130,6.RP.A.3b,Solve Unit Rate Problems
546775,130,6.RP.A.3b,Solve Unit Rate Problems
478871,130,6.RP.A.3b,Solve Unit Rate Problems
547291,130,6.RP.A.3b,Solve Unit Rate Problems
478760,130,6.RP.A.3b,Solve Unit Rate Problems
547415,130,6.RP.A.3b,Solve Unit Rate Problems
593802,131,6.RP.A.3c,Solve Problems Involving Percents
275922,131,6.RP.A.3c,Solve Problems Involving Percents
142840,131,6.RP.A.3c,Solve Problems Involving Percents
210383,131,6.RP.A.3c,Solve Problems Involving Percents
142483,131,6.RP.A.3c,Solve Problems Involving Percents
143123,131,6.RP.A.3c,Solve Problems Involving Percents
370522,131,6.RP.A.3c,Solve Problems Involving Percents
275754,131,6.RP.A.3c,Solve Problems Involving Percents
185126,131,6.RP.A.3c,Solve Problems Involving Percents
143514,131,6.RP.A.3c,Solve Problems Involving Percents
127791,131,6.RP.A.3c,Solve Problems Involving Percents
128001,131,6.RP.A.3c,Solve Problems Involving Percents
236371,131,6.RP.A.3c,Solve Problems Involving Percents
19386,131,6.RP.A.3c,Solve Problems Involving Percents
129075,131,6.RP.A.3c,Solve Problems Involving Percents
185395,131,6.RP.A.3c,Solve Problems Involving Percents
238851,131,6.RP.A.3c,Solve Problems Involving Percents
128360,131,6.RP.A.3c,Solve Problems Involving Percents
128108,131,6.RP.A.3c,Solve Problems Involving Percents
236051,131,6.RP.A.3c,Solve Problems Involving Percents
199099,131,6.RP.A.3c,Solve Problems Involving Percents
172534,131,6.RP.A.3c,Solve Problems Involving Percents
10241,131,6.RP.A.3c,Solve Problems Involving Percents
185277,131,6.RP.A.3c,Solve Problems Involving Percents
4091,131,6.RP.A.3c,Solve Problems Involving Percents
593590,131,6.RP.A.3c,Solve Problems Involving Percents
350776,131,6.RP.A.3c,Solve Problems Involving Percents
129183,131,6.RP.A.3c,Solve Problems Involving Percents
361789,131,6.RP.A.3c,Solve Problems Involving Percents
307493,131,6.RP.A.3c,Solve Problems Involving Percents
361669,131,6.RP.A.3c,Solve Problems Involving Percents
307360,131,6.RP.A.3c,Solve Problems Involving Percents
239163,131,6.RP.A.3c,Solve Problems Involving Percents
55067,131,6.RP.A.3c,Solve Problems Involving Percents
497933,131,6.RP.A.3c,Solve Problems Involving Percents
497078,131,6.RP.A.3c,Solve Problems Involving Percents
237316,131,6.RP.A.3c,Solve Problems Involving Percents
237612,131,6.RP.A.3c,Solve Problems Involving Percents
271538,131,6.RP.A.3c,Solve Problems Involving Percents
154014,131,6.RP.A.3c,Solve Problems Involving Percents
228454,131,6.RP.A.3c,Solve Problems Involving Percents
560175,131,6.RP.A.3c,Solve Problems Involving Percents
270745,131,6.RP.A.3c,Solve Problems Involving Percents
164748,131,6.RP.A.3c,Solve Problems Involving Percents
153748,131,6.RP.A.3c,Solve Problems Involving Percents
171639,131,6.RP.A.3c,Solve Problems Involving Percents
172131,131,6.RP.A.3c,Solve Problems Involving Percents
172318,131,6.RP.A.3c,Solve Problems Involving Percents
164620,131,6.RP.A.3c,Solve Problems Involving Percents
237456,131,6.RP.A.3c,Solve Problems Involving Percents
271396,131,6.RP.A.3c,Solve Problems Involving Percents
271644,131,6.RP.A.3c,Solve Problems Involving Percents
19578,131,6.RP.A.3c,Solve Problems Involving Percents
382646,131,6.RP.A.3c,Solve Problems Involving Percents
324952,131,6.RP.A.3c,Solve Problems Involving Percents
155392,131,6.RP.A.3c,Solve Problems Involving Percents
270541,131,6.RP.A.3c,Solve Problems Involving Percents
231744,131,6.RP.A.3c,Solve Problems Involving Percents
228285,131,6.RP.A.3c,Solve Problems Involving Percents
320333,131,6.RP.A.3c,Solve Problems Involving Percents
231330,131,6.RP.A.3c,Solve Problems Involving Percents
296749,131,6.RP.A.3c,Solve Problems Involving Percents
321235,131,6.RP.A.3c,Solve Problems Involving Percents
171838,131,6.RP.A.3c,Solve Problems Involving Percents
418297,131,6.RP.A.3c,Solve Problems Involving Percents
164090,131,6.RP.A.3c,Solve Problems Involving Percents
47523,131,6.RP.A.3c,Solve Problems Involving Percents
263662,131,6.RP.A.3c,Solve Problems Involving Percents
498428,131,6.RP.A.3c,Solve Problems Involving Percents
208182,131,6.RP.A.3c,Solve Problems Involving Percents
239810,131,6.RP.A.3c,Solve Problems Involving Percents
496936,131,6.RP.A.3c,Solve Problems Involving Percents
497355,131,6.RP.A.3c,Solve Problems Involving Percents
238558,131,6.RP.A.3c,Solve Problems Involving Percents
239466,131,6.RP.A.3c,Solve Problems Involving Percents
237164,131,6.RP.A.3c,Solve Problems Involving Percents
32378,131,6.RP.A.3c,Solve Problems Involving Percents
153894,131,6.RP.A.3c,Solve Problems Involving Percents
370230,131,6.RP.A.3c,Solve Problems Involving Percents
32696,131,6.RP.A.3c,Solve Problems Involving Percents
515648,131,6.RP.A.3c,Solve Problems Involving Percents
263496,131,6.RP.A.3c,Solve Problems Involving Percents
496551,131,6.RP.A.3c,Solve Problems Involving Percents
32069,131,6.RP.A.3c,Solve Problems Involving Percents
231535,131,6.RP.A.3c,Solve Problems Involving Percents
263152,131,6.RP.A.3c,Solve Problems Involving Percents
497385,131,6.RP.A.3c,Solve Problems Involving Percents
498194,131,6.RP.A.3c,Solve Problems Involving Percents
370835,131,6.RP.A.3c,Solve Problems Involving Percents
19738,131,6.RP.A.3c,Solve Problems Involving Percents
276105,131,6.RP.A.3c,Solve Problems Involving Percents
229674,131,6.RP.A.3c,Solve Problems Involving Percents
236208,131,6.RP.A.3c,Solve Problems Involving Percents
262990,131,6.RP.A.3c,Solve Problems Involving Percents
78711,131,6.RP.A.3c,Solve Problems Involving Percents
263336,131,6.RP.A.3c,Solve Problems Involving Percents
272713,131,6.RP.A.3c,Solve Problems Involving Percents
271030,131,6.RP.A.3c,Solve Problems Involving Percents
143860,131,6.RP.A.3c,Solve Problems Involving Percents
497698,131,6.RP.A.3c,Solve Problems Involving Percents
73922,131,6.RP.A.3c,Solve Problems Involving Percents
365680,131,6.RP.A.3c,Solve Problems Involving Percents
127673,131,6.RP.A.3c,Solve Problems Involving Percents
164198,131,6.RP.A.3c,Solve Problems Involving Percents
174579,131,6.RP.A.3c,Solve Problems Involving Percents
10342,131,6.RP.A.3c,Solve Problems Involving Percents
382388,131,6.RP.A.3c,Solve Problems Involving Percents
228118,131,6.RP.A.3c,Solve Problems Involving Percents
110306,132,6.RP.A.3c,Solve Problems Involving Percents
119836,132,6.RP.A.3c,Solve Problems Involving Percents
365680,132,6.RP.A.3c,Solve Problems Involving Percents
35357,132,6.RP.A.3c,Solve Problems Involving Percents
172957,132,6.RP.A.3c,Solve Problems Involving Percents
119704,132,6.RP.A.3c,Solve Problems Involving Percents
119945,132,6.RP.A.3c,Solve Problems Involving Percents
221668,132,6.RP.A.3c,Solve Problems Involving Percents
361669,132,6.RP.A.3c,Solve Problems Involving Percents
222018,132,6.RP.A.3c,Solve Problems Involving Percents
10241,132,6.RP.A.3c,Solve Problems Involving Percents
31188,132,6.RP.A.3c,Solve Problems Involving Percents
325149,132,6.RP.A.3c,Solve Problems Involving Percents
361789,132,6.RP.A.3c,Solve Problems Involving Percents
240555,132,6.RP.A.3c,Solve Problems Involving Percents
320133,132,6.RP.A.3c,Solve Problems Involving Percents
142055,132,6.RP.A.3c,Solve Problems Involving Percents
113478,132,6.RP.A.3c,Solve Problems Involving Percents
560450,132,6.RP.A.3c,Solve Problems Involving Percents
111728,132,6.RP.A.3c,Solve Problems Involving Percents
271394,132,6.RP.A.3c,Solve Problems Involving Percents
323049,132,6.RP.A.3c,Solve Problems Involving Percents
10342,132,6.RP.A.3c,Solve Problems Involving Percents
3852,132,6.RP.A.3c,Solve Problems Involving Percents
33334,132,6.RP.A.3c,Solve Problems Involving Percents
221830,132,6.RP.A.3c,Solve Problems Involving Percents
45372,132,6.RP.A.3c,Solve Problems Involving Percents
496354,132,6.RP.A.3c,Solve Problems Involving Percents
33021,132,6.RP.A.3c,Solve Problems Involving Percents
45043,132,6.RP.A.3c,Solve Problems Involving Percents
150918,133,6.RP.A.3c,Solve Problems Involving Percents
31856,133,6.RP.A.3c,Solve Problems Involving Percents
114889,133,6.RP.A.3c,Solve Problems Involving Percents
497669,133,6.RP.A.3c,Solve Problems Involving Percents
407530,133,6.RP.A.3c,Solve Problems Involving Percents
407150,133,6.RP.A.3c,Solve Problems Involving Percents
33653,133,6.RP.A.3c,Solve Problems Involving Percents
407285,133,6.RP.A.3c,Solve Problems Involving Percents
132871,133,6.RP.A.3c,Solve Problems Involving Percents
114762,133,6.RP.A.3c,Solve Problems Involving Percents
407421,133,6.RP.A.3c,Solve Problems Involving Percents
133098,133,6.RP.A.3c,Solve Problems Involving Percents
115027,133,6.RP.A.3c,Solve Problems Involving Percents
114644,133,6.RP.A.3c,Solve Problems Involving Percents
171809,134,6.RP.A.3d,Use Ratios to Convert Measurement Units
3578,134,6.RP.A.3d,Use Ratios to Convert Measurement Units
272435,134,6.RP.A.3d,Use Ratios to Convert Measurement Units
11608,134,6.RP.A.3d,Use Ratios to Convert Measurement Units
14371,134,6.RP.A.3d,Use Ratios to Convert Measurement Units
393738,134,6.RP.A.3d,Use Ratios to Convert Measurement Units
212537,134,6.RP.A.3d,Use Ratios to Convert Measurement Units
42715,134,6.RP.A.3d,Use Ratios to Convert Measurement Units
394746,134,6.RP.A.3d,Use Ratios to Convert Measurement Units
393425,134,6.RP.A.3d,Use Ratios to Convert Measurement Units
18501,134,6.RP.A.3d,Use Ratios to Convert Measurement Units
272220,134,6.RP.A.3d,Use Ratios to Convert Measurement Units
319877,134,6.RP.A.3d,Use Ratios to Convert Measurement Units
29501,134,6.RP.A.3d,Use Ratios to Convert Measurement Units
14554,134,6.RP.A.3d,Use Ratios to Convert Measurement Units
394101,134,6.RP.A.3d,Use Ratios to Convert Measurement Units
350310,134,6.RP.A.3d,Use Ratios to Convert Measurement Units
213216,134,6.RP.A.3d,Use Ratios to Convert Measurement Units
394487,134,6.RP.A.3d,Use Ratios to Convert Measurement Units
212653,134,6.RP.A.3d,Use Ratios to Convert Measurement Units
213954,134,6.RP.A.3d,Use Ratios to Convert Measurement Units
98240,134,6.RP.A.3d,Use Ratios to Convert Measurement Units
79597,134,6.RP.A.3d,Use Ratios to Convert Measurement Units
14257,134,6.RP.A.3d,Use Ratios to Convert Measurement Units
57665,134,6.RP.A.3d,Use Ratios to Convert Measurement Units
319813,134,6.RP.A.3d,Use Ratios to Convert Measurement Units
42388,134,6.RP.A.3d,Use Ratios to Convert Measurement Units
42486,134,6.RP.A.3d,Use Ratios to Convert Measurement Units
559856,134,6.RP.A.3d,Use Ratios to Convert Measurement Units
212942,134,6.RP.A.3d,Use Ratios to Convert Measurement Units
163759,135,6.NS.A.1,Interpret & Compute using Division of Fractions
20000,135,6.NS.A.1,Interpret & Compute using Division of Fractions
320253,135,6.NS.A.1,Interpret & Compute using Division of Fractions
490707,135,6.NS.A.1,Interpret & Compute using Division of Fractions
557055,135,6.NS.A.1,Interpret & Compute using Division of Fractions
320033,135,6.NS.A.1,Interpret & Compute using Division of Fractions
319914,135,6.NS.A.1,Interpret & Compute using Division of Fractions
21032,135,6.NS.A.1,Interpret & Compute using Division of Fractions
163575,135,6.NS.A.1,Interpret & Compute using Division of Fractions
517428,135,6.NS.A.1,Interpret & Compute using Division of Fractions
37956,135,6.NS.A.1,Interpret & Compute using Division of Fractions
37276,135,6.NS.A.1,Interpret & Compute using Division of Fractions
515041,135,6.NS.A.1,Interpret & Compute using Division of Fractions
201709,135,6.NS.A.1,Interpret & Compute using Division of Fractions
36501,135,6.NS.A.1,Interpret & Compute using Division of Fractions
275405,135,6.NS.A.1,Interpret & Compute using Division of Fractions
37735,135,6.NS.A.1,Interpret & Compute using Division of Fractions
288230,135,6.NS.A.1,Interpret & Compute using Division of Fractions
111092,135,6.NS.A.1,Interpret & Compute using Division of Fractions
91335,135,6.NS.A.1,Interpret & Compute using Division of Fractions
36911,135,6.NS.A.1,Interpret & Compute using Division of Fractions
277226,135,6.NS.A.1,Interpret & Compute using Division of Fractions
44687,135,6.NS.A.1,Interpret & Compute using Division of Fractions
201829,135,6.NS.A.1,Interpret & Compute using Division of Fractions
44207,135,6.NS.A.1,Interpret & Compute using Division of Fractions
275212,135,6.NS.A.1,Interpret & Compute using Division of Fractions
576579,135,6.NS.A.1,Interpret & Compute using Division of Fractions
576243,135,6.NS.A.1,Interpret & Compute using Division of Fractions
45097,135,6.NS.A.1,Interpret & Compute using Division of Fractions
350118,135,6.NS.A.1,Interpret & Compute using Division of Fractions
351102,135,6.NS.A.1,Interpret & Compute using Division of Fractions
349260,135,6.NS.A.1,Interpret & Compute using Division of Fractions
35549,135,6.NS.A.1,Interpret & Compute using Division of Fractions
201571,135,6.NS.A.1,Interpret & Compute using Division of Fractions
46664,135,6.NS.A.1,Interpret & Compute using Division of Fractions
288530,135,6.NS.A.1,Interpret & Compute using Division of Fractions
287888,135,6.NS.A.1,Interpret & Compute using Division of Fractions
349546,135,6.NS.A.1,Interpret & Compute using Division of Fractions
45479,135,6.NS.A.1,Interpret & Compute using Division of Fractions
264456,135,6.NS.A.1,Interpret & Compute using Division of Fractions
416720,135,6.NS.A.1,Interpret & Compute using Division of Fractions
263940,135,6.NS.A.1,Interpret & Compute using Division of Fractions
264639,135,6.NS.A.1,Interpret & Compute using Division of Fractions
263156,135,6.NS.A.1,Interpret & Compute using Division of Fractions
264344,135,6.NS.A.1,Interpret & Compute using Division of Fractions
264992,135,6.NS.A.1,Interpret & Compute using Division of Fractions
263570,135,6.NS.A.1,Interpret & Compute using Division of Fractions
261929,135,6.NS.A.1,Interpret & Compute using Division of Fractions
36743,135,6.NS.A.1,Interpret & Compute using Division of Fractions
262501,135,6.NS.A.1,Interpret & Compute using Division of Fractions
277396,135,6.NS.A.1,Interpret & Compute using Division of Fractions
263466,135,6.NS.A.1,Interpret & Compute using Division of Fractions
288005,135,6.NS.A.1,Interpret & Compute using Division of Fractions
35817,135,6.NS.A.1,Interpret & Compute using Division of Fractions
518589,135,6.NS.A.1,Interpret & Compute using Division of Fractions
262837,135,6.NS.A.1,Interpret & Compute using Division of Fractions
10794,135,6.NS.A.1,Interpret & Compute using Division of Fractions
263960,135,6.NS.A.1,Interpret & Compute using Division of Fractions
514446,135,6.NS.A.1,Interpret & Compute using Division of Fractions
348977,135,6.NS.A.1,Interpret & Compute using Division of Fractions
125069,135,6.NS.A.1,Interpret & Compute using Division of Fractions
36318,135,6.NS.A.1,Interpret & Compute using Division of Fractions
477073,135,6.NS.A.1,Interpret & Compute using Division of Fractions
262987,135,6.NS.A.1,Interpret & Compute using Division of Fractions
125391,135,6.NS.A.1,Interpret & Compute using Division of Fractions
417385,135,6.NS.A.1,Interpret & Compute using Division of Fractions
415185,135,6.NS.A.1,Interpret & Compute using Division of Fractions
126203,135,6.NS.A.1,Interpret & Compute using Division of Fractions
469563,135,6.NS.A.1,Interpret & Compute using Division of Fractions
522821,135,6.NS.A.1,Interpret & Compute using Division of Fractions
127330,135,6.NS.A.1,Interpret & Compute using Division of Fractions
414393,135,6.NS.A.1,Interpret & Compute using Division of Fractions
414757,135,6.NS.A.1,Interpret & Compute using Division of Fractions
131258,135,6.NS.A.1,Interpret & Compute using Division of Fractions
86400,135,6.NS.A.1,Interpret & Compute using Division of Fractions
184230,135,6.NS.A.1,Interpret & Compute using Division of Fractions
417173,135,6.NS.A.1,Interpret & Compute using Division of Fractions
416968,135,6.NS.A.1,Interpret & Compute using Division of Fractions
287627,135,6.NS.A.1,Interpret & Compute using Division of Fractions
476732,135,6.NS.A.1,Interpret & Compute using Division of Fractions
184060,135,6.NS.A.1,Interpret & Compute using Division of Fractions
587537,135,6.NS.A.1,Interpret & Compute using Division of Fractions
518845,135,6.NS.A.1,Interpret & Compute using Division of Fractions
517656,135,6.NS.A.1,Interpret & Compute using Division of Fractions
407357,135,6.NS.A.1,Interpret & Compute using Division of Fractions
132330,135,6.NS.A.1,Interpret & Compute using Division of Fractions
131386,135,6.NS.A.1,Interpret & Compute using Division of Fractions
131506,135,6.NS.A.1,Interpret & Compute using Division of Fractions
182148,135,6.NS.A.1,Interpret & Compute using Division of Fractions
183695,135,6.NS.A.1,Interpret & Compute using Division of Fractions
588744,135,6.NS.A.1,Interpret & Compute using Division of Fractions
130932,135,6.NS.A.1,Interpret & Compute using Division of Fractions
182258,135,6.NS.A.1,Interpret & Compute using Division of Fractions
81470,135,6.NS.A.1,Interpret & Compute using Division of Fractions
407929,135,6.NS.A.1,Interpret & Compute using Division of Fractions
588423,135,6.NS.A.1,Interpret & Compute using Division of Fractions
183784,135,6.NS.A.1,Interpret & Compute using Division of Fractions
183482,135,6.NS.A.1,Interpret & Compute using Division of Fractions
518730,135,6.NS.A.1,Interpret & Compute using Division of Fractions
407757,135,6.NS.A.1,Interpret & Compute using Division of Fractions
218311,135,6.NS.A.1,Interpret & Compute using Division of Fractions
218537,135,6.NS.A.1,Interpret & Compute using Division of Fractions
81228,135,6.NS.A.1,Interpret & Compute using Division of Fractions
182395,135,6.NS.A.1,Interpret & Compute using Division of Fractions
588631,135,6.NS.A.1,Interpret & Compute using Division of Fractions
518962,135,6.NS.A.1,Interpret & Compute using Division of Fractions
218191,135,6.NS.A.1,Interpret & Compute using Division of Fractions
588511,135,6.NS.A.1,Interpret & Compute using Division of Fractions
81337,135,6.NS.A.1,Interpret & Compute using Division of Fractions
521139,135,6.NS.A.1,Interpret & Compute using Division of Fractions
243534,135,6.NS.A.1,Interpret & Compute using Division of Fractions
199749,135,6.NS.A.1,Interpret & Compute using Division of Fractions
242767,135,6.NS.A.1,Interpret & Compute using Division of Fractions
243888,135,6.NS.A.1,Interpret & Compute using Division of Fractions
564260,135,6.NS.A.1,Interpret & Compute using Division of Fractions
287470,135,6.NS.A.1,Interpret & Compute using Division of Fractions
243107,135,6.NS.A.1,Interpret & Compute using Division of Fractions
563384,135,6.NS.A.1,Interpret & Compute using Division of Fractions
594494,135,6.NS.A.1,Interpret & Compute using Division of Fractions
243693,135,6.NS.A.1,Interpret & Compute using Division of Fractions
511103,135,6.NS.A.1,Interpret & Compute using Division of Fractions
77264,135,6.NS.A.1,Interpret & Compute using Division of Fractions
76458,135,6.NS.A.1,Interpret & Compute using Division of Fractions
242498,135,6.NS.A.1,Interpret & Compute using Division of Fractions
243402,135,6.NS.A.1,Interpret & Compute using Division of Fractions
242315,135,6.NS.A.1,Interpret & Compute using Division of Fractions
241877,135,6.NS.A.1,Interpret & Compute using Division of Fractions
562131,135,6.NS.A.1,Interpret & Compute using Division of Fractions
561849,135,6.NS.A.1,Interpret & Compute using Division of Fractions
76591,135,6.NS.A.1,Interpret & Compute using Division of Fractions
77616,135,6.NS.A.1,Interpret & Compute using Division of Fractions
349832,135,6.NS.A.1,Interpret & Compute using Division of Fractions
311,135,6.NS.A.1,Interpret & Compute using Division of Fractions
76716,135,6.NS.A.1,Interpret & Compute using Division of Fractions
103383,135,6.NS.A.1,Interpret & Compute using Division of Fractions
318942,135,6.NS.A.1,Interpret & Compute using Division of Fractions
21767,135,6.NS.A.1,Interpret & Compute using Division of Fractions
238362,135,6.NS.A.1,Interpret & Compute using Division of Fractions
320140,135,6.NS.A.1,Interpret & Compute using Division of Fractions
319778,135,6.NS.A.1,Interpret & Compute using Division of Fractions
20500,135,6.NS.A.1,Interpret & Compute using Division of Fractions
20916,135,6.NS.A.1,Interpret & Compute using Division of Fractions
20788,135,6.NS.A.1,Interpret & Compute using Division of Fractions
318653,135,6.NS.A.1,Interpret & Compute using Division of Fractions
319507,135,6.NS.A.1,Interpret & Compute using Division of Fractions
319658,135,6.NS.A.1,Interpret & Compute using Division of Fractions
156504,136,6.NS.B.2,Divide Multi-Digit Whole Numbers
126648,136,6.NS.B.2,Divide Multi-Digit Whole Numbers
92479,136,6.NS.B.2,Divide Multi-Digit Whole Numbers
62644,136,6.NS.B.2,Divide Multi-Digit Whole Numbers
262449,136,6.NS.B.2,Divide Multi-Digit Whole Numbers
354320,136,6.NS.B.2,Divide Multi-Digit Whole Numbers
204595,136,6.NS.B.2,Divide Multi-Digit Whole Numbers
490267,136,6.NS.B.2,Divide Multi-Digit Whole Numbers
93346,136,6.NS.B.2,Divide Multi-Digit Whole Numbers
102028,136,6.NS.B.2,Divide Multi-Digit Whole Numbers
262674,136,6.NS.B.2,Divide Multi-Digit Whole Numbers
204768,136,6.NS.B.2,Divide Multi-Digit Whole Numbers
204459,136,6.NS.B.2,Divide Multi-Digit Whole Numbers
278232,136,6.NS.B.2,Divide Multi-Digit Whole Numbers
103383,136,6.NS.B.2,Divide Multi-Digit Whole Numbers
590968,136,6.NS.B.2,Divide Multi-Digit Whole Numbers
133100,136,6.NS.B.2,Divide Multi-Digit Whole Numbers
591069,136,6.NS.B.2,Divide Multi-Digit Whole Numbers
473981,136,6.NS.B.2,Divide Multi-Digit Whole Numbers
590738,136,6.NS.B.2,Divide Multi-Digit Whole Numbers
590413,136,6.NS.B.2,Divide Multi-Digit Whole Numbers
505947,136,6.NS.B.2,Divide Multi-Digit Whole Numbers
92124,136,6.NS.B.2,Divide Multi-Digit Whole Numbers
515874,136,6.NS.B.2,Divide Multi-Digit Whole Numbers
215013,136,6.NS.B.2,Divide Multi-Digit Whole Numbers
278455,136,6.NS.B.2,Divide Multi-Digit Whole Numbers
137305,136,6.NS.B.2,Divide Multi-Digit Whole Numbers
203679,136,6.NS.B.2,Divide Multi-Digit Whole Numbers
92835,136,6.NS.B.2,Divide Multi-Digit Whole Numbers
62040,137,6.NS.B.3,"Add, Subtract, Multiply & Divide Multi-Digit Decimals"
7096,137,6.NS.B.3,"Add, Subtract, Multiply & Divide Multi-Digit Decimals"
319310,137,6.NS.B.3,"Add, Subtract, Multiply & Divide Multi-Digit Decimals"
249213,137,6.NS.B.3,"Add, Subtract, Multiply & Divide Multi-Digit Decimals"
8347,137,6.NS.B.3,"Add, Subtract, Multiply & Divide Multi-Digit Decimals"
249867,137,6.NS.B.3,"Add, Subtract, Multiply & Divide Multi-Digit Decimals"
8869,137,6.NS.B.3,"Add, Subtract, Multiply & Divide Multi-Digit Decimals"
9017,137,6.NS.B.3,"Add, Subtract, Multiply & Divide Multi-Digit Decimals"
249667,137,6.NS.B.3,"Add, Subtract, Multiply & Divide Multi-Digit Decimals"
71526,137,6.NS.B.3,"Add, Subtract, Multiply & Divide Multi-Digit Decimals"
69196,137,6.NS.B.3,"Add, Subtract, Multiply & Divide Multi-Digit Decimals"
8476,137,6.NS.B.3,"Add, Subtract, Multiply & Divide Multi-Digit Decimals"
9184,137,6.NS.B.3,"Add, Subtract, Multiply & Divide Multi-Digit Decimals"
154867,137,6.NS.B.3,"Add, Subtract, Multiply & Divide Multi-Digit Decimals"
61905,137,6.NS.B.3,"Add, Subtract, Multiply & Divide Multi-Digit Decimals"
277881,137,6.NS.B.3,"Add, Subtract, Multiply & Divide Multi-Digit Decimals"
61764,137,6.NS.B.3,"Add, Subtract, Multiply & Divide Multi-Digit Decimals"
8476,138,6.NS.B.3,"Add, Subtract, Multiply & Divide Multi-Digit Decimals"
70629,138,6.NS.B.3,"Add, Subtract, Multiply & Divide Multi-Digit Decimals"
197306,138,6.NS.B.3,"Add, Subtract, Multiply & Divide Multi-Digit Decimals"
70299,138,6.NS.B.3,"Add, Subtract, Multiply & Divide Multi-Digit Decimals"
305101,138,6.NS.B.3,"Add, Subtract, Multiply & Divide Multi-Digit Decimals"
277053,138,6.NS.B.3,"Add, Subtract, Multiply & Divide Multi-Digit Decimals"
405351,138,6.NS.B.3,"Add, Subtract, Multiply & Divide Multi-Digit Decimals"
470590,138,6.NS.B.3,"Add, Subtract, Multiply & Divide Multi-Digit Decimals"
274984,138,6.NS.B.3,"Add, Subtract, Multiply & Divide Multi-Digit Decimals"
274077,138,6.NS.B.3,"Add, Subtract, Multiply & Divide Multi-Digit Decimals"
275825,138,6.NS.B.3,"Add, Subtract, Multiply & Divide Multi-Digit Decimals"
61764,138,6.NS.B.3,"Add, Subtract, Multiply & Divide Multi-Digit Decimals"
204143,138,6.NS.B.3,"Add, Subtract, Multiply & Divide Multi-Digit Decimals"
71223,138,6.NS.B.3,"Add, Subtract, Multiply & Divide Multi-Digit Decimals"
7207,138,6.NS.B.3,"Add, Subtract, Multiply & Divide Multi-Digit Decimals"
276696,138,6.NS.B.3,"Add, Subtract, Multiply & Divide Multi-Digit Decimals"
94160,138,6.NS.B.3,"Add, Subtract, Multiply & Divide Multi-Digit Decimals"
7369,138,6.NS.B.3,"Add, Subtract, Multiply & Divide Multi-Digit Decimals"
94419,138,6.NS.B.3,"Add, Subtract, Multiply & Divide Multi-Digit Decimals"
7710,138,6.NS.B.3,"Add, Subtract, Multiply & Divide Multi-Digit Decimals"
273109,138,6.NS.B.3,"Add, Subtract, Multiply & Divide Multi-Digit Decimals"
94291,138,6.NS.B.3,"Add, Subtract, Multiply & Divide Multi-Digit Decimals"
197603,138,6.NS.B.3,"Add, Subtract, Multiply & Divide Multi-Digit Decimals"
304746,138,6.NS.B.3,"Add, Subtract, Multiply & Divide Multi-Digit Decimals"
273482,138,6.NS.B.3,"Add, Subtract, Multiply & Divide Multi-Digit Decimals"
70102,138,6.NS.B.3,"Add, Subtract, Multiply & Divide Multi-Digit Decimals"
70912,138,6.NS.B.3,"Add, Subtract, Multiply & Divide Multi-Digit Decimals"
273269,138,6.NS.B.3,"Add, Subtract, Multiply & Divide Multi-Digit Decimals"
8064,138,6.NS.B.3,"Add, Subtract, Multiply & Divide Multi-Digit Decimals"
61905,138,6.NS.B.3,"Add, Subtract, Multiply & Divide Multi-Digit Decimals"
273819,138,6.NS.B.3,"Add, Subtract, Multiply & Divide Multi-Digit Decimals"
470213,138,6.NS.B.3,"Add, Subtract, Multiply & Divide Multi-Digit Decimals"
273482,139,6.NS.B.3,"Add, Subtract, Multiply & Divide Multi-Digit Decimals"
465121,139,6.NS.B.3,"Add, Subtract, Multiply & Divide Multi-Digit Decimals"
14749,139,6.NS.B.3,"Add, Subtract, Multiply & Divide Multi-Digit Decimals"
8234,139,6.NS.B.3,"Add, Subtract, Multiply & Divide Multi-Digit Decimals"
354320,139,6.NS.B.3,"Add, Subtract, Multiply & Divide Multi-Digit Decimals"
60703,139,6.NS.B.3,"Add, Subtract, Multiply & Divide Multi-Digit Decimals"
10467,139,6.NS.B.3,"Add, Subtract, Multiply & Divide Multi-Digit Decimals"
88,139,6.NS.B.3,"Add, Subtract, Multiply & Divide Multi-Digit Decimals"
156407,139,6.NS.B.3,"Add, Subtract, Multiply & Divide Multi-Digit Decimals"
132787,139,6.NS.B.3,"Add, Subtract, Multiply & Divide Multi-Digit Decimals"
342597,139,6.NS.B.3,"Add, Subtract, Multiply & Divide Multi-Digit Decimals"
342329,139,6.NS.B.3,"Add, Subtract, Multiply & Divide Multi-Digit Decimals"
75189,139,6.NS.B.3,"Add, Subtract, Multiply & Divide Multi-Digit Decimals"
45068,139,6.NS.B.3,"Add, Subtract, Multiply & Divide Multi-Digit Decimals"
77299,139,6.NS.B.3,"Add, Subtract, Multiply & Divide Multi-Digit Decimals"
342865,139,6.NS.B.3,"Add, Subtract, Multiply & Divide Multi-Digit Decimals"
342027,139,6.NS.B.3,"Add, Subtract, Multiply & Divide Multi-Digit Decimals"
91787,139,6.NS.B.3,"Add, Subtract, Multiply & Divide Multi-Digit Decimals"
8563,139,6.NS.B.3,"Add, Subtract, Multiply & Divide Multi-Digit Decimals"
7381,139,6.NS.B.3,"Add, Subtract, Multiply & Divide Multi-Digit Decimals"
8540,139,6.NS.B.3,"Add, Subtract, Multiply & Divide Multi-Digit Decimals"
204910,139,6.NS.B.3,"Add, Subtract, Multiply & Divide Multi-Digit Decimals"
273819,139,6.NS.B.3,"Add, Subtract, Multiply & Divide Multi-Digit Decimals"
61617,139,6.NS.B.3,"Add, Subtract, Multiply & Divide Multi-Digit Decimals"
343161,139,6.NS.B.3,"Add, Subtract, Multiply & Divide Multi-Digit Decimals"
81898,139,6.NS.B.3,"Add, Subtract, Multiply & Divide Multi-Digit Decimals"
77578,139,6.NS.B.3,"Add, Subtract, Multiply & Divide Multi-Digit Decimals"
15038,139,6.NS.B.3,"Add, Subtract, Multiply & Divide Multi-Digit Decimals"
403777,139,6.NS.B.3,"Add, Subtract, Multiply & Divide Multi-Digit Decimals"
403421,139,6.NS.B.3,"Add, Subtract, Multiply & Divide Multi-Digit Decimals"
8390,139,6.NS.B.3,"Add, Subtract, Multiply & Divide Multi-Digit Decimals"
8659,139,6.NS.B.3,"Add, Subtract, Multiply & Divide Multi-Digit Decimals"
181356,139,6.NS.B.3,"Add, Subtract, Multiply & Divide Multi-Digit Decimals"
180865,139,6.NS.B.3,"Add, Subtract, Multiply & Divide Multi-Digit Decimals"
405944,139,6.NS.B.3,"Add, Subtract, Multiply & Divide Multi-Digit Decimals"
273269,139,6.NS.B.3,"Add, Subtract, Multiply & Divide Multi-Digit Decimals"
156504,139,6.NS.B.3,"Add, Subtract, Multiply & Divide Multi-Digit Decimals"
343445,139,6.NS.B.3,"Add, Subtract, Multiply & Divide Multi-Digit Decimals"
138228,139,6.NS.B.3,"Add, Subtract, Multiply & Divide Multi-Digit Decimals"
10585,139,6.NS.B.3,"Add, Subtract, Multiply & Divide Multi-Digit Decimals"
81543,139,6.NS.B.3,"Add, Subtract, Multiply & Divide Multi-Digit Decimals"
274077,139,6.NS.B.3,"Add, Subtract, Multiply & Divide Multi-Digit Decimals"
130191,139,6.NS.B.3,"Add, Subtract, Multiply & Divide Multi-Digit Decimals"
215152,139,6.NS.B.3,"Add, Subtract, Multiply & Divide Multi-Digit Decimals"
77861,139,6.NS.B.3,"Add, Subtract, Multiply & Divide Multi-Digit Decimals"
273109,139,6.NS.B.3,"Add, Subtract, Multiply & Divide Multi-Digit Decimals"
181066,139,6.NS.B.3,"Add, Subtract, Multiply & Divide Multi-Digit Decimals"
75309,139,6.NS.B.3,"Add, Subtract, Multiply & Divide Multi-Digit Decimals"
81261,139,6.NS.B.3,"Add, Subtract, Multiply & Divide Multi-Digit Decimals"
117528,140,6.NS.B.3,"Add, Subtract, Multiply & Divide Multi-Digit Decimals"
272660,140,6.NS.B.3,"Add, Subtract, Multiply & Divide Multi-Digit Decimals"
273049,140,6.NS.B.3,"Add, Subtract, Multiply & Divide Multi-Digit Decimals"
117994,140,6.NS.B.3,"Add, Subtract, Multiply & Divide Multi-Digit Decimals"
278232,140,6.NS.B.3,"Add, Subtract, Multiply & Divide Multi-Digit Decimals"
117735,140,6.NS.B.3,"Add, Subtract, Multiply & Divide Multi-Digit Decimals"
118786,140,6.NS.B.3,"Add, Subtract, Multiply & Divide Multi-Digit Decimals"
126091,140,6.NS.B.3,"Add, Subtract, Multiply & Divide Multi-Digit Decimals"
262087,140,6.NS.B.3,"Add, Subtract, Multiply & Divide Multi-Digit Decimals"
126362,140,6.NS.B.3,"Add, Subtract, Multiply & Divide Multi-Digit Decimals"
127324,140,6.NS.B.3,"Add, Subtract, Multiply & Divide Multi-Digit Decimals"
505841,140,6.NS.B.3,"Add, Subtract, Multiply & Divide Multi-Digit Decimals"
412825,140,6.NS.B.3,"Add, Subtract, Multiply & Divide Multi-Digit Decimals"
126628,140,6.NS.B.3,"Add, Subtract, Multiply & Divide Multi-Digit Decimals"
590847,140,6.NS.B.3,"Add, Subtract, Multiply & Divide Multi-Digit Decimals"
262715,140,6.NS.B.3,"Add, Subtract, Multiply & Divide Multi-Digit Decimals"
134242,140,6.NS.B.3,"Add, Subtract, Multiply & Divide Multi-Digit Decimals"
591069,140,6.NS.B.3,"Add, Subtract, Multiply & Divide Multi-Digit Decimals"
132551,140,6.NS.B.3,"Add, Subtract, Multiply & Divide Multi-Digit Decimals"
590968,140,6.NS.B.3,"Add, Subtract, Multiply & Divide Multi-Digit Decimals"
590738,140,6.NS.B.3,"Add, Subtract, Multiply & Divide Multi-Digit Decimals"
137139,140,6.NS.B.3,"Add, Subtract, Multiply & Divide Multi-Digit Decimals"
136828,140,6.NS.B.3,"Add, Subtract, Multiply & Divide Multi-Digit Decimals"
137016,140,6.NS.B.3,"Add, Subtract, Multiply & Divide Multi-Digit Decimals"
81543,140,6.NS.B.3,"Add, Subtract, Multiply & Divide Multi-Digit Decimals"
81261,140,6.NS.B.3,"Add, Subtract, Multiply & Divide Multi-Digit Decimals"
78269,140,6.NS.B.3,"Add, Subtract, Multiply & Divide Multi-Digit Decimals"
22078,140,6.NS.B.3,"Add, Subtract, Multiply & Divide Multi-Digit Decimals"
22349,140,6.NS.B.3,"Add, Subtract, Multiply & Divide Multi-Digit Decimals"
641896,140,6.NS.B.3,"Add, Subtract, Multiply & Divide Multi-Digit Decimals"
222661,140,6.NS.B.3,"Add, Subtract, Multiply & Divide Multi-Digit Decimals"
278455,140,6.NS.B.3,"Add, Subtract, Multiply & Divide Multi-Digit Decimals"
277925,140,6.NS.B.3,"Add, Subtract, Multiply & Divide Multi-Digit Decimals"
46049,140,6.NS.B.3,"Add, Subtract, Multiply & Divide Multi-Digit Decimals"
45439,140,6.NS.B.3,"Add, Subtract, Multiply & Divide Multi-Digit Decimals"
351353,140,6.NS.B.3,"Add, Subtract, Multiply & Divide Multi-Digit Decimals"
278345,140,6.NS.B.3,"Add, Subtract, Multiply & Divide Multi-Digit Decimals"
45750,140,6.NS.B.3,"Add, Subtract, Multiply & Divide Multi-Digit Decimals"
436594,141,6.NS.B.4,Find Common Factors & Multiples
436482,141,6.NS.B.4,Find Common Factors & Multiples
437180,141,6.NS.B.4,Find Common Factors & Multiples
436921,141,6.NS.B.4,Find Common Factors & Multiples
92677,141,6.NS.B.4,Find Common Factors & Multiples
436717,141,6.NS.B.4,Find Common Factors & Multiples
437042,141,6.NS.B.4,Find Common Factors & Multiples
436208,141,6.NS.B.4,Find Common Factors & Multiples
414444,141,6.NS.B.4,Find Common Factors & Multiples
92361,141,6.NS.B.4,Find Common Factors & Multiples
414639,141,6.NS.B.4,Find Common Factors & Multiples
261290,141,6.NS.B.4,Find Common Factors & Multiples
414817,141,6.NS.B.4,Find Common Factors & Multiples
90903,142,6.NS.B.4,Find Common Factors & Multiples
592258,142,6.NS.B.4,Find Common Factors & Multiples
489519,142,6.NS.B.4,Find Common Factors & Multiples
90598,142,6.NS.B.4,Find Common Factors & Multiples
238849,142,6.NS.B.4,Find Common Factors & Multiples
591850,142,6.NS.B.4,Find Common Factors & Multiples
91177,142,6.NS.B.4,Find Common Factors & Multiples
91453,142,6.NS.B.4,Find Common Factors & Multiples
489770,142,6.NS.B.4,Find Common Factors & Multiples
92518,142,6.NS.B.4,Find Common Factors & Multiples
592027,142,6.NS.B.4,Find Common Factors & Multiples
92677,142,6.NS.B.4,Find Common Factors & Multiples
355558,142,6.NS.B.4,Find Common Factors & Multiples
324197,144,6.NS.B.4,Find Common Factors & Multiples
410833,144,6.NS.B.4,Find Common Factors & Multiples
324258,144,6.NS.B.4,Find Common Factors & Multiples
49409,144,6.NS.B.4,Find Common Factors & Multiples
66602,145,6.NS.C.5,Use Positive & Negative Numbers to Represent Quantities
171657,145,6.NS.C.5,Use Positive & Negative Numbers to Represent Quantities
153519,145,6.NS.C.5,Use Positive & Negative Numbers to Represent Quantities
354803,145,6.NS.C.5,Use Positive & Negative Numbers to Represent Quantities
355654,145,6.NS.C.5,Use Positive & Negative Numbers to Represent Quantities
122792,145,6.NS.C.5,Use Positive & Negative Numbers to Represent Quantities
62772,145,6.NS.C.5,Use Positive & Negative Numbers to Represent Quantities
195577,145,6.NS.C.5,Use Positive & Negative Numbers to Represent Quantities
409535,145,6.NS.C.5,Use Positive & Negative Numbers to Represent Quantities
354353,145,6.NS.C.5,Use Positive & Negative Numbers to Represent Quantities
48097,145,6.NS.C.5,Use Positive & Negative Numbers to Represent Quantities
198077,145,6.NS.C.5,Use Positive & Negative Numbers to Represent Quantities
66748,145,6.NS.C.5,Use Positive & Negative Numbers to Represent Quantities
197878,145,6.NS.C.5,Use Positive & Negative Numbers to Represent Quantities
236452,145,6.NS.C.5,Use Positive & Negative Numbers to Represent Quantities
154138,145,6.NS.C.5,Use Positive & Negative Numbers to Represent Quantities
353939,145,6.NS.C.5,Use Positive & Negative Numbers to Represent Quantities
187169,145,6.NS.C.5,Use Positive & Negative Numbers to Represent Quantities
153861,145,6.NS.C.5,Use Positive & Negative Numbers to Represent Quantities
355221,145,6.NS.C.5,Use Positive & Negative Numbers to Represent Quantities
117788,145,6.NS.C.5,Use Positive & Negative Numbers to Represent Quantities
197626,145,6.NS.C.5,Use Positive & Negative Numbers to Represent Quantities
9624,145,6.NS.C.5,Use Positive & Negative Numbers to Represent Quantities
9946,145,6.NS.C.5,Use Positive & Negative Numbers to Represent Quantities
171270,145,6.NS.C.5,Use Positive & Negative Numbers to Represent Quantities
198319,145,6.NS.C.5,Use Positive & Negative Numbers to Represent Quantities
10141,145,6.NS.C.5,Use Positive & Negative Numbers to Represent Quantities
63725,145,6.NS.C.5,Use Positive & Negative Numbers to Represent Quantities
373578,145,6.NS.C.5,Use Positive & Negative Numbers to Represent Quantities
195392,145,6.NS.C.5,Use Positive & Negative Numbers to Represent Quantities
236567,145,6.NS.C.5,Use Positive & Negative Numbers to Represent Quantities
118176,145,6.NS.C.5,Use Positive & Negative Numbers to Represent Quantities
117977,145,6.NS.C.5,Use Positive & Negative Numbers to Represent Quantities
66472,145,6.NS.C.5,Use Positive & Negative Numbers to Represent Quantities
195675,145,6.NS.C.5,Use Positive & Negative Numbers to Represent Quantities
522388,145,6.NS.C.5,Use Positive & Negative Numbers to Represent Quantities
123053,145,6.NS.C.5,Use Positive & Negative Numbers to Represent Quantities
254122,147,6.NS.C.6a,Identify Opposites of Integers
355221,147,6.NS.C.6a,Identify Opposites of Integers
354353,147,6.NS.C.6a,Identify Opposites of Integers
353939,147,6.NS.C.6a,Identify Opposites of Integers
354803,147,6.NS.C.6a,Identify Opposites of Integers
39966,147,6.NS.C.6a,Identify Opposites of Integers
64016,149,6.NS.C.6c,Plot Integers Points on a Number Line & Coordinate Planes
385260,149,6.NS.C.6c,Plot Integers Points on a Number Line & Coordinate Planes
19594,149,6.NS.C.6c,Plot Integers Points on a Number Line & Coordinate Planes
63205,149,6.NS.C.6c,Plot Integers Points on a Number Line & Coordinate Planes
63054,149,6.NS.C.6c,Plot Integers Points on a Number Line & Coordinate Planes
406337,149,6.NS.C.6c,Plot Integers Points on a Number Line & Coordinate Planes
5125,149,6.NS.C.6c,Plot Integers Points on a Number Line & Coordinate Planes
32363,149,6.NS.C.6c,Plot Integers Points on a Number Line & Coordinate Planes
49246,149,6.NS.C.6c,Plot Integers Points on a Number Line & Coordinate Planes
356879,149,6.NS.C.6c,Plot Integers Points on a Number Line & Coordinate Planes
32600,149,6.NS.C.6c,Plot Integers Points on a Number Line & Coordinate Planes
337576,149,6.NS.C.6c,Plot Integers Points on a Number Line & Coordinate Planes
202997,149,6.NS.C.6c,Plot Integers Points on a Number Line & Coordinate Planes
69186,149,6.NS.C.6c,Plot Integers Points on a Number Line & Coordinate Planes
86693,151,6.NS.C.7a,Interpret & Compare Integers Using a Number Line
28640,151,6.NS.C.7a,Interpret & Compare Integers Using a Number Line
427265,151,6.NS.C.7a,Interpret & Compare Integers Using a Number Line
457584,151,6.NS.C.7a,Interpret & Compare Integers Using a Number Line
426918,151,6.NS.C.7a,Interpret & Compare Integers Using a Number Line
5429,151,6.NS.C.7a,Interpret & Compare Integers Using a Number Line
191727,151,6.NS.C.7a,Interpret & Compare Integers Using a Number Line
457920,151,6.NS.C.7a,Interpret & Compare Integers Using a Number Line
426185,151,6.NS.C.7a,Interpret & Compare Integers Using a Number Line
426543,151,6.NS.C.7a,Interpret & Compare Integers Using a Number Line
20763,151,6.NS.C.7a,Interpret & Compare Integers Using a Number Line
522597,151,6.NS.C.7a,Interpret & Compare Integers Using a Number Line
428161,151,6.NS.C.7a,Interpret & Compare Integers Using a Number Line
205980,151,6.NS.C.7a,Interpret & Compare Integers Using a Number Line
371766,151,6.NS.C.7a,Interpret & Compare Integers Using a Number Line
6476,151,6.NS.C.7a,Interpret & Compare Integers Using a Number Line
356660,151,6.NS.C.7a,Interpret & Compare Integers Using a Number Line
5669,152,6.NS.C.7b,Interpret & Compare Rational Numbers in Real-World Contexts
518807,152,6.NS.C.7b,Interpret & Compare Rational Numbers in Real-World Contexts
254509,152,6.NS.C.7b,Interpret & Compare Rational Numbers in Real-World Contexts
236733,152,6.NS.C.7b,Interpret & Compare Rational Numbers in Real-World Contexts
218498,152,6.NS.C.7b,Interpret & Compare Rational Numbers in Real-World Contexts
48097,152,6.NS.C.7b,Interpret & Compare Rational Numbers in Real-World Contexts
518347,152,6.NS.C.7b,Interpret & Compare Rational Numbers in Real-World Contexts
518599,152,6.NS.C.7b,Interpret & Compare Rational Numbers in Real-World Contexts
409535,152,6.NS.C.7b,Interpret & Compare Rational Numbers in Real-World Contexts
522597,152,6.NS.C.7b,Interpret & Compare Rational Numbers in Real-World Contexts
135943,153,6.NS.C.7c,Understand & Interpret Absolute Value
49529,153,6.NS.C.7c,Understand & Interpret Absolute Value
356457,153,6.NS.C.7c,Understand & Interpret Absolute Value
136203,153,6.NS.C.7c,Understand & Interpret Absolute Value
458234,153,6.NS.C.7c,Understand & Interpret Absolute Value
458552,153,6.NS.C.7c,Understand & Interpret Absolute Value
6158,153,6.NS.C.7c,Understand & Interpret Absolute Value
254509,154,6.NS.C.7d,Understand & Interpret Absolute Value in Real-World Contexts
6346,154,6.NS.C.7d,Understand & Interpret Absolute Value in Real-World Contexts
17938,155,6.NS.C.8,Solve Real-World Problems by Graphing on a Coordinate Plane
1910,155,6.NS.C.8,Solve Real-World Problems by Graphing on a Coordinate Plane
3724,155,6.NS.C.8,Solve Real-World Problems by Graphing on a Coordinate Plane
430244,155,6.NS.C.8,Solve Real-World Problems by Graphing on a Coordinate Plane
132573,155,6.NS.C.8,Solve Real-World Problems by Graphing on a Coordinate Plane
324288,155,6.NS.C.8,Solve Real-World Problems by Graphing on a Coordinate Plane
486785,155,6.NS.C.8,Solve Real-World Problems by Graphing on a Coordinate Plane
17631,155,6.NS.C.8,Solve Real-World Problems by Graphing on a Coordinate Plane
17786,155,6.NS.C.8,Solve Real-World Problems by Graphing on a Coordinate Plane
19594,155,6.NS.C.8,Solve Real-World Problems by Graphing on a Coordinate Plane
137129,155,6.NS.C.8,Solve Real-World Problems by Graphing on a Coordinate Plane
238060,155,6.NS.C.8,Solve Real-World Problems by Graphing on a Coordinate Plane
523482,155,6.NS.C.8,Solve Real-World Problems by Graphing on a Coordinate Plane
3634,155,6.NS.C.8,Solve Real-World Problems by Graphing on a Coordinate Plane
503178,156,6.EE.A.1,Write & Evaluate Numerical Expressions with Exponents
198552,156,6.EE.A.1,Write & Evaluate Numerical Expressions with Exponents
247781,156,6.EE.A.1,Write & Evaluate Numerical Expressions with Exponents
198429,156,6.EE.A.1,Write & Evaluate Numerical Expressions with Exponents
348715,156,6.EE.A.1,Write & Evaluate Numerical Expressions with Exponents
350322,156,6.EE.A.1,Write & Evaluate Numerical Expressions with Exponents
46539,156,6.EE.A.1,Write & Evaluate Numerical Expressions with Exponents
348833,156,6.EE.A.1,Write & Evaluate Numerical Expressions with Exponents
46924,156,6.EE.A.1,Write & Evaluate Numerical Expressions with Exponents
435477,156,6.EE.A.1,Write & Evaluate Numerical Expressions with Exponents
97579,156,6.EE.A.1,Write & Evaluate Numerical Expressions with Exponents
44696,156,6.EE.A.1,Write & Evaluate Numerical Expressions with Exponents
46683,156,6.EE.A.1,Write & Evaluate Numerical Expressions with Exponents
350462,156,6.EE.A.1,Write & Evaluate Numerical Expressions with Exponents
46425,156,6.EE.A.1,Write & Evaluate Numerical Expressions with Exponents
46285,156,6.EE.A.1,Write & Evaluate Numerical Expressions with Exponents
46811,156,6.EE.A.1,Write & Evaluate Numerical Expressions with Exponents
48302,156,6.EE.A.1,Write & Evaluate Numerical Expressions with Exponents
337576,156,6.EE.A.1,Write & Evaluate Numerical Expressions with Exponents
48123,156,6.EE.A.1,Write & Evaluate Numerical Expressions with Exponents
427314,156,6.EE.A.1,Write & Evaluate Numerical Expressions with Exponents
425797,156,6.EE.A.1,Write & Evaluate Numerical Expressions with Exponents
427433,156,6.EE.A.1,Write & Evaluate Numerical Expressions with Exponents
425926,156,6.EE.A.1,Write & Evaluate Numerical Expressions with Exponents
89104,156,6.EE.A.1,Write & Evaluate Numerical Expressions with Exponents
296064,156,6.EE.A.1,Write & Evaluate Numerical Expressions with Exponents
557307,156,6.EE.A.1,Write & Evaluate Numerical Expressions with Exponents
59107,156,6.EE.A.1,Write & Evaluate Numerical Expressions with Exponents
295642,156,6.EE.A.1,Write & Evaluate Numerical Expressions with Exponents
58258,156,6.EE.A.1,Write & Evaluate Numerical Expressions with Exponents
221748,156,6.EE.A.1,Write & Evaluate Numerical Expressions with Exponents
119400,156,6.EE.A.1,Write & Evaluate Numerical Expressions with Exponents
295883,156,6.EE.A.1,Write & Evaluate Numerical Expressions with Exponents
297160,156,6.EE.A.1,Write & Evaluate Numerical Expressions with Exponents
88806,156,6.EE.A.1,Write & Evaluate Numerical Expressions with Exponents
558716,156,6.EE.A.1,Write & Evaluate Numerical Expressions with Exponents
89321,156,6.EE.A.1,Write & Evaluate Numerical Expressions with Exponents
506037,156,6.EE.A.1,Write & Evaluate Numerical Expressions with Exponents
373136,156,6.EE.A.1,Write & Evaluate Numerical Expressions with Exponents
557481,156,6.EE.A.1,Write & Evaluate Numerical Expressions with Exponents
86962,156,6.EE.A.1,Write & Evaluate Numerical Expressions with Exponents
297477,156,6.EE.A.1,Write & Evaluate Numerical Expressions with Exponents
86722,156,6.EE.A.1,Write & Evaluate Numerical Expressions with Exponents
85308,156,6.EE.A.1,Write & Evaluate Numerical Expressions with Exponents
84944,156,6.EE.A.1,Write & Evaluate Numerical Expressions with Exponents
20908,156,6.EE.A.1,Write & Evaluate Numerical Expressions with Exponents
128141,156,6.EE.A.1,Write & Evaluate Numerical Expressions with Exponents
87135,156,6.EE.A.1,Write & Evaluate Numerical Expressions with Exponents
21399,156,6.EE.A.1,Write & Evaluate Numerical Expressions with Exponents
228008,156,6.EE.A.1,Write & Evaluate Numerical Expressions with Exponents
228402,156,6.EE.A.1,Write & Evaluate Numerical Expressions with Exponents
228808,156,6.EE.A.1,Write & Evaluate Numerical Expressions with Exponents
128547,156,6.EE.A.1,Write & Evaluate Numerical Expressions with Exponents
128322,156,6.EE.A.1,Write & Evaluate Numerical Expressions with Exponents
230550,156,6.EE.A.1,Write & Evaluate Numerical Expressions with Exponents
229909,156,6.EE.A.1,Write & Evaluate Numerical Expressions with Exponents
21258,156,6.EE.A.1,Write & Evaluate Numerical Expressions with Exponents
231607,156,6.EE.A.1,Write & Evaluate Numerical Expressions with Exponents
229517,156,6.EE.A.1,Write & Evaluate Numerical Expressions with Exponents
230244,156,6.EE.A.1,Write & Evaluate Numerical Expressions with Exponents
229183,156,6.EE.A.1,Write & Evaluate Numerical Expressions with Exponents
21076,156,6.EE.A.1,Write & Evaluate Numerical Expressions with Exponents
156590,156,6.EE.A.1,Write & Evaluate Numerical Expressions with Exponents
503038,156,6.EE.A.1,Write & Evaluate Numerical Expressions with Exponents
133477,156,6.EE.A.1,Write & Evaluate Numerical Expressions with Exponents
404191,156,6.EE.A.1,Write & Evaluate Numerical Expressions with Exponents
404451,156,6.EE.A.1,Write & Evaluate Numerical Expressions with Exponents
21595,156,6.EE.A.1,Write & Evaluate Numerical Expressions with Exponents
404343,156,6.EE.A.1,Write & Evaluate Numerical Expressions with Exponents
307185,156,6.EE.A.1,Write & Evaluate Numerical Expressions with Exponents
501827,156,6.EE.A.1,Write & Evaluate Numerical Expressions with Exponents
83709,156,6.EE.A.1,Write & Evaluate Numerical Expressions with Exponents
141384,156,6.EE.A.1,Write & Evaluate Numerical Expressions with Exponents
247608,156,6.EE.A.1,Write & Evaluate Numerical Expressions with Exponents
501955,156,6.EE.A.1,Write & Evaluate Numerical Expressions with Exponents
247357,156,6.EE.A.1,Write & Evaluate Numerical Expressions with Exponents
46101,158,6.EE.A.2a,Write Expressions with Numbers & Variables
605052,158,6.EE.A.2a,Write Expressions with Numbers & Variables
47649,158,6.EE.A.2a,Write Expressions with Numbers & Variables
189985,158,6.EE.A.2a,Write Expressions with Numbers & Variables
604967,158,6.EE.A.2a,Write Expressions with Numbers & Variables
668776,158,6.EE.A.2a,Write Expressions with Numbers & Variables
367186,158,6.EE.A.2a,Write Expressions with Numbers & Variables
19255,158,6.EE.A.2a,Write Expressions with Numbers & Variables
426116,159,6.EE.A.2b,Identify Parts of an Expression
349167,159,6.EE.A.2b,Identify Parts of an Expression
349044,159,6.EE.A.2b,Identify Parts of an Expression
426220,159,6.EE.A.2b,Identify Parts of an Expression
605052,159,6.EE.A.2b,Identify Parts of an Expression
604967,159,6.EE.A.2b,Identify Parts of an Expression
207,160,6.EE.A.2c,Evaluate Expression in Real-World Context
425926,160,6.EE.A.2c,Evaluate Expression in Real-World Context
668776,160,6.EE.A.2c,Evaluate Expression in Real-World Context
312,160,6.EE.A.2c,Evaluate Expression in Real-World Context
93,160,6.EE.A.2c,Evaluate Expression in Real-World Context
348833,160,6.EE.A.2c,Evaluate Expression in Real-World Context
604967,160,6.EE.A.2c,Evaluate Expression in Real-World Context
425797,160,6.EE.A.2c,Evaluate Expression in Real-World Context
348715,160,6.EE.A.2c,Evaluate Expression in Real-World Context
605052,160,6.EE.A.2c,Evaluate Expression in Real-World Context
372951,161,6.EE.A.2c,Evaluate Expression in Real-World Context
372761,161,6.EE.A.2c,Evaluate Expression in Real-World Context
46711,161,6.EE.A.2c,Evaluate Expression in Real-World Context
373740,161,6.EE.A.2c,Evaluate Expression in Real-World Context
46527,161,6.EE.A.2c,Evaluate Expression in Real-World Context
47109,161,6.EE.A.2c,Evaluate Expression in Real-World Context
373537,161,6.EE.A.2c,Evaluate Expression in Real-World Context
47479,161,6.EE.A.2c,Evaluate Expression in Real-World Context
373325,161,6.EE.A.2c,Evaluate Expression in Real-World Context
46909,161,6.EE.A.2c,Evaluate Expression in Real-World Context
47289,161,6.EE.A.2c,Evaluate Expression in Real-World Context
46338,161,6.EE.A.2c,Evaluate Expression in Real-World Context
53138,162,6.EE.A.3,Generate Equivalent Expressions using Properties of Operations
94031,162,6.EE.A.3,Generate Equivalent Expressions using Properties of Operations
33992,162,6.EE.A.3,Generate Equivalent Expressions using Properties of Operations
56749,162,6.EE.A.3,Generate Equivalent Expressions using Properties of Operations
110609,162,6.EE.A.3,Generate Equivalent Expressions using Properties of Operations
349044,162,6.EE.A.3,Generate Equivalent Expressions using Properties of Operations
35877,162,6.EE.A.3,Generate Equivalent Expressions using Properties of Operations
538288,162,6.EE.A.3,Generate Equivalent Expressions using Properties of Operations
93868,162,6.EE.A.3,Generate Equivalent Expressions using Properties of Operations
195291,162,6.EE.A.3,Generate Equivalent Expressions using Properties of Operations
367311,162,6.EE.A.3,Generate Equivalent Expressions using Properties of Operations
6876,162,6.EE.A.3,Generate Equivalent Expressions using Properties of Operations
94199,162,6.EE.A.3,Generate Equivalent Expressions using Properties of Operations
349167,162,6.EE.A.3,Generate Equivalent Expressions using Properties of Operations
298817,162,6.EE.A.3,Generate Equivalent Expressions using Properties of Operations
35781,162,6.EE.A.3,Generate Equivalent Expressions using Properties of Operations
350591,162,6.EE.A.3,Generate Equivalent Expressions using Properties of Operations
69182,162,6.EE.A.3,Generate Equivalent Expressions using Properties of Operations
498737,162,6.EE.A.3,Generate Equivalent Expressions using Properties of Operations
426220,162,6.EE.A.3,Generate Equivalent Expressions using Properties of Operations
426116,162,6.EE.A.3,Generate Equivalent Expressions using Properties of Operations
113030,162,6.EE.A.3,Generate Equivalent Expressions using Properties of Operations
189623,162,6.EE.A.3,Generate Equivalent Expressions using Properties of Operations
186704,162,6.EE.A.3,Generate Equivalent Expressions using Properties of Operations
52890,162,6.EE.A.3,Generate Equivalent Expressions using Properties of Operations
184709,162,6.EE.A.3,Generate Equivalent Expressions using Properties of Operations
427575,163,6.EE.A.4,Identify Equivalent Expressions
70516,163,6.EE.A.4,Identify Equivalent Expressions
189763,163,6.EE.A.4,Identify Equivalent Expressions
609697,163,6.EE.A.4,Identify Equivalent Expressions
350591,163,6.EE.A.4,Identify Equivalent Expressions
270175,163,6.EE.A.4,Identify Equivalent Expressions
362327,163,6.EE.A.4,Identify Equivalent Expressions
35632,163,6.EE.A.4,Identify Equivalent Expressions
84110,163,6.EE.A.4,Identify Equivalent Expressions
270010,163,6.EE.A.4,Identify Equivalent Expressions
56749,163,6.EE.A.4,Identify Equivalent Expressions
367311,163,6.EE.A.4,Identify Equivalent Expressions
84517,163,6.EE.A.4,Identify Equivalent Expressions
21566,163,6.EE.A.4,Identify Equivalent Expressions
296344,163,6.EE.A.4,Identify Equivalent Expressions
541977,163,6.EE.A.4,Identify Equivalent Expressions
50267,164,6.EE.B.5,Solve 1-Step Equations & Inequalities Using Substitution
194547,164,6.EE.B.5,Solve 1-Step Equations & Inequalities Using Substitution
510935,164,6.EE.B.5,Solve 1-Step Equations & Inequalities Using Substitution
361147,164,6.EE.B.5,Solve 1-Step Equations & Inequalities Using Substitution
121352,164,6.EE.B.5,Solve 1-Step Equations & Inequalities Using Substitution
50865,164,6.EE.B.5,Solve 1-Step Equations & Inequalities Using Substitution
50477,164,6.EE.B.5,Solve 1-Step Equations & Inequalities Using Substitution
112678,164,6.EE.B.5,Solve 1-Step Equations & Inequalities Using Substitution
56477,164,6.EE.B.5,Solve 1-Step Equations & Inequalities Using Substitution
112511,164,6.EE.B.5,Solve 1-Step Equations & Inequalities Using Substitution
130824,164,6.EE.B.5,Solve 1-Step Equations & Inequalities Using Substitution
367058,164,6.EE.B.5,Solve 1-Step Equations & Inequalities Using Substitution
112350,164,6.EE.B.5,Solve 1-Step Equations & Inequalities Using Substitution
360938,164,6.EE.B.5,Solve 1-Step Equations & Inequalities Using Substitution
293965,164,6.EE.B.5,Solve 1-Step Equations & Inequalities Using Substitution
50674,164,6.EE.B.5,Solve 1-Step Equations & Inequalities Using Substitution
195193,164,6.EE.B.5,Solve 1-Step Equations & Inequalities Using Substitution
113676,164,6.EE.B.5,Solve 1-Step Equations & Inequalities Using Substitution
109056,164,6.EE.B.5,Solve 1-Step Equations & Inequalities Using Substitution
50042,164,6.EE.B.5,Solve 1-Step Equations & Inequalities Using Substitution
361805,164,6.EE.B.5,Solve 1-Step Equations & Inequalities Using Substitution
293491,164,6.EE.B.5,Solve 1-Step Equations & Inequalities Using Substitution
179454,164,6.EE.B.5,Solve 1-Step Equations & Inequalities Using Substitution
361341,164,6.EE.B.5,Solve 1-Step Equations & Inequalities Using Substitution
109501,164,6.EE.B.5,Solve 1-Step Equations & Inequalities Using Substitution
361546,164,6.EE.B.5,Solve 1-Step Equations & Inequalities Using Substitution
130584,164,6.EE.B.5,Solve 1-Step Equations & Inequalities Using Substitution
109387,164,6.EE.B.5,Solve 1-Step Equations & Inequalities Using Substitution
109628,164,6.EE.B.5,Solve 1-Step Equations & Inequalities Using Substitution
244242,165,6.EE.B.6,Write Expressions with Variables to Solve Problems
187657,165,6.EE.B.6,Write Expressions with Variables to Solve Problems
406364,165,6.EE.B.6,Write Expressions with Variables to Solve Problems
406161,165,6.EE.B.6,Write Expressions with Variables to Solve Problems
55944,165,6.EE.B.6,Write Expressions with Variables to Solve Problems
406962,165,6.EE.B.6,Write Expressions with Variables to Solve Problems
54562,165,6.EE.B.6,Write Expressions with Variables to Solve Problems
677527,165,6.EE.B.6,Write Expressions with Variables to Solve Problems
123623,165,6.EE.B.6,Write Expressions with Variables to Solve Problems
54441,165,6.EE.B.6,Write Expressions with Variables to Solve Problems
556824,165,6.EE.B.6,Write Expressions with Variables to Solve Problems
366543,165,6.EE.B.6,Write Expressions with Variables to Solve Problems
187859,165,6.EE.B.6,Write Expressions with Variables to Solve Problems
19761,165,6.EE.B.6,Write Expressions with Variables to Solve Problems
19879,165,6.EE.B.6,Write Expressions with Variables to Solve Problems
365152,165,6.EE.B.6,Write Expressions with Variables to Solve Problems
78941,165,6.EE.B.6,Write Expressions with Variables to Solve Problems
15120,165,6.EE.B.6,Write Expressions with Variables to Solve Problems
198406,165,6.EE.B.6,Write Expressions with Variables to Solve Problems
15569,165,6.EE.B.6,Write Expressions with Variables to Solve Problems
407575,165,6.EE.B.6,Write Expressions with Variables to Solve Problems
364872,165,6.EE.B.6,Write Expressions with Variables to Solve Problems
406771,165,6.EE.B.6,Write Expressions with Variables to Solve Problems
206088,165,6.EE.B.6,Write Expressions with Variables to Solve Problems
407444,165,6.EE.B.6,Write Expressions with Variables to Solve Problems
155072,165,6.EE.B.6,Write Expressions with Variables to Solve Problems
206599,165,6.EE.B.6,Write Expressions with Variables to Solve Problems
406643,165,6.EE.B.6,Write Expressions with Variables to Solve Problems
15414,165,6.EE.B.6,Write Expressions with Variables to Solve Problems
407163,165,6.EE.B.6,Write Expressions with Variables to Solve Problems
198693,165,6.EE.B.6,Write Expressions with Variables to Solve Problems
80072,165,6.EE.B.6,Write Expressions with Variables to Solve Problems
198805,165,6.EE.B.6,Write Expressions with Variables to Solve Problems
229303,165,6.EE.B.6,Write Expressions with Variables to Solve Problems
155237,165,6.EE.B.6,Write Expressions with Variables to Solve Problems
229143,165,6.EE.B.6,Write Expressions with Variables to Solve Problems
677544,165,6.EE.B.6,Write Expressions with Variables to Solve Problems
15269,165,6.EE.B.6,Write Expressions with Variables to Solve Problems
677536,165,6.EE.B.6,Write Expressions with Variables to Solve Problems
87743,165,6.EE.B.6,Write Expressions with Variables to Solve Problems
54317,165,6.EE.B.6,Write Expressions with Variables to Solve Problems
207052,165,6.EE.B.6,Write Expressions with Variables to Solve Problems
54666,165,6.EE.B.6,Write Expressions with Variables to Solve Problems
365306,165,6.EE.B.6,Write Expressions with Variables to Solve Problems
228800,165,6.EE.B.6,Write Expressions with Variables to Solve Problems
198295,165,6.EE.B.6,Write Expressions with Variables to Solve Problems
365017,165,6.EE.B.6,Write Expressions with Variables to Solve Problems
228973,165,6.EE.B.6,Write Expressions with Variables to Solve Problems
292292,166,6.EE.B.7,Write & Solve 1-Step Equations
197182,166,6.EE.B.7,Write & Solve 1-Step Equations
74581,166,6.EE.B.7,Write & Solve 1-Step Equations
196505,166,6.EE.B.7,Write & Solve 1-Step Equations
292175,166,6.EE.B.7,Write & Solve 1-Step Equations
179341,166,6.EE.B.7,Write & Solve 1-Step Equations
407444,166,6.EE.B.7,Write & Solve 1-Step Equations
61779,166,6.EE.B.7,Write & Solve 1-Step Equations
198295,166,6.EE.B.7,Write & Solve 1-Step Equations
367186,166,6.EE.B.7,Write & Solve 1-Step Equations
298057,166,6.EE.B.7,Write & Solve 1-Step Equations
110852,166,6.EE.B.7,Write & Solve 1-Step Equations
298258,166,6.EE.B.7,Write & Solve 1-Step Equations
407163,166,6.EE.B.7,Write & Solve 1-Step Equations
223118,166,6.EE.B.7,Write & Solve 1-Step Equations
74258,166,6.EE.B.7,Write & Solve 1-Step Equations
178686,166,6.EE.B.7,Write & Solve 1-Step Equations
406643,166,6.EE.B.7,Write & Solve 1-Step Equations
366764,166,6.EE.B.7,Write & Solve 1-Step Equations
74416,166,6.EE.B.7,Write & Solve 1-Step Equations
298444,166,6.EE.B.7,Write & Solve 1-Step Equations
54317,166,6.EE.B.7,Write & Solve 1-Step Equations
406161,166,6.EE.B.7,Write & Solve 1-Step Equations
406364,166,6.EE.B.7,Write & Solve 1-Step Equations
179089,166,6.EE.B.7,Write & Solve 1-Step Equations
366543,166,6.EE.B.7,Write & Solve 1-Step Equations
122576,166,6.EE.B.7,Write & Solve 1-Step Equations
196111,166,6.EE.B.7,Write & Solve 1-Step Equations
74735,166,6.EE.B.7,Write & Solve 1-Step Equations
54666,166,6.EE.B.7,Write & Solve 1-Step Equations
54562,166,6.EE.B.7,Write & Solve 1-Step Equations
365017,166,6.EE.B.7,Write & Solve 1-Step Equations
178835,166,6.EE.B.7,Write & Solve 1-Step Equations
122450,166,6.EE.B.7,Write & Solve 1-Step Equations
142047,166,6.EE.B.7,Write & Solve 1-Step Equations
179212,166,6.EE.B.7,Write & Solve 1-Step Equations
222789,166,6.EE.B.7,Write & Solve 1-Step Equations
365152,166,6.EE.B.7,Write & Solve 1-Step Equations
56163,166,6.EE.B.7,Write & Solve 1-Step Equations
206901,166,6.EE.B.7,Write & Solve 1-Step Equations
196907,166,6.EE.B.7,Write & Solve 1-Step Equations
206730,166,6.EE.B.7,Write & Solve 1-Step Equations
406771,166,6.EE.B.7,Write & Solve 1-Step Equations
350665,166,6.EE.B.7,Write & Solve 1-Step Equations
198805,166,6.EE.B.7,Write & Solve 1-Step Equations
56614,166,6.EE.B.7,Write & Solve 1-Step Equations
64813,166,6.EE.B.7,Write & Solve 1-Step Equations
407575,166,6.EE.B.7,Write & Solve 1-Step Equations
61624,166,6.EE.B.7,Write & Solve 1-Step Equations
55067,166,6.EE.B.7,Write & Solve 1-Step Equations
64410,166,6.EE.B.7,Write & Solve 1-Step Equations
64605,166,6.EE.B.7,Write & Solve 1-Step Equations
47917,166,6.EE.B.7,Write & Solve 1-Step Equations
64054,166,6.EE.B.7,Write & Solve 1-Step Equations
223323,166,6.EE.B.7,Write & Solve 1-Step Equations
606133,166,6.EE.B.7,Write & Solve 1-Step Equations
178963,166,6.EE.B.7,Write & Solve 1-Step Equations
48838,166,6.EE.B.7,Write & Solve 1-Step Equations
141837,166,6.EE.B.7,Write & Solve 1-Step Equations
64237,166,6.EE.B.7,Write & Solve 1-Step Equations
406962,166,6.EE.B.7,Write & Solve 1-Step Equations
198693,166,6.EE.B.7,Write & Solve 1-Step Equations
198406,166,6.EE.B.7,Write & Solve 1-Step Equations
73717,166,6.EE.B.7,Write & Solve 1-Step Equations
73585,166,6.EE.B.7,Write & Solve 1-Step Equations
73287,166,6.EE.B.7,Write & Solve 1-Step Equations
178406,166,6.EE.B.7,Write & Solve 1-Step Equations
122331,166,6.EE.B.7,Write & Solve 1-Step Equations
223535,166,6.EE.B.7,Write & Solve 1-Step Equations
178546,166,6.EE.B.7,Write & Solve 1-Step Equations
73275,166,6.EE.B.7,Write & Solve 1-Step Equations
222907,166,6.EE.B.7,Write & Solve 1-Step Equations
73395,166,6.EE.B.7,Write & Solve 1-Step Equations
364872,166,6.EE.B.7,Write & Solve 1-Step Equations
54441,166,6.EE.B.7,Write & Solve 1-Step Equations
365306,166,6.EE.B.7,Write & Solve 1-Step Equations
444018,166,6.EE.B.7,Write & Solve 1-Step Equations
298615,166,6.EE.B.7,Write & Solve 1-Step Equations
159146,167,6.EE.B.8,Write Simple Inequalities to Represent a Condition
362112,167,6.EE.B.8,Write Simple Inequalities to Represent a Condition
62003,167,6.EE.B.8,Write Simple Inequalities to Represent a Condition
227043,167,6.EE.B.8,Write Simple Inequalities to Represent a Condition
262820,167,6.EE.B.8,Write Simple Inequalities to Represent a Condition
227828,167,6.EE.B.8,Write Simple Inequalities to Represent a Condition
410688,167,6.EE.B.8,Write Simple Inequalities to Represent a Condition
177985,167,6.EE.B.8,Write Simple Inequalities to Represent a Condition
175861,167,6.EE.B.8,Write Simple Inequalities to Represent a Condition
228072,167,6.EE.B.8,Write Simple Inequalities to Represent a Condition
2951,167,6.EE.B.8,Write Simple Inequalities to Represent a Condition
159292,167,6.EE.B.8,Write Simple Inequalities to Represent a Condition
175247,167,6.EE.B.8,Write Simple Inequalities to Represent a Condition
3858,167,6.EE.B.8,Write Simple Inequalities to Represent a Condition
227553,167,6.EE.B.8,Write Simple Inequalities to Represent a Condition
228382,167,6.EE.B.8,Write Simple Inequalities to Represent a Condition
43771,168,6.EE.C.9,Write & Analyze Relationships Between Dependent & Independent Variables
44015,168,6.EE.C.9,Write & Analyze Relationships Between Dependent & Independent Variables
63146,168,6.EE.C.9,Write & Analyze Relationships Between Dependent & Independent Variables
68783,168,6.EE.C.9,Write & Analyze Relationships Between Dependent & Independent Variables
68963,168,6.EE.C.9,Write & Analyze Relationships Between Dependent & Independent Variables
20430,168,6.EE.C.9,Write & Analyze Relationships Between Dependent & Independent Variables
18187,168,6.EE.C.9,Write & Analyze Relationships Between Dependent & Independent Variables
18301,168,6.EE.C.9,Write & Analyze Relationships Between Dependent & Independent Variables
19984,168,6.EE.C.9,Write & Analyze Relationships Between Dependent & Independent Variables
426461,168,6.EE.C.9,Write & Analyze Relationships Between Dependent & Independent Variables
96224,168,6.EE.C.9,Write & Analyze Relationships Between Dependent & Independent Variables
426575,168,6.EE.C.9,Write & Analyze Relationships Between Dependent & Independent Variables
96079,168,6.EE.C.9,Write & Analyze Relationships Between Dependent & Independent Variables
68783,169,6.EE.C.9,Write & Analyze Relationships Between Dependent & Independent Variables
349368,169,6.EE.C.9,Write & Analyze Relationships Between Dependent & Independent Variables
105867,169,6.EE.C.9,Write & Analyze Relationships Between Dependent & Independent Variables
349505,169,6.EE.C.9,Write & Analyze Relationships Between Dependent & Independent Variables
68963,169,6.EE.C.9,Write & Analyze Relationships Between Dependent & Independent Variables
60015,169,6.EE.C.9,Write & Analyze Relationships Between Dependent & Independent Variables
63340,169,6.EE.C.9,Write & Analyze Relationships Between Dependent & Independent Variables
276338,170,6.G.A.1,"Find the Area of Triangles, Quadrilaterals & Polygons"
24929,170,6.G.A.1,"Find the Area of Triangles, Quadrilaterals & Polygons"
503274,170,6.G.A.1,"Find the Area of Triangles, Quadrilaterals & Polygons"
150868,170,6.G.A.1,"Find the Area of Triangles, Quadrilaterals & Polygons"
501827,170,6.G.A.1,"Find the Area of Triangles, Quadrilaterals & Polygons"
150514,170,6.G.A.1,"Find the Area of Triangles, Quadrilaterals & Polygons"
383037,170,6.G.A.1,"Find the Area of Triangles, Quadrilaterals & Polygons"
227577,170,6.G.A.1,"Find the Area of Triangles, Quadrilaterals & Polygons"
372037,170,6.G.A.1,"Find the Area of Triangles, Quadrilaterals & Polygons"
145962,170,6.G.A.1,"Find the Area of Triangles, Quadrilaterals & Polygons"
383334,170,6.G.A.1,"Find the Area of Triangles, Quadrilaterals & Polygons"
149451,170,6.G.A.1,"Find the Area of Triangles, Quadrilaterals & Polygons"
403617,170,6.G.A.1,"Find the Area of Triangles, Quadrilaterals & Polygons"
501955,170,6.G.A.1,"Find the Area of Triangles, Quadrilaterals & Polygons"
173259,170,6.G.A.1,"Find the Area of Triangles, Quadrilaterals & Polygons"
89233,170,6.G.A.1,"Find the Area of Triangles, Quadrilaterals & Polygons"
37379,170,6.G.A.1,"Find the Area of Triangles, Quadrilaterals & Polygons"
47557,170,6.G.A.1,"Find the Area of Triangles, Quadrilaterals & Polygons"
444018,170,6.G.A.1,"Find the Area of Triangles, Quadrilaterals & Polygons"
276196,170,6.G.A.1,"Find the Area of Triangles, Quadrilaterals & Polygons"
287214,170,6.G.A.1,"Find the Area of Triangles, Quadrilaterals & Polygons"
276480,170,6.G.A.1,"Find the Area of Triangles, Quadrilaterals & Polygons"
24639,170,6.G.A.1,"Find the Area of Triangles, Quadrilaterals & Polygons"
383524,170,6.G.A.1,"Find the Area of Triangles, Quadrilaterals & Polygons"
273241,170,6.G.A.1,"Find the Area of Triangles, Quadrilaterals & Polygons"
88316,170,6.G.A.1,"Find the Area of Triangles, Quadrilaterals & Polygons"
346945,170,6.G.A.1,"Find the Area of Triangles, Quadrilaterals & Polygons"
266614,170,6.G.A.1,"Find the Area of Triangles, Quadrilaterals & Polygons"
276040,170,6.G.A.1,"Find the Area of Triangles, Quadrilaterals & Polygons"
149829,170,6.G.A.1,"Find the Area of Triangles, Quadrilaterals & Polygons"
10047,170,6.G.A.1,"Find the Area of Triangles, Quadrilaterals & Polygons"
89569,170,6.G.A.1,"Find the Area of Triangles, Quadrilaterals & Polygons"
26348,170,6.G.A.1,"Find the Area of Triangles, Quadrilaterals & Polygons"
390139,170,6.G.A.1,"Find the Area of Triangles, Quadrilaterals & Polygons"
54527,170,6.G.A.1,"Find the Area of Triangles, Quadrilaterals & Polygons"
150161,170,6.G.A.1,"Find the Area of Triangles, Quadrilaterals & Polygons"
336859,170,6.G.A.1,"Find the Area of Triangles, Quadrilaterals & Polygons"
557307,171,6.G.A.1,"Find the Area of Triangles, Quadrilaterals & Polygons"
383961,171,6.G.A.1,"Find the Area of Triangles, Quadrilaterals & Polygons"
503799,171,6.G.A.1,"Find the Area of Triangles, Quadrilaterals & Polygons"
383708,171,6.G.A.1,"Find the Area of Triangles, Quadrilaterals & Polygons"
375982,171,6.G.A.1,"Find the Area of Triangles, Quadrilaterals & Polygons"
347199,171,6.G.A.1,"Find the Area of Triangles, Quadrilaterals & Polygons"
10364,171,6.G.A.1,"Find the Area of Triangles, Quadrilaterals & Polygons"
10254,171,6.G.A.1,"Find the Area of Triangles, Quadrilaterals & Polygons"
97230,171,6.G.A.1,"Find the Area of Triangles, Quadrilaterals & Polygons"
88950,171,6.G.A.1,"Find the Area of Triangles, Quadrilaterals & Polygons"
504115,171,6.G.A.1,"Find the Area of Triangles, Quadrilaterals & Polygons"
42515,171,6.G.A.1,"Find the Area of Triangles, Quadrilaterals & Polygons"
565173,171,6.G.A.1,"Find the Area of Triangles, Quadrilaterals & Polygons"
503653,171,6.G.A.1,"Find the Area of Triangles, Quadrilaterals & Polygons"
201855,171,6.G.A.1,"Find the Area of Triangles, Quadrilaterals & Polygons"
25226,171,6.G.A.1,"Find the Area of Triangles, Quadrilaterals & Polygons"
557481,171,6.G.A.1,"Find the Area of Triangles, Quadrilaterals & Polygons"
375655,171,6.G.A.1,"Find the Area of Triangles, Quadrilaterals & Polygons"
42671,171,6.G.A.1,"Find the Area of Triangles, Quadrilaterals & Polygons"
433197,171,6.G.A.1,"Find the Area of Triangles, Quadrilaterals & Polygons"
566156,171,6.G.A.1,"Find the Area of Triangles, Quadrilaterals & Polygons"
24293,171,6.G.A.1,"Find the Area of Triangles, Quadrilaterals & Polygons"
42913,171,6.G.A.1,"Find the Area of Triangles, Quadrilaterals & Polygons"
503982,171,6.G.A.1,"Find the Area of Triangles, Quadrilaterals & Polygons"
668776,171,6.G.A.1,"Find the Area of Triangles, Quadrilaterals & Polygons"
42371,171,6.G.A.1,"Find the Area of Triangles, Quadrilaterals & Polygons"
43170,171,6.G.A.1,"Find the Area of Triangles, Quadrilaterals & Polygons"
14144,171,6.G.A.1,"Find the Area of Triangles, Quadrilaterals & Polygons"
565046,171,6.G.A.1,"Find the Area of Triangles, Quadrilaterals & Polygons"
97111,171,6.G.A.1,"Find the Area of Triangles, Quadrilaterals & Polygons"
55428,171,6.G.A.1,"Find the Area of Triangles, Quadrilaterals & Polygons"
336859,171,6.G.A.1,"Find the Area of Triangles, Quadrilaterals & Polygons"
242072,172,6.G.A.1,"Find the Area of Triangles, Quadrilaterals & Polygons"
1630,172,6.G.A.1,"Find the Area of Triangles, Quadrilaterals & Polygons"
41185,172,6.G.A.1,"Find the Area of Triangles, Quadrilaterals & Polygons"
41469,172,6.G.A.1,"Find the Area of Triangles, Quadrilaterals & Polygons"
12774,172,6.G.A.1,"Find the Area of Triangles, Quadrilaterals & Polygons"
418012,173,6.G.A.1,"Find the Area of Triangles, Quadrilaterals & Polygons"
176469,173,6.G.A.1,"Find the Area of Triangles, Quadrilaterals & Polygons"
306997,173,6.G.A.1,"Find the Area of Triangles, Quadrilaterals & Polygons"
242640,173,6.G.A.1,"Find the Area of Triangles, Quadrilaterals & Polygons"
668703,173,6.G.A.1,"Find the Area of Triangles, Quadrilaterals & Polygons"
77648,173,6.G.A.1,"Find the Area of Triangles, Quadrilaterals & Polygons"
286560,173,6.G.A.1,"Find the Area of Triangles, Quadrilaterals & Polygons"
577430,173,6.G.A.1,"Find the Area of Triangles, Quadrilaterals & Polygons"
138605,173,6.G.A.1,"Find the Area of Triangles, Quadrilaterals & Polygons"
337992,173,6.G.A.1,"Find the Area of Triangles, Quadrilaterals & Polygons"
577269,173,6.G.A.1,"Find the Area of Triangles, Quadrilaterals & Polygons"
383830,173,6.G.A.1,"Find the Area of Triangles, Quadrilaterals & Polygons"
421017,173,6.G.A.1,"Find the Area of Triangles, Quadrilaterals & Polygons"
185261,173,6.G.A.1,"Find the Area of Triangles, Quadrilaterals & Polygons"
272768,173,6.G.A.1,"Find the Area of Triangles, Quadrilaterals & Polygons"
185386,173,6.G.A.1,"Find the Area of Triangles, Quadrilaterals & Polygons"
286898,173,6.G.A.1,"Find the Area of Triangles, Quadrilaterals & Polygons"
420787,173,6.G.A.1,"Find the Area of Triangles, Quadrilaterals & Polygons"
605478,173,6.G.A.1,"Find the Area of Triangles, Quadrilaterals & Polygons"
253000,173,6.G.A.1,"Find the Area of Triangles, Quadrilaterals & Polygons"
323410,173,6.G.A.1,"Find the Area of Triangles, Quadrilaterals & Polygons"
230682,173,6.G.A.1,"Find the Area of Triangles, Quadrilaterals & Polygons"
323128,173,6.G.A.1,"Find the Area of Triangles, Quadrilaterals & Polygons"
323266,173,6.G.A.1,"Find the Area of Triangles, Quadrilaterals & Polygons"
264860,173,6.G.A.1,"Find the Area of Triangles, Quadrilaterals & Polygons"
323003,173,6.G.A.1,"Find the Area of Triangles, Quadrilaterals & Polygons"
55302,173,6.G.A.1,"Find the Area of Triangles, Quadrilaterals & Polygons"
286192,173,6.G.A.1,"Find the Area of Triangles, Quadrilaterals & Polygons"
166613,173,6.G.A.1,"Find the Area of Triangles, Quadrilaterals & Polygons"
418178,173,6.G.A.1,"Find the Area of Triangles, Quadrilaterals & Polygons"
222283,173,6.G.A.1,"Find the Area of Triangles, Quadrilaterals & Polygons"
323746,173,6.G.A.1,"Find the Area of Triangles, Quadrilaterals & Polygons"
419590,173,6.G.A.1,"Find the Area of Triangles, Quadrilaterals & Polygons"
375305,173,6.G.A.1,"Find the Area of Triangles, Quadrilaterals & Polygons"
375493,173,6.G.A.1,"Find the Area of Triangles, Quadrilaterals & Polygons"
175939,173,6.G.A.1,"Find the Area of Triangles, Quadrilaterals & Polygons"
176215,173,6.G.A.1,"Find the Area of Triangles, Quadrilaterals & Polygons"
417861,173,6.G.A.1,"Find the Area of Triangles, Quadrilaterals & Polygons"
256912,174,6.G.A.2,Find the Volume of Rectangular Prisms with Fractional Sides
79361,174,6.G.A.2,Find the Volume of Rectangular Prisms with Fractional Sides
21181,174,6.G.A.2,Find the Volume of Rectangular Prisms with Fractional Sides
151049,174,6.G.A.2,Find the Volume of Rectangular Prisms with Fractional Sides
115417,174,6.G.A.2,Find the Volume of Rectangular Prisms with Fractional Sides
20286,174,6.G.A.2,Find the Volume of Rectangular Prisms with Fractional Sides
115789,174,6.G.A.2,Find the Volume of Rectangular Prisms with Fractional Sides
278648,174,6.G.A.2,Find the Volume of Rectangular Prisms with Fractional Sides
115025,174,6.G.A.2,Find the Volume of Rectangular Prisms with Fractional Sides
166007,174,6.G.A.2,Find the Volume of Rectangular Prisms with Fractional Sides
87339,174,6.G.A.2,Find the Volume of Rectangular Prisms with Fractional Sides
165863,174,6.G.A.2,Find the Volume of Rectangular Prisms with Fractional Sides
1468,174,6.G.A.2,Find the Volume of Rectangular Prisms with Fractional Sides
320405,174,6.G.A.2,Find the Volume of Rectangular Prisms with Fractional Sides
87535,174,6.G.A.2,Find the Volume of Rectangular Prisms with Fractional Sides
319193,174,6.G.A.2,Find the Volume of Rectangular Prisms with Fractional Sides
176751,174,6.G.A.2,Find the Volume of Rectangular Prisms with Fractional Sides
177695,174,6.G.A.2,Find the Volume of Rectangular Prisms with Fractional Sides
20500,174,6.G.A.2,Find the Volume of Rectangular Prisms with Fractional Sides
150895,174,6.G.A.2,Find the Volume of Rectangular Prisms with Fractional Sides
503038,174,6.G.A.2,Find the Volume of Rectangular Prisms with Fractional Sides
579223,174,6.G.A.2,Find the Volume of Rectangular Prisms with Fractional Sides
278504,174,6.G.A.2,Find the Volume of Rectangular Prisms with Fractional Sides
176895,174,6.G.A.2,Find the Volume of Rectangular Prisms with Fractional Sides
115625,174,6.G.A.2,Find the Volume of Rectangular Prisms with Fractional Sides
256677,174,6.G.A.2,Find the Volume of Rectangular Prisms with Fractional Sides
115150,174,6.G.A.2,Find the Volume of Rectangular Prisms with Fractional Sides
60349,174,6.G.A.2,Find the Volume of Rectangular Prisms with Fractional Sides
318942,174,6.G.A.2,Find the Volume of Rectangular Prisms with Fractional Sides
167762,174,6.G.A.2,Find the Volume of Rectangular Prisms with Fractional Sides
316168,175,6.G.A.3,Use Coordinates on a Graph to Create Polygons & Find Side Lengths
316462,175,6.G.A.3,Use Coordinates on a Graph to Create Polygons & Find Side Lengths
138605,175,6.G.A.3,Use Coordinates on a Graph to Create Polygons & Find Side Lengths
337475,175,6.G.A.3,Use Coordinates on a Graph to Create Polygons & Find Side Lengths
37999,175,6.G.A.3,Use Coordinates on a Graph to Create Polygons & Find Side Lengths
137129,175,6.G.A.3,Use Coordinates on a Graph to Create Polygons & Find Side Lengths
502795,176,6.G.A.4,Represent 3D Figures Using Nets to Find Surface Area
78121,176,6.G.A.4,Represent 3D Figures Using Nets to Find Surface Area
250066,176,6.G.A.4,Represent 3D Figures Using Nets to Find Surface Area
558559,176,6.G.A.4,Represent 3D Figures Using Nets to Find Surface Area
249682,176,6.G.A.4,Represent 3D Figures Using Nets to Find Surface Area
382659,176,6.G.A.4,Represent 3D Figures Using Nets to Find Surface Area
382382,176,6.G.A.4,Represent 3D Figures Using Nets to Find Surface Area
382737,176,6.G.A.4,Represent 3D Figures Using Nets to Find Surface Area
382485,176,6.G.A.4,Represent 3D Figures Using Nets to Find Surface Area
226695,176,6.G.A.4,Represent 3D Figures Using Nets to Find Surface Area
226302,176,6.G.A.4,Represent 3D Figures Using Nets to Find Surface Area
115417,176,6.G.A.4,Represent 3D Figures Using Nets to Find Surface Area
115789,176,6.G.A.4,Represent 3D Figures Using Nets to Find Surface Area
115025,176,6.G.A.4,Represent 3D Figures Using Nets to Find Surface Area
475896,176,6.G.A.4,Represent 3D Figures Using Nets to Find Surface Area
115625,176,6.G.A.4,Represent 3D Figures Using Nets to Find Surface Area
47990,176,6.G.A.4,Represent 3D Figures Using Nets to Find Surface Area
115150,176,6.G.A.4,Represent 3D Figures Using Nets to Find Surface Area
36768,176,6.G.A.4,Represent 3D Figures Using Nets to Find Surface Area
144713,176,6.G.A.4,Represent 3D Figures Using Nets to Find Surface Area
137690,177,6.SP.A.1,Recognize Statistical Questions Account for Variablility
198387,177,6.SP.A.1,Recognize Statistical Questions Account for Variablility
199131,177,6.SP.A.1,Recognize Statistical Questions Account for Variablility
199218,177,6.SP.A.1,Recognize Statistical Questions Account for Variablility
94609,177,6.SP.A.1,Recognize Statistical Questions Account for Variablility
198852,177,6.SP.A.1,Recognize Statistical Questions Account for Variablility
262608,177,6.SP.A.1,Recognize Statistical Questions Account for Variablility
362897,177,6.SP.A.1,Recognize Statistical Questions Account for Variablility
43132,177,6.SP.A.1,Recognize Statistical Questions Account for Variablility
44782,178,6.SP.A.2,Understand Properties of Distribution with (or for) Data
57280,178,6.SP.A.2,Understand Properties of Distribution with (or for) Data
21754,178,6.SP.A.2,Understand Properties of Distribution with (or for) Data
21866,178,6.SP.A.2,Understand Properties of Distribution with (or for) Data
57030,178,6.SP.A.2,Understand Properties of Distribution with (or for) Data
181770,179,6.SP.A.3,Recognize Properties of Measure of Center with Variation
528780,179,6.SP.A.3,Recognize Properties of Measure of Center with Variation
256621,179,6.SP.A.3,Recognize Properties of Measure of Center with Variation
64548,179,6.SP.A.3,Recognize Properties of Measure of Center with Variation
520423,179,6.SP.A.3,Recognize Properties of Measure of Center with Variation
256519,179,6.SP.A.3,Recognize Properties of Measure of Center with Variation
181647,179,6.SP.A.3,Recognize Properties of Measure of Center with Variation
65288,181,6.SP.B.4,"Display Numerical Data Using Dot Plots, Histograms & Box Plots"
258280,181,6.SP.B.4,"Display Numerical Data Using Dot Plots, Histograms & Box Plots"
183259,181,6.SP.B.4,"Display Numerical Data Using Dot Plots, Histograms & Box Plots"
529063,181,6.SP.B.4,"Display Numerical Data Using Dot Plots, Histograms & Box Plots"
591536,181,6.SP.B.4,"Display Numerical Data Using Dot Plots, Histograms & Box Plots"
80061,181,6.SP.B.4,"Display Numerical Data Using Dot Plots, Histograms & Box Plots"
193572,181,6.SP.B.4,"Display Numerical Data Using Dot Plots, Histograms & Box Plots"
55325,181,6.SP.B.4,"Display Numerical Data Using Dot Plots, Histograms & Box Plots"
6843,183,6.SP.B.4,"Display Numerical Data Using Dot Plots, Histograms & Box Plots"
65434,183,6.SP.B.4,"Display Numerical Data Using Dot Plots, Histograms & Box Plots"
591536,183,6.SP.B.4,"Display Numerical Data Using Dot Plots, Histograms & Box Plots"
158855,183,6.SP.B.4,"Display Numerical Data Using Dot Plots, Histograms & Box Plots"
158316,183,6.SP.B.4,"Display Numerical Data Using Dot Plots, Histograms & Box Plots"
158585,183,6.SP.B.4,"Display Numerical Data Using Dot Plots, Histograms & Box Plots"
6560,183,6.SP.B.4,"Display Numerical Data Using Dot Plots, Histograms & Box Plots"
206643,183,6.SP.B.4,"Display Numerical Data Using Dot Plots, Histograms & Box Plots"
193572,183,6.SP.B.4,"Display Numerical Data Using Dot Plots, Histograms & Box Plots"
206824,183,6.SP.B.4,"Display Numerical Data Using Dot Plots, Histograms & Box Plots"
103242,186,6.SP.B.5a,Report the Number of Observations in a Data Set
136119,187,6.SP.B.5b,Describe the Attributes of a Data Set
136895,187,6.SP.B.5b,Describe the Attributes of a Data Set
200269,187,6.SP.B.5b,Describe the Attributes of a Data Set
339343,187,6.SP.B.5b,Describe the Attributes of a Data Set
102850,187,6.SP.B.5b,Describe the Attributes of a Data Set
137297,187,6.SP.B.5b,Describe the Attributes of a Data Set
136547,187,6.SP.B.5b,Describe the Attributes of a Data Set
258280,188,6.SP.B.5c,Give & Describe Quantitative Measures of Center & Variability
256519,188,6.SP.B.5c,Give & Describe Quantitative Measures of Center & Variability
351005,188,6.SP.B.5c,Give & Describe Quantitative Measures of Center & Variability
201945,188,6.SP.B.5c,Give & Describe Quantitative Measures of Center & Variability
202431,188,6.SP.B.5c,Give & Describe Quantitative Measures of Center & Variability
202762,188,6.SP.B.5c,Give & Describe Quantitative Measures of Center & Variability
350745,188,6.SP.B.5c,Give & Describe Quantitative Measures of Center & Variability
350634,188,6.SP.B.5c,Give & Describe Quantitative Measures of Center & Variability
193337,188,6.SP.B.5c,Give & Describe Quantitative Measures of Center & Variability
350537,188,6.SP.B.5c,Give & Describe Quantitative Measures of Center & Variability
361422,188,6.SP.B.5c,Give & Describe Quantitative Measures of Center & Variability
361179,188,6.SP.B.5c,Give & Describe Quantitative Measures of Center & Variability
361989,188,6.SP.B.5c,Give & Describe Quantitative Measures of Center & Variability
363244,188,6.SP.B.5c,Give & Describe Quantitative Measures of Center & Variability
181770,188,6.SP.B.5c,Give & Describe Quantitative Measures of Center & Variability
591238,188,6.SP.B.5c,Give & Describe Quantitative Measures of Center & Variability
79667,188,6.SP.B.5c,Give & Describe Quantitative Measures of Center & Variability
46358,188,6.SP.B.5c,Give & Describe Quantitative Measures of Center & Variability
46235,188,6.SP.B.5c,Give & Describe Quantitative Measures of Center & Variability
46015,188,6.SP.B.5c,Give & Describe Quantitative Measures of Center & Variability
46116,188,6.SP.B.5c,Give & Describe Quantitative Measures of Center & Variability
45665,188,6.SP.B.5c,Give & Describe Quantitative Measures of Center & Variability
45802,188,6.SP.B.5c,Give & Describe Quantitative Measures of Center & Variability
528780,188,6.SP.B.5c,Give & Describe Quantitative Measures of Center & Variability
529581,188,6.SP.B.5c,Give & Describe Quantitative Measures of Center & Variability
529857,188,6.SP.B.5c,Give & Describe Quantitative Measures of Center & Variability
529063,188,6.SP.B.5c,Give & Describe Quantitative Measures of Center & Variability
529389,189,6.SP.B.5c,Give & Describe Quantitative Measures of Center & Variability
182704,189,6.SP.B.5c,Give & Describe Quantitative Measures of Center & Variability
99939,189,6.SP.B.5c,Give & Describe Quantitative Measures of Center & Variability
5236,189,6.SP.B.5c,Give & Describe Quantitative Measures of Center & Variability
182285,189,6.SP.B.5c,Give & Describe Quantitative Measures of Center & Variability
252396,189,6.SP.B.5c,Give & Describe Quantitative Measures of Center & Variability
529857,189,6.SP.B.5c,Give & Describe Quantitative Measures of Center & Variability
88478,189,6.SP.B.5c,Give & Describe Quantitative Measures of Center & Variability
253594,189,6.SP.B.5c,Give & Describe Quantitative Measures of Center & Variability
6735,189,6.SP.B.5c,Give & Describe Quantitative Measures of Center & Variability
99247,189,6.SP.B.5c,Give & Describe Quantitative Measures of Center & Variability
183259,189,6.SP.B.5c,Give & Describe Quantitative Measures of Center & Variability
274025,189,6.SP.B.5c,Give & Describe Quantitative Measures of Center & Variability
256621,189,6.SP.B.5c,Give & Describe Quantitative Measures of Center & Variability
188655,189,6.SP.B.5c,Give & Describe Quantitative Measures of Center & Variability
252066,189,6.SP.B.5c,Give & Describe Quantitative Measures of Center & Variability
193691,189,6.SP.B.5c,Give & Describe Quantitative Measures of Center & Variability
6006,189,6.SP.B.5c,Give & Describe Quantitative Measures of Center & Variability
591659,189,6.SP.B.5c,Give & Describe Quantitative Measures of Center & Variability
99606,189,6.SP.B.5c,Give & Describe Quantitative Measures of Center & Variability
202276,189,6.SP.B.5c,Give & Describe Quantitative Measures of Center & Variability
202762,189,6.SP.B.5c,Give & Describe Quantitative Measures of Center & Variability
288503,189,6.SP.B.5c,Give & Describe Quantitative Measures of Center & Variability
519985,189,6.SP.B.5c,Give & Describe Quantitative Measures of Center & Variability
202762,190,6.SP.B.5c,Give & Describe Quantitative Measures of Center & Variability
529857,190,6.SP.B.5c,Give & Describe Quantitative Measures of Center & Variability
528652,190,6.SP.B.5c,Give & Describe Quantitative Measures of Center & Variability
182285,190,6.SP.B.5c,Give & Describe Quantitative Measures of Center & Variability
181647,190,6.SP.B.5c,Give & Describe Quantitative Measures of Center & Variability
289171,190,6.SP.B.5c,Give & Describe Quantitative Measures of Center & Variability
182483,190,6.SP.B.5c,Give & Describe Quantitative Measures of Center & Variability
252499,190,6.SP.B.5c,Give & Describe Quantitative Measures of Center & Variability
253922,190,6.SP.B.5c,Give & Describe Quantitative Measures of Center & Variability
183259,190,6.SP.B.5c,Give & Describe Quantitative Measures of Center & Variability
288926,190,6.SP.B.5c,Give & Describe Quantitative Measures of Center & Variability
528780,191,6.SP.B.5c,Give & Describe Quantitative Measures of Center & Variability
6560,191,6.SP.B.5c,Give & Describe Quantitative Measures of Center & Variability
7682,191,6.SP.B.5c,Give & Describe Quantitative Measures of Center & Variability
6843,191,6.SP.B.5c,Give & Describe Quantitative Measures of Center & Variability
7018,191,6.SP.B.5c,Give & Describe Quantitative Measures of Center & Variability
7452,191,6.SP.B.5c,Give & Describe Quantitative Measures of Center & Variability
7254,191,6.SP.B.5c,Give & Describe Quantitative Measures of Center & Variability
334286,192,6.SP.B.5d,Relate Measures of Center & Variablity to Distribution of Data
182704,192,6.SP.B.5d,Relate Measures of Center & Variablity to Distribution of Data
182483,192,6.SP.B.5d,Relate Measures of Center & Variablity to Distribution of Data
182285,192,6.SP.B.5d,Relate Measures of Center & Variablity to Distribution of Data
382565,193,7.RP.A.1,Compute Unit Rates with Fractions
303033,193,7.RP.A.1,Compute Unit Rates with Fractions
559523,193,7.RP.A.1,Compute Unit Rates with Fractions
382916,193,7.RP.A.1,Compute Unit Rates with Fractions
75212,193,7.RP.A.1,Compute Unit Rates with Fractions
409731,193,7.RP.A.1,Compute Unit Rates with Fractions
558351,193,7.RP.A.1,Compute Unit Rates with Fractions
558648,193,7.RP.A.1,Compute Unit Rates with Fractions
302809,193,7.RP.A.1,Compute Unit Rates with Fractions
221711,193,7.RP.A.1,Compute Unit Rates with Fractions
222861,193,7.RP.A.1,Compute Unit Rates with Fractions
559181,193,7.RP.A.1,Compute Unit Rates with Fractions
42365,193,7.RP.A.1,Compute Unit Rates with Fractions
221573,193,7.RP.A.1,Compute Unit Rates with Fractions
501551,193,7.RP.A.1,Compute Unit Rates with Fractions
558904,193,7.RP.A.1,Compute Unit Rates with Fractions
56172,194,7.RP.A.2a,Identify Proportional Relationships
56590,194,7.RP.A.2a,Identify Proportional Relationships
184732,194,7.RP.A.2a,Identify Proportional Relationships
552378,194,7.RP.A.2a,Identify Proportional Relationships
48435,194,7.RP.A.2a,Identify Proportional Relationships
19558,194,7.RP.A.2a,Identify Proportional Relationships
221711,194,7.RP.A.2a,Identify Proportional Relationships
122274,194,7.RP.A.2a,Identify Proportional Relationships
123317,194,7.RP.A.2a,Identify Proportional Relationships
221573,194,7.RP.A.2a,Identify Proportional Relationships
26568,194,7.RP.A.2a,Identify Proportional Relationships
263683,194,7.RP.A.2a,Identify Proportional Relationships
584015,194,7.RP.A.2a,Identify Proportional Relationships
584326,194,7.RP.A.2a,Identify Proportional Relationships
584537,194,7.RP.A.2a,Identify Proportional Relationships
121533,194,7.RP.A.2a,Identify Proportional Relationships
86074,194,7.RP.A.2a,Identify Proportional Relationships
278886,194,7.RP.A.2a,Identify Proportional Relationships
123500,194,7.RP.A.2a,Identify Proportional Relationships
85726,194,7.RP.A.2a,Identify Proportional Relationships
123973,194,7.RP.A.2a,Identify Proportional Relationships
106336,194,7.RP.A.2a,Identify Proportional Relationships
123722,194,7.RP.A.2a,Identify Proportional Relationships
24737,194,7.RP.A.2a,Identify Proportional Relationships
584429,194,7.RP.A.2a,Identify Proportional Relationships
9419,194,7.RP.A.2a,Identify Proportional Relationships
9673,194,7.RP.A.2a,Identify Proportional Relationships
408662,194,7.RP.A.2a,Identify Proportional Relationships
103020,194,7.RP.A.2a,Identify Proportional Relationships
225175,194,7.RP.A.2a,Identify Proportional Relationships
131274,194,7.RP.A.2a,Identify Proportional Relationships
409242,194,7.RP.A.2a,Identify Proportional Relationships
259215,194,7.RP.A.2a,Identify Proportional Relationships
263438,194,7.RP.A.2a,Identify Proportional Relationships
259069,194,7.RP.A.2a,Identify Proportional Relationships
135345,194,7.RP.A.2a,Identify Proportional Relationships
135491,194,7.RP.A.2a,Identify Proportional Relationships
135638,194,7.RP.A.2a,Identify Proportional Relationships
136814,194,7.RP.A.2a,Identify Proportional Relationships
135233,194,7.RP.A.2a,Identify Proportional Relationships
135753,194,7.RP.A.2a,Identify Proportional Relationships
135875,194,7.RP.A.2a,Identify Proportional Relationships
136282,194,7.RP.A.2a,Identify Proportional Relationships
225359,194,7.RP.A.2a,Identify Proportional Relationships
136020,194,7.RP.A.2a,Identify Proportional Relationships
36971,194,7.RP.A.2a,Identify Proportional Relationships
136496,194,7.RP.A.2a,Identify Proportional Relationships
259356,194,7.RP.A.2a,Identify Proportional Relationships
327867,194,7.RP.A.2a,Identify Proportional Relationships
136146,194,7.RP.A.2a,Identify Proportional Relationships
100712,194,7.RP.A.2a,Identify Proportional Relationships
34746,194,7.RP.A.2a,Identify Proportional Relationships
109969,194,7.RP.A.2a,Identify Proportional Relationships
24963,194,7.RP.A.2a,Identify Proportional Relationships
110096,194,7.RP.A.2a,Identify Proportional Relationships
36440,194,7.RP.A.2a,Identify Proportional Relationships
144928,194,7.RP.A.2a,Identify Proportional Relationships
595744,194,7.RP.A.2a,Identify Proportional Relationships
144794,194,7.RP.A.2a,Identify Proportional Relationships
147904,194,7.RP.A.2a,Identify Proportional Relationships
9567,194,7.RP.A.2a,Identify Proportional Relationships
303033,194,7.RP.A.2a,Identify Proportional Relationships
24484,194,7.RP.A.2a,Identify Proportional Relationships
148013,194,7.RP.A.2a,Identify Proportional Relationships
152397,194,7.RP.A.2a,Identify Proportional Relationships
302809,194,7.RP.A.2a,Identify Proportional Relationships
35010,194,7.RP.A.2a,Identify Proportional Relationships
36700,194,7.RP.A.2a,Identify Proportional Relationships
1089,194,7.RP.A.2a,Identify Proportional Relationships
22967,194,7.RP.A.2a,Identify Proportional Relationships
109845,194,7.RP.A.2a,Identify Proportional Relationships
37662,194,7.RP.A.2a,Identify Proportional Relationships
561011,194,7.RP.A.2a,Identify Proportional Relationships
511978,194,7.RP.A.2a,Identify Proportional Relationships
37332,194,7.RP.A.2a,Identify Proportional Relationships
308662,194,7.RP.A.2a,Identify Proportional Relationships
343125,194,7.RP.A.2a,Identify Proportional Relationships
343609,194,7.RP.A.2a,Identify Proportional Relationships
392468,194,7.RP.A.2a,Identify Proportional Relationships
36149,194,7.RP.A.2a,Identify Proportional Relationships
156721,194,7.RP.A.2a,Identify Proportional Relationships
42014,194,7.RP.A.2a,Identify Proportional Relationships
100983,194,7.RP.A.2a,Identify Proportional Relationships
13937,194,7.RP.A.2a,Identify Proportional Relationships
225864,194,7.RP.A.2a,Identify Proportional Relationships
343945,194,7.RP.A.2a,Identify Proportional Relationships
98864,194,7.RP.A.2a,Identify Proportional Relationships
101254,194,7.RP.A.2a,Identify Proportional Relationships
12129,194,7.RP.A.2a,Identify Proportional Relationships
560745,194,7.RP.A.2a,Identify Proportional Relationships
100386,194,7.RP.A.2a,Identify Proportional Relationships
43417,194,7.RP.A.2a,Identify Proportional Relationships
13763,194,7.RP.A.2a,Identify Proportional Relationships
13854,194,7.RP.A.2a,Identify Proportional Relationships
110217,194,7.RP.A.2a,Identify Proportional Relationships
225766,194,7.RP.A.2a,Identify Proportional Relationships
560139,194,7.RP.A.2a,Identify Proportional Relationships
25209,194,7.RP.A.2a,Identify Proportional Relationships
42156,194,7.RP.A.2a,Identify Proportional Relationships
512430,194,7.RP.A.2a,Identify Proportional Relationships
650373,194,7.RP.A.2a,Identify Proportional Relationships
177081,194,7.RP.A.2a,Identify Proportional Relationships
61559,194,7.RP.A.2a,Identify Proportional Relationships
351684,194,7.RP.A.2a,Identify Proportional Relationships
114159,194,7.RP.A.2a,Identify Proportional Relationships
105953,194,7.RP.A.2a,Identify Proportional Relationships
179199,194,7.RP.A.2a,Identify Proportional Relationships
179693,194,7.RP.A.2a,Identify Proportional Relationships
178727,194,7.RP.A.2a,Identify Proportional Relationships
178978,194,7.RP.A.2a,Identify Proportional Relationships
182437,194,7.RP.A.2a,Identify Proportional Relationships
24484,195,7.RP.A.2b,Identify the Constant of Proportionality
35102,195,7.RP.A.2b,Identify the Constant of Proportionality
23822,195,7.RP.A.2b,Identify the Constant of Proportionality
24963,195,7.RP.A.2b,Identify the Constant of Proportionality
102385,195,7.RP.A.2b,Identify the Constant of Proportionality
296114,195,7.RP.A.2b,Identify the Constant of Proportionality
225359,195,7.RP.A.2b,Identify the Constant of Proportionality
408074,195,7.RP.A.2b,Identify the Constant of Proportionality
225175,195,7.RP.A.2b,Identify the Constant of Proportionality
129451,195,7.RP.A.2b,Identify the Constant of Proportionality
124164,195,7.RP.A.2b,Identify the Constant of Proportionality
24737,195,7.RP.A.2b,Identify the Constant of Proportionality
650519,195,7.RP.A.2b,Identify the Constant of Proportionality
196819,195,7.RP.A.2b,Identify the Constant of Proportionality
196523,195,7.RP.A.2b,Identify the Constant of Proportionality
164771,195,7.RP.A.2b,Identify the Constant of Proportionality
560139,195,7.RP.A.2b,Identify the Constant of Proportionality
124698,195,7.RP.A.2b,Identify the Constant of Proportionality
270843,195,7.RP.A.2b,Identify the Constant of Proportionality
197156,195,7.RP.A.2b,Identify the Constant of Proportionality
25520,195,7.RP.A.2b,Identify the Constant of Proportionality
27175,195,7.RP.A.2b,Identify the Constant of Proportionality
101024,195,7.RP.A.2b,Identify the Constant of Proportionality
24068,195,7.RP.A.2b,Identify the Constant of Proportionality
97850,196,7.RP.A.2c,Represent Proportional Relationships with Equations
270760,196,7.RP.A.2c,Represent Proportional Relationships with Equations
294659,196,7.RP.A.2c,Represent Proportional Relationships with Equations
118275,196,7.RP.A.2c,Represent Proportional Relationships with Equations
118986,196,7.RP.A.2c,Represent Proportional Relationships with Equations
271395,196,7.RP.A.2c,Represent Proportional Relationships with Equations
270281,196,7.RP.A.2c,Represent Proportional Relationships with Equations
118610,196,7.RP.A.2c,Represent Proportional Relationships with Equations
119756,196,7.RP.A.2c,Represent Proportional Relationships with Equations
122934,196,7.RP.A.2c,Represent Proportional Relationships with Equations
269923,196,7.RP.A.2c,Represent Proportional Relationships with Equations
119432,196,7.RP.A.2c,Represent Proportional Relationships with Equations
294155,196,7.RP.A.2c,Represent Proportional Relationships with Equations
123580,196,7.RP.A.2c,Represent Proportional Relationships with Equations
124698,196,7.RP.A.2c,Represent Proportional Relationships with Equations
263961,196,7.RP.A.2c,Represent Proportional Relationships with Equations
124164,196,7.RP.A.2c,Represent Proportional Relationships with Equations
1195,196,7.RP.A.2c,Represent Proportional Relationships with Equations
101733,196,7.RP.A.2c,Represent Proportional Relationships with Equations
408662,196,7.RP.A.2c,Represent Proportional Relationships with Equations
129738,196,7.RP.A.2c,Represent Proportional Relationships with Equations
409526,196,7.RP.A.2c,Represent Proportional Relationships with Equations
271051,196,7.RP.A.2c,Represent Proportional Relationships with Equations
137922,196,7.RP.A.2c,Represent Proportional Relationships with Equations
144928,196,7.RP.A.2c,Represent Proportional Relationships with Equations
144794,196,7.RP.A.2c,Represent Proportional Relationships with Equations
595853,196,7.RP.A.2c,Represent Proportional Relationships with Equations
247607,196,7.RP.A.2c,Represent Proportional Relationships with Equations
247330,196,7.RP.A.2c,Represent Proportional Relationships with Equations
74204,196,7.RP.A.2c,Represent Proportional Relationships with Equations
460042,196,7.RP.A.2c,Represent Proportional Relationships with Equations
460209,196,7.RP.A.2c,Represent Proportional Relationships with Equations
560745,196,7.RP.A.2c,Represent Proportional Relationships with Equations
383539,196,7.RP.A.2c,Represent Proportional Relationships with Equations
168477,196,7.RP.A.2c,Represent Proportional Relationships with Equations
168704,196,7.RP.A.2c,Represent Proportional Relationships with Equations
460374,196,7.RP.A.2c,Represent Proportional Relationships with Equations
375713,196,7.RP.A.2c,Represent Proportional Relationships with Equations
171936,196,7.RP.A.2c,Represent Proportional Relationships with Equations
182778,196,7.RP.A.2c,Represent Proportional Relationships with Equations
182948,196,7.RP.A.2c,Represent Proportional Relationships with Equations
182080,196,7.RP.A.2c,Represent Proportional Relationships with Equations
20510,196,7.RP.A.2c,Represent Proportional Relationships with Equations
183159,196,7.RP.A.2c,Represent Proportional Relationships with Equations
187804,196,7.RP.A.2c,Represent Proportional Relationships with Equations
47104,196,7.RP.A.2c,Represent Proportional Relationships with Equations
531136,196,7.RP.A.2c,Represent Proportional Relationships with Equations
47181,196,7.RP.A.2c,Represent Proportional Relationships with Equations
19877,196,7.RP.A.2c,Represent Proportional Relationships with Equations
42964,196,7.RP.A.2c,Represent Proportional Relationships with Equations
42156,196,7.RP.A.2c,Represent Proportional Relationships with Equations
202480,196,7.RP.A.2c,Represent Proportional Relationships with Equations
42014,196,7.RP.A.2c,Represent Proportional Relationships with Equations
24068,196,7.RP.A.2c,Represent Proportional Relationships with Equations
35102,196,7.RP.A.2c,Represent Proportional Relationships with Equations
23822,196,7.RP.A.2c,Represent Proportional Relationships with Equations
129133,197,7.RP.A.2d,Interpret Points on Proportional Graphs
409398,197,7.RP.A.2d,Interpret Points on Proportional Graphs
1449,197,7.RP.A.2d,Interpret Points on Proportional Graphs
2516,197,7.RP.A.2d,Interpret Points on Proportional Graphs
23819,197,7.RP.A.2d,Interpret Points on Proportional Graphs
24277,197,7.RP.A.2d,Interpret Points on Proportional Graphs
530971,197,7.RP.A.2d,Interpret Points on Proportional Graphs
21201,198,7.RP.A.3,Use Proportional Relationships to Solve Ratio & Percent Problems
323501,198,7.RP.A.3,Use Proportional Relationships to Solve Ratio & Percent Problems
316809,198,7.RP.A.3,Use Proportional Relationships to Solve Ratio & Percent Problems
20885,198,7.RP.A.3,Use Proportional Relationships to Solve Ratio & Percent Problems
323812,198,7.RP.A.3,Use Proportional Relationships to Solve Ratio & Percent Problems
318309,198,7.RP.A.3,Use Proportional Relationships to Solve Ratio & Percent Problems
20199,198,7.RP.A.3,Use Proportional Relationships to Solve Ratio & Percent Problems
316941,198,7.RP.A.3,Use Proportional Relationships to Solve Ratio & Percent Problems
496354,198,7.RP.A.3,Use Proportional Relationships to Solve Ratio & Percent Problems
317074,198,7.RP.A.3,Use Proportional Relationships to Solve Ratio & Percent Problems
61531,198,7.RP.A.3,Use Proportional Relationships to Solve Ratio & Percent Problems
267646,198,7.RP.A.3,Use Proportional Relationships to Solve Ratio & Percent Problems
171238,198,7.RP.A.3,Use Proportional Relationships to Solve Ratio & Percent Problems
338281,198,7.RP.A.3,Use Proportional Relationships to Solve Ratio & Percent Problems
238173,198,7.RP.A.3,Use Proportional Relationships to Solve Ratio & Percent Problems
62350,198,7.RP.A.3,Use Proportional Relationships to Solve Ratio & Percent Problems
479240,198,7.RP.A.3,Use Proportional Relationships to Solve Ratio & Percent Problems
318171,198,7.RP.A.3,Use Proportional Relationships to Solve Ratio & Percent Problems
21043,198,7.RP.A.3,Use Proportional Relationships to Solve Ratio & Percent Problems
338629,198,7.RP.A.3,Use Proportional Relationships to Solve Ratio & Percent Problems
171421,198,7.RP.A.3,Use Proportional Relationships to Solve Ratio & Percent Problems
313685,198,7.RP.A.3,Use Proportional Relationships to Solve Ratio & Percent Problems
97107,198,7.RP.A.3,Use Proportional Relationships to Solve Ratio & Percent Problems
113440,198,7.RP.A.3,Use Proportional Relationships to Solve Ratio & Percent Problems
317429,198,7.RP.A.3,Use Proportional Relationships to Solve Ratio & Percent Problems
323576,198,7.RP.A.3,Use Proportional Relationships to Solve Ratio & Percent Problems
15629,198,7.RP.A.3,Use Proportional Relationships to Solve Ratio & Percent Problems
324897,198,7.RP.A.3,Use Proportional Relationships to Solve Ratio & Percent Problems
502720,198,7.RP.A.3,Use Proportional Relationships to Solve Ratio & Percent Problems
96761,198,7.RP.A.3,Use Proportional Relationships to Solve Ratio & Percent Problems
16005,198,7.RP.A.3,Use Proportional Relationships to Solve Ratio & Percent Problems
15881,198,7.RP.A.3,Use Proportional Relationships to Solve Ratio & Percent Problems
324443,198,7.RP.A.3,Use Proportional Relationships to Solve Ratio & Percent Problems
97399,198,7.RP.A.3,Use Proportional Relationships to Solve Ratio & Percent Problems
314006,198,7.RP.A.3,Use Proportional Relationships to Solve Ratio & Percent Problems
246686,198,7.RP.A.3,Use Proportional Relationships to Solve Ratio & Percent Problems
97648,198,7.RP.A.3,Use Proportional Relationships to Solve Ratio & Percent Problems
244895,198,7.RP.A.3,Use Proportional Relationships to Solve Ratio & Percent Problems
314324,198,7.RP.A.3,Use Proportional Relationships to Solve Ratio & Percent Problems
113646,198,7.RP.A.3,Use Proportional Relationships to Solve Ratio & Percent Problems
313329,198,7.RP.A.3,Use Proportional Relationships to Solve Ratio & Percent Problems
97533,198,7.RP.A.3,Use Proportional Relationships to Solve Ratio & Percent Problems
247727,198,7.RP.A.3,Use Proportional Relationships to Solve Ratio & Percent Problems
245930,198,7.RP.A.3,Use Proportional Relationships to Solve Ratio & Percent Problems
203426,198,7.RP.A.3,Use Proportional Relationships to Solve Ratio & Percent Problems
97961,198,7.RP.A.3,Use Proportional Relationships to Solve Ratio & Percent Problems
31433,198,7.RP.A.3,Use Proportional Relationships to Solve Ratio & Percent Problems
246966,198,7.RP.A.3,Use Proportional Relationships to Solve Ratio & Percent Problems
499714,198,7.RP.A.3,Use Proportional Relationships to Solve Ratio & Percent Problems
477606,198,7.RP.A.3,Use Proportional Relationships to Solve Ratio & Percent Problems
74049,198,7.RP.A.3,Use Proportional Relationships to Solve Ratio & Percent Problems
24461,198,7.RP.A.3,Use Proportional Relationships to Solve Ratio & Percent Problems
96895,198,7.RP.A.3,Use Proportional Relationships to Solve Ratio & Percent Problems
245546,198,7.RP.A.3,Use Proportional Relationships to Solve Ratio & Percent Problems
248005,198,7.RP.A.3,Use Proportional Relationships to Solve Ratio & Percent Problems
156692,198,7.RP.A.3,Use Proportional Relationships to Solve Ratio & Percent Problems
245240,198,7.RP.A.3,Use Proportional Relationships to Solve Ratio & Percent Problems
246376,198,7.RP.A.3,Use Proportional Relationships to Solve Ratio & Percent Problems
15059,198,7.RP.A.3,Use Proportional Relationships to Solve Ratio & Percent Problems
73890,198,7.RP.A.3,Use Proportional Relationships to Solve Ratio & Percent Problems
478570,198,7.RP.A.3,Use Proportional Relationships to Solve Ratio & Percent Problems
251426,198,7.RP.A.3,Use Proportional Relationships to Solve Ratio & Percent Problems
22470,198,7.RP.A.3,Use Proportional Relationships to Solve Ratio & Percent Problems
389538,198,7.RP.A.3,Use Proportional Relationships to Solve Ratio & Percent Problems
98095,198,7.RP.A.3,Use Proportional Relationships to Solve Ratio & Percent Problems
289043,198,7.RP.A.3,Use Proportional Relationships to Solve Ratio & Percent Problems
203873,198,7.RP.A.3,Use Proportional Relationships to Solve Ratio & Percent Problems
15333,198,7.RP.A.3,Use Proportional Relationships to Solve Ratio & Percent Problems
429590,198,7.RP.A.3,Use Proportional Relationships to Solve Ratio & Percent Problems
504254,198,7.RP.A.3,Use Proportional Relationships to Solve Ratio & Percent Problems
153106,198,7.RP.A.3,Use Proportional Relationships to Solve Ratio & Percent Problems
15138,198,7.RP.A.3,Use Proportional Relationships to Solve Ratio & Percent Problems
14960,198,7.RP.A.3,Use Proportional Relationships to Solve Ratio & Percent Problems
153479,198,7.RP.A.3,Use Proportional Relationships to Solve Ratio & Percent Problems
389890,198,7.RP.A.3,Use Proportional Relationships to Solve Ratio & Percent Problems
153291,198,7.RP.A.3,Use Proportional Relationships to Solve Ratio & Percent Problems
478342,198,7.RP.A.3,Use Proportional Relationships to Solve Ratio & Percent Problems
479016,198,7.RP.A.3,Use Proportional Relationships to Solve Ratio & Percent Problems
15760,198,7.RP.A.3,Use Proportional Relationships to Solve Ratio & Percent Problems
153688,198,7.RP.A.3,Use Proportional Relationships to Solve Ratio & Percent Problems
152711,198,7.RP.A.3,Use Proportional Relationships to Solve Ratio & Percent Problems
101005,198,7.RP.A.3,Use Proportional Relationships to Solve Ratio & Percent Problems
77978,198,7.RP.A.3,Use Proportional Relationships to Solve Ratio & Percent Problems
78165,198,7.RP.A.3,Use Proportional Relationships to Solve Ratio & Percent Problems
152894,198,7.RP.A.3,Use Proportional Relationships to Solve Ratio & Percent Problems
100544,198,7.RP.A.3,Use Proportional Relationships to Solve Ratio & Percent Problems
505561,198,7.RP.A.3,Use Proportional Relationships to Solve Ratio & Percent Problems
477986,198,7.RP.A.3,Use Proportional Relationships to Solve Ratio & Percent Problems
24484,198,7.RP.A.3,Use Proportional Relationships to Solve Ratio & Percent Problems
505118,198,7.RP.A.3,Use Proportional Relationships to Solve Ratio & Percent Problems
429767,198,7.RP.A.3,Use Proportional Relationships to Solve Ratio & Percent Problems
429393,198,7.RP.A.3,Use Proportional Relationships to Solve Ratio & Percent Problems
146150,198,7.RP.A.3,Use Proportional Relationships to Solve Ratio & Percent Problems
509509,198,7.RP.A.3,Use Proportional Relationships to Solve Ratio & Percent Problems
96632,198,7.RP.A.3,Use Proportional Relationships to Solve Ratio & Percent Problems
24777,198,7.RP.A.3,Use Proportional Relationships to Solve Ratio & Percent Problems
100670,198,7.RP.A.3,Use Proportional Relationships to Solve Ratio & Percent Problems
504695,198,7.RP.A.3,Use Proportional Relationships to Solve Ratio & Percent Problems
146018,198,7.RP.A.3,Use Proportional Relationships to Solve Ratio & Percent Problems
24963,198,7.RP.A.3,Use Proportional Relationships to Solve Ratio & Percent Problems
23144,198,7.RP.A.3,Use Proportional Relationships to Solve Ratio & Percent Problems
428623,198,7.RP.A.3,Use Proportional Relationships to Solve Ratio & Percent Problems
137401,198,7.RP.A.3,Use Proportional Relationships to Solve Ratio & Percent Problems
137056,198,7.RP.A.3,Use Proportional Relationships to Solve Ratio & Percent Problems
218838,198,7.RP.A.3,Use Proportional Relationships to Solve Ratio & Percent Problems
137232,198,7.RP.A.3,Use Proportional Relationships to Solve Ratio & Percent Problems
205498,198,7.RP.A.3,Use Proportional Relationships to Solve Ratio & Percent Problems
235060,198,7.RP.A.3,Use Proportional Relationships to Solve Ratio & Percent Problems
553614,198,7.RP.A.3,Use Proportional Relationships to Solve Ratio & Percent Problems
57624,198,7.RP.A.3,Use Proportional Relationships to Solve Ratio & Percent Problems
317307,198,7.RP.A.3,Use Proportional Relationships to Solve Ratio & Percent Problems
367651,198,7.RP.A.3,Use Proportional Relationships to Solve Ratio & Percent Problems
120403,198,7.RP.A.3,Use Proportional Relationships to Solve Ratio & Percent Problems
367113,198,7.RP.A.3,Use Proportional Relationships to Solve Ratio & Percent Problems
317741,198,7.RP.A.3,Use Proportional Relationships to Solve Ratio & Percent Problems
232655,198,7.RP.A.3,Use Proportional Relationships to Solve Ratio & Percent Problems
177807,198,7.RP.A.3,Use Proportional Relationships to Solve Ratio & Percent Problems
20515,198,7.RP.A.3,Use Proportional Relationships to Solve Ratio & Percent Problems
267794,198,7.RP.A.3,Use Proportional Relationships to Solve Ratio & Percent Problems
468619,198,7.RP.A.3,Use Proportional Relationships to Solve Ratio & Percent Problems
553401,198,7.RP.A.3,Use Proportional Relationships to Solve Ratio & Percent Problems
61289,198,7.RP.A.3,Use Proportional Relationships to Solve Ratio & Percent Problems
367429,198,7.RP.A.3,Use Proportional Relationships to Solve Ratio & Percent Problems
324089,198,7.RP.A.3,Use Proportional Relationships to Solve Ratio & Percent Problems
323787,198,7.RP.A.3,Use Proportional Relationships to Solve Ratio & Percent Problems
367406,198,7.RP.A.3,Use Proportional Relationships to Solve Ratio & Percent Problems
177693,198,7.RP.A.3,Use Proportional Relationships to Solve Ratio & Percent Problems
317925,198,7.RP.A.3,Use Proportional Relationships to Solve Ratio & Percent Problems
317639,198,7.RP.A.3,Use Proportional Relationships to Solve Ratio & Percent Problems
20669,198,7.RP.A.3,Use Proportional Relationships to Solve Ratio & Percent Problems
503044,198,7.RP.A.3,Use Proportional Relationships to Solve Ratio & Percent Problems
316680,198,7.RP.A.3,Use Proportional Relationships to Solve Ratio & Percent Problems
317833,198,7.RP.A.3,Use Proportional Relationships to Solve Ratio & Percent Problems
15492,198,7.RP.A.3,Use Proportional Relationships to Solve Ratio & Percent Problems
62493,198,7.RP.A.3,Use Proportional Relationships to Solve Ratio & Percent Problems
359617,198,7.RP.A.3,Use Proportional Relationships to Solve Ratio & Percent Problems
553198,198,7.RP.A.3,Use Proportional Relationships to Solve Ratio & Percent Problems
498194,198,7.RP.A.3,Use Proportional Relationships to Solve Ratio & Percent Problems
178224,198,7.RP.A.3,Use Proportional Relationships to Solve Ratio & Percent Problems
236501,198,7.RP.A.3,Use Proportional Relationships to Solve Ratio & Percent Problems
21347,198,7.RP.A.3,Use Proportional Relationships to Solve Ratio & Percent Problems
418897,198,7.RP.A.3,Use Proportional Relationships to Solve Ratio & Percent Problems
267340,198,7.RP.A.3,Use Proportional Relationships to Solve Ratio & Percent Problems
499326,198,7.RP.A.3,Use Proportional Relationships to Solve Ratio & Percent Problems
178110,198,7.RP.A.3,Use Proportional Relationships to Solve Ratio & Percent Problems
177927,198,7.RP.A.3,Use Proportional Relationships to Solve Ratio & Percent Problems
61213,198,7.RP.A.3,Use Proportional Relationships to Solve Ratio & Percent Problems
428993,198,7.RP.A.3,Use Proportional Relationships to Solve Ratio & Percent Problems
506119,198,7.RP.A.3,Use Proportional Relationships to Solve Ratio & Percent Problems
84788,198,7.RP.A.3,Use Proportional Relationships to Solve Ratio & Percent Problems
131934,198,7.RP.A.3,Use Proportional Relationships to Solve Ratio & Percent Problems
205959,198,7.RP.A.3,Use Proportional Relationships to Solve Ratio & Percent Problems
204231,198,7.RP.A.3,Use Proportional Relationships to Solve Ratio & Percent Problems
339221,198,7.RP.A.3,Use Proportional Relationships to Solve Ratio & Percent Problems
84918,198,7.RP.A.3,Use Proportional Relationships to Solve Ratio & Percent Problems
338934,198,7.RP.A.3,Use Proportional Relationships to Solve Ratio & Percent Problems
509942,198,7.RP.A.3,Use Proportional Relationships to Solve Ratio & Percent Problems
339477,198,7.RP.A.3,Use Proportional Relationships to Solve Ratio & Percent Problems
86791,198,7.RP.A.3,Use Proportional Relationships to Solve Ratio & Percent Problems
205281,198,7.RP.A.3,Use Proportional Relationships to Solve Ratio & Percent Problems
326880,198,7.RP.A.3,Use Proportional Relationships to Solve Ratio & Percent Problems
31188,198,7.RP.A.3,Use Proportional Relationships to Solve Ratio & Percent Problems
205821,198,7.RP.A.3,Use Proportional Relationships to Solve Ratio & Percent Problems
205401,198,7.RP.A.3,Use Proportional Relationships to Solve Ratio & Percent Problems
87236,198,7.RP.A.3,Use Proportional Relationships to Solve Ratio & Percent Problems
205649,198,7.RP.A.3,Use Proportional Relationships to Solve Ratio & Percent Problems
586483,198,7.RP.A.3,Use Proportional Relationships to Solve Ratio & Percent Problems
331301,198,7.RP.A.3,Use Proportional Relationships to Solve Ratio & Percent Problems
86471,198,7.RP.A.3,Use Proportional Relationships to Solve Ratio & Percent Problems
24737,198,7.RP.A.3,Use Proportional Relationships to Solve Ratio & Percent Problems
87369,198,7.RP.A.3,Use Proportional Relationships to Solve Ratio & Percent Problems
123995,198,7.RP.A.3,Use Proportional Relationships to Solve Ratio & Percent Problems
87154,198,7.RP.A.3,Use Proportional Relationships to Solve Ratio & Percent Problems
125385,198,7.RP.A.3,Use Proportional Relationships to Solve Ratio & Percent Problems
125047,198,7.RP.A.3,Use Proportional Relationships to Solve Ratio & Percent Problems
123066,198,7.RP.A.3,Use Proportional Relationships to Solve Ratio & Percent Problems
120069,198,7.RP.A.3,Use Proportional Relationships to Solve Ratio & Percent Problems
51938,198,7.RP.A.3,Use Proportional Relationships to Solve Ratio & Percent Problems
51614,198,7.RP.A.3,Use Proportional Relationships to Solve Ratio & Percent Problems
51480,198,7.RP.A.3,Use Proportional Relationships to Solve Ratio & Percent Problems
359989,198,7.RP.A.3,Use Proportional Relationships to Solve Ratio & Percent Problems
323397,198,7.RP.A.3,Use Proportional Relationships to Solve Ratio & Percent Problems
51822,198,7.RP.A.3,Use Proportional Relationships to Solve Ratio & Percent Problems
496551,198,7.RP.A.3,Use Proportional Relationships to Solve Ratio & Percent Problems
20357,198,7.RP.A.3,Use Proportional Relationships to Solve Ratio & Percent Problems
51164,198,7.RP.A.3,Use Proportional Relationships to Solve Ratio & Percent Problems
113830,198,7.RP.A.3,Use Proportional Relationships to Solve Ratio & Percent Problems
497355,198,7.RP.A.3,Use Proportional Relationships to Solve Ratio & Percent Problems
50795,198,7.RP.A.3,Use Proportional Relationships to Solve Ratio & Percent Problems
121257,198,7.RP.A.3,Use Proportional Relationships to Solve Ratio & Percent Problems
51243,198,7.RP.A.3,Use Proportional Relationships to Solve Ratio & Percent Problems
20026,198,7.RP.A.3,Use Proportional Relationships to Solve Ratio & Percent Problems
52062,198,7.RP.A.3,Use Proportional Relationships to Solve Ratio & Percent Problems
360293,198,7.RP.A.3,Use Proportional Relationships to Solve Ratio & Percent Problems
359196,198,7.RP.A.3,Use Proportional Relationships to Solve Ratio & Percent Problems
185005,198,7.RP.A.3,Use Proportional Relationships to Solve Ratio & Percent Problems
181762,198,7.RP.A.3,Use Proportional Relationships to Solve Ratio & Percent Problems
233047,198,7.RP.A.3,Use Proportional Relationships to Solve Ratio & Percent Problems
14063,200,7.NS.A.1a,Describe Situations Where Opposite Quantities Combine to Make 0
450077,201,7.NS.A.1b,Interpret Sums of Rational Numbers
449847,201,7.NS.A.1b,Interpret Sums of Rational Numbers
114294,201,7.NS.A.1b,Interpret Sums of Rational Numbers
214107,201,7.NS.A.1b,Interpret Sums of Rational Numbers
338572,201,7.NS.A.1b,Interpret Sums of Rational Numbers
214762,201,7.NS.A.1b,Interpret Sums of Rational Numbers
214460,201,7.NS.A.1b,Interpret Sums of Rational Numbers
333811,201,7.NS.A.1b,Interpret Sums of Rational Numbers
24438,201,7.NS.A.1b,Interpret Sums of Rational Numbers
11247,201,7.NS.A.1b,Interpret Sums of Rational Numbers
91688,202,7.NS.A.1c,Understand Properties of Subtracting Rational Numbers
42327,202,7.NS.A.1c,Understand Properties of Subtracting Rational Numbers
42642,202,7.NS.A.1c,Understand Properties of Subtracting Rational Numbers
179142,202,7.NS.A.1c,Understand Properties of Subtracting Rational Numbers
114294,202,7.NS.A.1c,Understand Properties of Subtracting Rational Numbers
24438,202,7.NS.A.1c,Understand Properties of Subtracting Rational Numbers
91790,202,7.NS.A.1c,Understand Properties of Subtracting Rational Numbers
179464,202,7.NS.A.1c,Understand Properties of Subtracting Rational Numbers
162021,202,7.NS.A.1c,Understand Properties of Subtracting Rational Numbers
154547,203,7.NS.A.1d,Apply Properties of Operations to Add/Subtract Rational Numbers
153749,203,7.NS.A.1d,Apply Properties of Operations to Add/Subtract Rational Numbers
405832,203,7.NS.A.1d,Apply Properties of Operations to Add/Subtract Rational Numbers
67623,203,7.NS.A.1d,Apply Properties of Operations to Add/Subtract Rational Numbers
615367,203,7.NS.A.1d,Apply Properties of Operations to Add/Subtract Rational Numbers
60534,203,7.NS.A.1d,Apply Properties of Operations to Add/Subtract Rational Numbers
60862,203,7.NS.A.1d,Apply Properties of Operations to Add/Subtract Rational Numbers
61160,203,7.NS.A.1d,Apply Properties of Operations to Add/Subtract Rational Numbers
60187,203,7.NS.A.1d,Apply Properties of Operations to Add/Subtract Rational Numbers
615225,203,7.NS.A.1d,Apply Properties of Operations to Add/Subtract Rational Numbers
120094,204,7.NS.A.1d,Apply Properties of Operations to Add/Subtract Rational Numbers
119645,204,7.NS.A.1d,Apply Properties of Operations to Add/Subtract Rational Numbers
131027,204,7.NS.A.1d,Apply Properties of Operations to Add/Subtract Rational Numbers
407999,204,7.NS.A.1d,Apply Properties of Operations to Add/Subtract Rational Numbers
131322,204,7.NS.A.1d,Apply Properties of Operations to Add/Subtract Rational Numbers
130668,204,7.NS.A.1d,Apply Properties of Operations to Add/Subtract Rational Numbers
131590,204,7.NS.A.1d,Apply Properties of Operations to Add/Subtract Rational Numbers
407631,204,7.NS.A.1d,Apply Properties of Operations to Add/Subtract Rational Numbers
279176,204,7.NS.A.1d,Apply Properties of Operations to Add/Subtract Rational Numbers
195193,204,7.NS.A.1d,Apply Properties of Operations to Add/Subtract Rational Numbers
222978,205,7.NS.A.1d,Apply Properties of Operations to Add/Subtract Rational Numbers
223345,205,7.NS.A.1d,Apply Properties of Operations to Add/Subtract Rational Numbers
223087,205,7.NS.A.1d,Apply Properties of Operations to Add/Subtract Rational Numbers
223225,205,7.NS.A.1d,Apply Properties of Operations to Add/Subtract Rational Numbers
223453,205,7.NS.A.1d,Apply Properties of Operations to Add/Subtract Rational Numbers
24564,205,7.NS.A.1d,Apply Properties of Operations to Add/Subtract Rational Numbers
312,205,7.NS.A.1d,Apply Properties of Operations to Add/Subtract Rational Numbers
69320,205,7.NS.A.1d,Apply Properties of Operations to Add/Subtract Rational Numbers
64016,205,7.NS.A.1d,Apply Properties of Operations to Add/Subtract Rational Numbers
207,205,7.NS.A.1d,Apply Properties of Operations to Add/Subtract Rational Numbers
69444,205,7.NS.A.1d,Apply Properties of Operations to Add/Subtract Rational Numbers
93,205,7.NS.A.1d,Apply Properties of Operations to Add/Subtract Rational Numbers
87614,205,7.NS.A.1d,Apply Properties of Operations to Add/Subtract Rational Numbers
585630,205,7.NS.A.1d,Apply Properties of Operations to Add/Subtract Rational Numbers
585877,205,7.NS.A.1d,Apply Properties of Operations to Add/Subtract Rational Numbers
442008,205,7.NS.A.1d,Apply Properties of Operations to Add/Subtract Rational Numbers
586044,205,7.NS.A.1d,Apply Properties of Operations to Add/Subtract Rational Numbers
442127,205,7.NS.A.1d,Apply Properties of Operations to Add/Subtract Rational Numbers
586212,205,7.NS.A.1d,Apply Properties of Operations to Add/Subtract Rational Numbers
441900,205,7.NS.A.1d,Apply Properties of Operations to Add/Subtract Rational Numbers
441780,205,7.NS.A.1d,Apply Properties of Operations to Add/Subtract Rational Numbers
112497,206,7.NS.A.2a,Understand Applied Context for Multiplying Rational Numbers
24564,206,7.NS.A.2a,Understand Applied Context for Multiplying Rational Numbers
180087,206,7.NS.A.2a,Understand Applied Context for Multiplying Rational Numbers
179837,206,7.NS.A.2a,Understand Applied Context for Multiplying Rational Numbers
180403,206,7.NS.A.2a,Understand Applied Context for Multiplying Rational Numbers
112290,206,7.NS.A.2a,Understand Applied Context for Multiplying Rational Numbers
24564,207,7.NS.A.2b,Understand Applied Context for Dividing Rational Numbers
112931,207,7.NS.A.2b,Understand Applied Context for Dividing Rational Numbers
112644,207,7.NS.A.2b,Understand Applied Context for Dividing Rational Numbers
24305,207,7.NS.A.2b,Understand Applied Context for Dividing Rational Numbers
584854,207,7.NS.A.2b,Understand Applied Context for Dividing Rational Numbers
112797,207,7.NS.A.2b,Understand Applied Context for Dividing Rational Numbers
226035,207,7.NS.A.2b,Understand Applied Context for Dividing Rational Numbers
226116,207,7.NS.A.2b,Understand Applied Context for Dividing Rational Numbers
584945,207,7.NS.A.2b,Understand Applied Context for Dividing Rational Numbers
60187,208,7.NS.A.2c,Apply Properties of Operations to Multiply/Divide Rational Numbers
61160,208,7.NS.A.2c,Apply Properties of Operations to Multiply/Divide Rational Numbers
60862,208,7.NS.A.2c,Apply Properties of Operations to Multiply/Divide Rational Numbers
60534,208,7.NS.A.2c,Apply Properties of Operations to Multiply/Divide Rational Numbers
22023,208,7.NS.A.2c,Apply Properties of Operations to Multiply/Divide Rational Numbers
22552,208,7.NS.A.2c,Apply Properties of Operations to Multiply/Divide Rational Numbers
37975,208,7.NS.A.2c,Apply Properties of Operations to Multiply/Divide Rational Numbers
22322,208,7.NS.A.2c,Apply Properties of Operations to Multiply/Divide Rational Numbers
147088,208,7.NS.A.2c,Apply Properties of Operations to Multiply/Divide Rational Numbers
407631,208,7.NS.A.2c,Apply Properties of Operations to Multiply/Divide Rational Numbers
24305,208,7.NS.A.2c,Apply Properties of Operations to Multiply/Divide Rational Numbers
407999,208,7.NS.A.2c,Apply Properties of Operations to Multiply/Divide Rational Numbers
184690,208,7.NS.A.2c,Apply Properties of Operations to Multiply/Divide Rational Numbers
61160,209,7.NS.A.2c,Apply Properties of Operations to Multiply/Divide Rational Numbers
60187,209,7.NS.A.2c,Apply Properties of Operations to Multiply/Divide Rational Numbers
60534,209,7.NS.A.2c,Apply Properties of Operations to Multiply/Divide Rational Numbers
60862,209,7.NS.A.2c,Apply Properties of Operations to Multiply/Divide Rational Numbers
38524,209,7.NS.A.2c,Apply Properties of Operations to Multiply/Divide Rational Numbers
278775,209,7.NS.A.2c,Apply Properties of Operations to Multiply/Divide Rational Numbers
112644,210,7.NS.A.2c,Apply Properties of Operations to Multiply/Divide Rational Numbers
69444,210,7.NS.A.2c,Apply Properties of Operations to Multiply/Divide Rational Numbers
93,210,7.NS.A.2c,Apply Properties of Operations to Multiply/Divide Rational Numbers
177679,210,7.NS.A.2c,Apply Properties of Operations to Multiply/Divide Rational Numbers
54627,210,7.NS.A.2c,Apply Properties of Operations to Multiply/Divide Rational Numbers
362542,210,7.NS.A.2c,Apply Properties of Operations to Multiply/Divide Rational Numbers
25486,210,7.NS.A.2c,Apply Properties of Operations to Multiply/Divide Rational Numbers
26296,210,7.NS.A.2c,Apply Properties of Operations to Multiply/Divide Rational Numbers
312,210,7.NS.A.2c,Apply Properties of Operations to Multiply/Divide Rational Numbers
112931,210,7.NS.A.2c,Apply Properties of Operations to Multiply/Divide Rational Numbers
195193,210,7.NS.A.2c,Apply Properties of Operations to Multiply/Divide Rational Numbers
408499,210,7.NS.A.2c,Apply Properties of Operations to Multiply/Divide Rational Numbers
279032,210,7.NS.A.2c,Apply Properties of Operations to Multiply/Divide Rational Numbers
55885,210,7.NS.A.2c,Apply Properties of Operations to Multiply/Divide Rational Numbers
112497,210,7.NS.A.2c,Apply Properties of Operations to Multiply/Divide Rational Numbers
26005,210,7.NS.A.2c,Apply Properties of Operations to Multiply/Divide Rational Numbers
55569,210,7.NS.A.2c,Apply Properties of Operations to Multiply/Divide Rational Numbers
177979,210,7.NS.A.2c,Apply Properties of Operations to Multiply/Divide Rational Numbers
65010,210,7.NS.A.2c,Apply Properties of Operations to Multiply/Divide Rational Numbers
278908,210,7.NS.A.2c,Apply Properties of Operations to Multiply/Divide Rational Numbers
207,210,7.NS.A.2c,Apply Properties of Operations to Multiply/Divide Rational Numbers
64437,210,7.NS.A.2c,Apply Properties of Operations to Multiply/Divide Rational Numbers
64758,210,7.NS.A.2c,Apply Properties of Operations to Multiply/Divide Rational Numbers
38766,210,7.NS.A.2c,Apply Properties of Operations to Multiply/Divide Rational Numbers
25718,210,7.NS.A.2c,Apply Properties of Operations to Multiply/Divide Rational Numbers
65369,210,7.NS.A.2c,Apply Properties of Operations to Multiply/Divide Rational Numbers
177403,210,7.NS.A.2c,Apply Properties of Operations to Multiply/Divide Rational Numbers
112797,210,7.NS.A.2c,Apply Properties of Operations to Multiply/Divide Rational Numbers
178227,210,7.NS.A.2c,Apply Properties of Operations to Multiply/Divide Rational Numbers
112290,210,7.NS.A.2c,Apply Properties of Operations to Multiply/Divide Rational Numbers
38268,210,7.NS.A.2c,Apply Properties of Operations to Multiply/Divide Rational Numbers
278653,210,7.NS.A.2c,Apply Properties of Operations to Multiply/Divide Rational Numbers
354272,211,7.NS.A.2d,Convert a Rational Number to a Decimal
316024,211,7.NS.A.2d,Convert a Rational Number to a Decimal
204565,211,7.NS.A.2d,Convert a Rational Number to a Decimal
426537,211,7.NS.A.2d,Convert a Rational Number to a Decimal
355272,211,7.NS.A.2d,Convert a Rational Number to a Decimal
426703,211,7.NS.A.2d,Convert a Rational Number to a Decimal
426376,211,7.NS.A.2d,Convert a Rational Number to a Decimal
427041,211,7.NS.A.2d,Convert a Rational Number to a Decimal
355634,211,7.NS.A.2d,Convert a Rational Number to a Decimal
353991,211,7.NS.A.2d,Convert a Rational Number to a Decimal
112290,212,7.NS.A.3,Solve Applied Problems Involving All Operations of Rational Numbers
64354,212,7.NS.A.3,Solve Applied Problems Involving All Operations of Rational Numbers
112644,212,7.NS.A.3,Solve Applied Problems Involving All Operations of Rational Numbers
112797,212,7.NS.A.3,Solve Applied Problems Involving All Operations of Rational Numbers
112497,212,7.NS.A.3,Solve Applied Problems Involving All Operations of Rational Numbers
48612,212,7.NS.A.3,Solve Applied Problems Involving All Operations of Rational Numbers
112931,212,7.NS.A.3,Solve Applied Problems Involving All Operations of Rational Numbers
24305,212,7.NS.A.3,Solve Applied Problems Involving All Operations of Rational Numbers
2894,213,7.EE.A.1,Apply Properties of Operations to Create Equivalent Expressions
3056,213,7.EE.A.1,Apply Properties of Operations to Create Equivalent Expressions
18664,213,7.EE.A.1,Apply Properties of Operations to Create Equivalent Expressions
21711,213,7.EE.A.1,Apply Properties of Operations to Create Equivalent Expressions
22093,213,7.EE.A.1,Apply Properties of Operations to Create Equivalent Expressions
40142,213,7.EE.A.1,Apply Properties of Operations to Create Equivalent Expressions
40512,213,7.EE.A.1,Apply Properties of Operations to Create Equivalent Expressions
39475,213,7.EE.A.1,Apply Properties of Operations to Create Equivalent Expressions
43371,213,7.EE.A.1,Apply Properties of Operations to Create Equivalent Expressions
62186,213,7.EE.A.1,Apply Properties of Operations to Create Equivalent Expressions
146878,213,7.EE.A.1,Apply Properties of Operations to Create Equivalent Expressions
158903,213,7.EE.A.1,Apply Properties of Operations to Create Equivalent Expressions
158297,213,7.EE.A.1,Apply Properties of Operations to Create Equivalent Expressions
158771,213,7.EE.A.1,Apply Properties of Operations to Create Equivalent Expressions
162630,213,7.EE.A.1,Apply Properties of Operations to Create Equivalent Expressions
163965,213,7.EE.A.1,Apply Properties of Operations to Create Equivalent Expressions
190106,213,7.EE.A.1,Apply Properties of Operations to Create Equivalent Expressions
188812,213,7.EE.A.1,Apply Properties of Operations to Create Equivalent Expressions
214651,213,7.EE.A.1,Apply Properties of Operations to Create Equivalent Expressions
218163,213,7.EE.A.1,Apply Properties of Operations to Create Equivalent Expressions
277069,213,7.EE.A.1,Apply Properties of Operations to Create Equivalent Expressions
277314,213,7.EE.A.1,Apply Properties of Operations to Create Equivalent Expressions
327384,213,7.EE.A.1,Apply Properties of Operations to Create Equivalent Expressions
599220,213,7.EE.A.1,Apply Properties of Operations to Create Equivalent Expressions
66914,214,7.EE.A.2,Understand Equivalent Expressions in Context
171627,214,7.EE.A.2,Understand Equivalent Expressions in Context
257823,214,7.EE.A.2,Understand Equivalent Expressions in Context
537870,214,7.EE.A.2,Understand Equivalent Expressions in Context
25178,214,7.EE.A.2,Understand Equivalent Expressions in Context
51977,214,7.EE.A.2,Understand Equivalent Expressions in Context
341602,214,7.EE.A.2,Understand Equivalent Expressions in Context
275581,214,7.EE.A.2,Understand Equivalent Expressions in Context
303522,214,7.EE.A.2,Understand Equivalent Expressions in Context
235425,214,7.EE.A.2,Understand Equivalent Expressions in Context
327306,214,7.EE.A.2,Understand Equivalent Expressions in Context
56910,214,7.EE.A.2,Understand Equivalent Expressions in Context
109572,214,7.EE.A.2,Understand Equivalent Expressions in Context
171459,215,7.EE.B.3,Solve Applied Problems Using Numerical and Algebraic Expressions and Equations
156692,215,7.EE.B.3,Solve Applied Problems Using Numerical and Algebraic Expressions and Equations
246686,215,7.EE.B.3,Solve Applied Problems Using Numerical and Algebraic Expressions and Equations
257823,215,7.EE.B.3,Solve Applied Problems Using Numerical and Algebraic Expressions and Equations
244895,215,7.EE.B.3,Solve Applied Problems Using Numerical and Algebraic Expressions and Equations
171630,215,7.EE.B.3,Solve Applied Problems Using Numerical and Algebraic Expressions and Equations
97533,215,7.EE.B.3,Solve Applied Problems Using Numerical and Algebraic Expressions and Equations
184283,215,7.EE.B.3,Solve Applied Problems Using Numerical and Algebraic Expressions and Equations
97399,215,7.EE.B.3,Solve Applied Problems Using Numerical and Algebraic Expressions and Equations
96761,215,7.EE.B.3,Solve Applied Problems Using Numerical and Algebraic Expressions and Equations
245546,215,7.EE.B.3,Solve Applied Problems Using Numerical and Algebraic Expressions and Equations
152091,215,7.EE.B.3,Solve Applied Problems Using Numerical and Algebraic Expressions and Equations
245240,215,7.EE.B.3,Solve Applied Problems Using Numerical and Algebraic Expressions and Equations
246376,215,7.EE.B.3,Solve Applied Problems Using Numerical and Algebraic Expressions and Equations
184392,215,7.EE.B.3,Solve Applied Problems Using Numerical and Algebraic Expressions and Equations
184499,215,7.EE.B.3,Solve Applied Problems Using Numerical and Algebraic Expressions and Equations
152206,215,7.EE.B.3,Solve Applied Problems Using Numerical and Algebraic Expressions and Equations
152004,215,7.EE.B.3,Solve Applied Problems Using Numerical and Algebraic Expressions and Equations
78866,215,7.EE.B.3,Solve Applied Problems Using Numerical and Algebraic Expressions and Equations
96632,215,7.EE.B.3,Solve Applied Problems Using Numerical and Algebraic Expressions and Equations
506119,215,7.EE.B.3,Solve Applied Problems Using Numerical and Algebraic Expressions and Equations
171543,215,7.EE.B.3,Solve Applied Problems Using Numerical and Algebraic Expressions and Equations
246966,215,7.EE.B.3,Solve Applied Problems Using Numerical and Algebraic Expressions and Equations
96895,215,7.EE.B.3,Solve Applied Problems Using Numerical and Algebraic Expressions and Equations
97648,215,7.EE.B.3,Solve Applied Problems Using Numerical and Algebraic Expressions and Equations
506119,216,7.EE.B.3,Solve Applied Problems Using Numerical and Algebraic Expressions and Equations
75928,217,7.EE.B.4a,Solve 2-Step Equations
308593,217,7.EE.B.4a,Solve 2-Step Equations
308146,217,7.EE.B.4a,Solve 2-Step Equations
156494,217,7.EE.B.4a,Solve 2-Step Equations
157401,217,7.EE.B.4a,Solve 2-Step Equations
308518,217,7.EE.B.4a,Solve 2-Step Equations
157655,217,7.EE.B.4a,Solve 2-Step Equations
154770,217,7.EE.B.4a,Solve 2-Step Equations
156087,217,7.EE.B.4a,Solve 2-Step Equations
157516,217,7.EE.B.4a,Solve 2-Step Equations
375908,217,7.EE.B.4a,Solve 2-Step Equations
63357,217,7.EE.B.4a,Solve 2-Step Equations
155183,217,7.EE.B.4a,Solve 2-Step Equations
156936,217,7.EE.B.4a,Solve 2-Step Equations
155484,217,7.EE.B.4a,Solve 2-Step Equations
157262,217,7.EE.B.4a,Solve 2-Step Equations
442685,217,7.EE.B.4a,Solve 2-Step Equations
524787,217,7.EE.B.4a,Solve 2-Step Equations
158652,217,7.EE.B.4a,Solve 2-Step Equations
55829,217,7.EE.B.4a,Solve 2-Step Equations
56136,217,7.EE.B.4a,Solve 2-Step Equations
54008,217,7.EE.B.4a,Solve 2-Step Equations
56457,217,7.EE.B.4a,Solve 2-Step Equations
443136,217,7.EE.B.4a,Solve 2-Step Equations
53735,217,7.EE.B.4a,Solve 2-Step Equations
55691,217,7.EE.B.4a,Solve 2-Step Equations
367805,217,7.EE.B.4a,Solve 2-Step Equations
63291,217,7.EE.B.4a,Solve 2-Step Equations
376399,217,7.EE.B.4a,Solve 2-Step Equations
178835,217,7.EE.B.4a,Solve 2-Step Equations
179212,217,7.EE.B.4a,Solve 2-Step Equations
179341,217,7.EE.B.4a,Solve 2-Step Equations
183371,217,7.EE.B.4a,Solve 2-Step Equations
369393,217,7.EE.B.4a,Solve 2-Step Equations
525202,217,7.EE.B.4a,Solve 2-Step Equations
341780,217,7.EE.B.4a,Solve 2-Step Equations
131999,217,7.EE.B.4a,Solve 2-Step Equations
341553,217,7.EE.B.4a,Solve 2-Step Equations
131796,217,7.EE.B.4a,Solve 2-Step Equations
376894,217,7.EE.B.4a,Solve 2-Step Equations
131886,217,7.EE.B.4a,Solve 2-Step Equations
132093,217,7.EE.B.4a,Solve 2-Step Equations
369146,217,7.EE.B.4a,Solve 2-Step Equations
337756,217,7.EE.B.4a,Solve 2-Step Equations
11040,217,7.EE.B.4a,Solve 2-Step Equations
90428,217,7.EE.B.4a,Solve 2-Step Equations
90560,217,7.EE.B.4a,Solve 2-Step Equations
368501,217,7.EE.B.4a,Solve 2-Step Equations
90063,217,7.EE.B.4a,Solve 2-Step Equations
368816,217,7.EE.B.4a,Solve 2-Step Equations
368183,217,7.EE.B.4a,Solve 2-Step Equations
153281,217,7.EE.B.4a,Solve 2-Step Equations
155769,217,7.EE.B.4a,Solve 2-Step Equations
76294,217,7.EE.B.4a,Solve 2-Step Equations
194628,217,7.EE.B.4a,Solve 2-Step Equations
376600,217,7.EE.B.4a,Solve 2-Step Equations
179089,217,7.EE.B.4a,Solve 2-Step Equations
178963,217,7.EE.B.4a,Solve 2-Step Equations
194530,217,7.EE.B.4a,Solve 2-Step Equations
31406,217,7.EE.B.4a,Solve 2-Step Equations
178546,217,7.EE.B.4a,Solve 2-Step Equations
178686,217,7.EE.B.4a,Solve 2-Step Equations
190220,217,7.EE.B.4a,Solve 2-Step Equations
274694,217,7.EE.B.4a,Solve 2-Step Equations
195078,217,7.EE.B.4a,Solve 2-Step Equations
194712,217,7.EE.B.4a,Solve 2-Step Equations
376147,217,7.EE.B.4a,Solve 2-Step Equations
194986,217,7.EE.B.4a,Solve 2-Step Equations
194802,217,7.EE.B.4a,Solve 2-Step Equations
194900,217,7.EE.B.4a,Solve 2-Step Equations
341553,218,7.EE.B.4b,"Solve, Graph & Interpret 2-Step Inequalities"
51952,218,7.EE.B.4b,"Solve, Graph & Interpret 2-Step Inequalities"
51606,218,7.EE.B.4b,"Solve, Graph & Interpret 2-Step Inequalities"
163825,218,7.EE.B.4b,"Solve, Graph & Interpret 2-Step Inequalities"
341780,218,7.EE.B.4b,"Solve, Graph & Interpret 2-Step Inequalities"
189992,218,7.EE.B.4b,"Solve, Graph & Interpret 2-Step Inequalities"
80087,218,7.EE.B.4b,"Solve, Graph & Interpret 2-Step Inequalities"
302140,218,7.EE.B.4b,"Solve, Graph & Interpret 2-Step Inequalities"
302326,218,7.EE.B.4b,"Solve, Graph & Interpret 2-Step Inequalities"
110803,218,7.EE.B.4b,"Solve, Graph & Interpret 2-Step Inequalities"
323597,218,7.EE.B.4b,"Solve, Graph & Interpret 2-Step Inequalities"
233480,218,7.EE.B.4b,"Solve, Graph & Interpret 2-Step Inequalities"
302522,218,7.EE.B.4b,"Solve, Graph & Interpret 2-Step Inequalities"
346366,218,7.EE.B.4b,"Solve, Graph & Interpret 2-Step Inequalities"
347843,218,7.EE.B.4b,"Solve, Graph & Interpret 2-Step Inequalities"
73862,218,7.EE.B.4b,"Solve, Graph & Interpret 2-Step Inequalities"
386124,219,7.G.A.1,Solve Scale Drawing Problems
110217,219,7.G.A.1,Solve Scale Drawing Problems
115930,219,7.G.A.1,Solve Scale Drawing Problems
116350,219,7.G.A.1,Solve Scale Drawing Problems
114882,219,7.G.A.1,Solve Scale Drawing Problems
115829,219,7.G.A.1,Solve Scale Drawing Problems
114557,219,7.G.A.1,Solve Scale Drawing Problems
114712,219,7.G.A.1,Solve Scale Drawing Problems
116142,219,7.G.A.1,Solve Scale Drawing Problems
3216,219,7.G.A.1,Solve Scale Drawing Problems
3108,219,7.G.A.1,Solve Scale Drawing Problems
2532,219,7.G.A.1,Solve Scale Drawing Problems
240434,219,7.G.A.1,Solve Scale Drawing Problems
218802,219,7.G.A.1,Solve Scale Drawing Problems
10706,219,7.G.A.1,Solve Scale Drawing Problems
10844,219,7.G.A.1,Solve Scale Drawing Problems
11049,219,7.G.A.1,Solve Scale Drawing Problems
12289,219,7.G.A.1,Solve Scale Drawing Problems
12898,219,7.G.A.1,Solve Scale Drawing Problems
12006,219,7.G.A.1,Solve Scale Drawing Problems
12129,219,7.G.A.1,Solve Scale Drawing Problems
15259,219,7.G.A.1,Solve Scale Drawing Problems
209639,219,7.G.A.1,Solve Scale Drawing Problems
247183,219,7.G.A.1,Solve Scale Drawing Problems
209207,219,7.G.A.1,Solve Scale Drawing Problems
208077,219,7.G.A.1,Solve Scale Drawing Problems
24106,219,7.G.A.1,Solve Scale Drawing Problems
208921,219,7.G.A.1,Solve Scale Drawing Problems
24870,219,7.G.A.1,Solve Scale Drawing Problems
257011,219,7.G.A.1,Solve Scale Drawing Problems
207210,219,7.G.A.1,Solve Scale Drawing Problems
256312,219,7.G.A.1,Solve Scale Drawing Problems
24640,219,7.G.A.1,Solve Scale Drawing Problems
208594,219,7.G.A.1,Solve Scale Drawing Problems
27571,219,7.G.A.1,Solve Scale Drawing Problems
27844,219,7.G.A.1,Solve Scale Drawing Problems
28656,219,7.G.A.1,Solve Scale Drawing Problems
26892,219,7.G.A.1,Solve Scale Drawing Problems
27332,219,7.G.A.1,Solve Scale Drawing Problems
28087,219,7.G.A.1,Solve Scale Drawing Problems
28347,219,7.G.A.1,Solve Scale Drawing Problems
36042,219,7.G.A.1,Solve Scale Drawing Problems
181638,219,7.G.A.1,Solve Scale Drawing Problems
176239,219,7.G.A.1,Solve Scale Drawing Problems
176093,219,7.G.A.1,Solve Scale Drawing Problems
508521,219,7.G.A.1,Solve Scale Drawing Problems
44235,219,7.G.A.1,Solve Scale Drawing Problems
290885,219,7.G.A.1,Solve Scale Drawing Problems
509883,219,7.G.A.1,Solve Scale Drawing Problems
44380,219,7.G.A.1,Solve Scale Drawing Problems
165102,219,7.G.A.1,Solve Scale Drawing Problems
294072,219,7.G.A.1,Solve Scale Drawing Problems
51489,219,7.G.A.1,Solve Scale Drawing Problems
52116,219,7.G.A.1,Solve Scale Drawing Problems
51828,219,7.G.A.1,Solve Scale Drawing Problems
569234,219,7.G.A.1,Solve Scale Drawing Problems
510249,219,7.G.A.1,Solve Scale Drawing Problems
165767,219,7.G.A.1,Solve Scale Drawing Problems
61151,219,7.G.A.1,Solve Scale Drawing Problems
301410,219,7.G.A.1,Solve Scale Drawing Problems
303155,219,7.G.A.1,Solve Scale Drawing Problems
301201,219,7.G.A.1,Solve Scale Drawing Problems
60631,219,7.G.A.1,Solve Scale Drawing Problems
160506,219,7.G.A.1,Solve Scale Drawing Problems
303079,219,7.G.A.1,Solve Scale Drawing Problems
509539,219,7.G.A.1,Solve Scale Drawing Problems
303219,219,7.G.A.1,Solve Scale Drawing Problems
230204,219,7.G.A.1,Solve Scale Drawing Problems
69785,219,7.G.A.1,Solve Scale Drawing Problems
429837,219,7.G.A.1,Solve Scale Drawing Problems
430037,219,7.G.A.1,Solve Scale Drawing Problems
77198,219,7.G.A.1,Solve Scale Drawing Problems
76811,219,7.G.A.1,Solve Scale Drawing Problems
146478,219,7.G.A.1,Solve Scale Drawing Problems
419376,219,7.G.A.1,Solve Scale Drawing Problems
145212,219,7.G.A.1,Solve Scale Drawing Problems
230683,219,7.G.A.1,Solve Scale Drawing Problems
4480,219,7.G.A.1,Solve Scale Drawing Problems
413713,219,7.G.A.1,Solve Scale Drawing Problems
3378,219,7.G.A.1,Solve Scale Drawing Problems
411481,219,7.G.A.1,Solve Scale Drawing Problems
412048,219,7.G.A.1,Solve Scale Drawing Problems
341397,219,7.G.A.1,Solve Scale Drawing Problems
341023,219,7.G.A.1,Solve Scale Drawing Problems
411000,219,7.G.A.1,Solve Scale Drawing Problems
352275,219,7.G.A.1,Solve Scale Drawing Problems
341117,219,7.G.A.1,Solve Scale Drawing Problems
347917,219,7.G.A.1,Solve Scale Drawing Problems
107252,219,7.G.A.1,Solve Scale Drawing Problems
231026,219,7.G.A.1,Solve Scale Drawing Problems
509085,219,7.G.A.1,Solve Scale Drawing Problems
108073,219,7.G.A.1,Solve Scale Drawing Problems
124672,219,7.G.A.1,Solve Scale Drawing Problems
123896,219,7.G.A.1,Solve Scale Drawing Problems
123335,219,7.G.A.1,Solve Scale Drawing Problems
352500,219,7.G.A.1,Solve Scale Drawing Problems
352677,219,7.G.A.1,Solve Scale Drawing Problems
123653,219,7.G.A.1,Solve Scale Drawing Problems
123600,219,7.G.A.1,Solve Scale Drawing Problems
122745,219,7.G.A.1,Solve Scale Drawing Problems
628100,219,7.G.A.1,Solve Scale Drawing Problems
123304,219,7.G.A.1,Solve Scale Drawing Problems
123193,219,7.G.A.1,Solve Scale Drawing Problems
109969,219,7.G.A.1,Solve Scale Drawing Problems
120984,219,7.G.A.1,Solve Scale Drawing Problems
110096,219,7.G.A.1,Solve Scale Drawing Problems
124091,219,7.G.A.1,Solve Scale Drawing Problems
109845,219,7.G.A.1,Solve Scale Drawing Problems
122126,219,7.G.A.1,Solve Scale Drawing Problems
108663,219,7.G.A.1,Solve Scale Drawing Problems
123444,219,7.G.A.1,Solve Scale Drawing Problems
117237,219,7.G.A.1,Solve Scale Drawing Problems
121497,219,7.G.A.1,Solve Scale Drawing Problems
178225,220,7.G.A.2,Draw Geometric Shapes & Unique Triangles
405080,220,7.G.A.2,Draw Geometric Shapes & Unique Triangles
1442,220,7.G.A.2,Draw Geometric Shapes & Unique Triangles
558308,220,7.G.A.2,Draw Geometric Shapes & Unique Triangles
1606,220,7.G.A.2,Draw Geometric Shapes & Unique Triangles
107995,220,7.G.A.2,Draw Geometric Shapes & Unique Triangles
260281,220,7.G.A.2,Draw Geometric Shapes & Unique Triangles
558187,220,7.G.A.2,Draw Geometric Shapes & Unique Triangles
264186,220,7.G.A.2,Draw Geometric Shapes & Unique Triangles
260726,220,7.G.A.2,Draw Geometric Shapes & Unique Triangles
567463,220,7.G.A.2,Draw Geometric Shapes & Unique Triangles
483519,220,7.G.A.2,Draw Geometric Shapes & Unique Triangles
97230,220,7.G.A.2,Draw Geometric Shapes & Unique Triangles
196033,220,7.G.A.2,Draw Geometric Shapes & Unique Triangles
365643,220,7.G.A.2,Draw Geometric Shapes & Unique Triangles
123610,220,7.G.A.2,Draw Geometric Shapes & Unique Triangles
483667,220,7.G.A.2,Draw Geometric Shapes & Unique Triangles
259177,220,7.G.A.2,Draw Geometric Shapes & Unique Triangles
258731,220,7.G.A.2,Draw Geometric Shapes & Unique Triangles
177311,220,7.G.A.2,Draw Geometric Shapes & Unique Triangles
97111,220,7.G.A.2,Draw Geometric Shapes & Unique Triangles
303405,220,7.G.A.2,Draw Geometric Shapes & Unique Triangles
130499,220,7.G.A.2,Draw Geometric Shapes & Unique Triangles
117623,220,7.G.A.2,Draw Geometric Shapes & Unique Triangles
177761,220,7.G.A.2,Draw Geometric Shapes & Unique Triangles
114275,221,7.G.A.3,Describe 2D Cross Sections of 3D figures
7407,221,7.G.A.3,Describe 2D Cross Sections of 3D figures
7158,221,7.G.A.3,Describe 2D Cross Sections of 3D figures
7280,221,7.G.A.3,Describe 2D Cross Sections of 3D figures
7514,221,7.G.A.3,Describe 2D Cross Sections of 3D figures
68115,221,7.G.A.3,Describe 2D Cross Sections of 3D figures
6946,221,7.G.A.3,Describe 2D Cross Sections of 3D figures
348992,221,7.G.A.3,Describe 2D Cross Sections of 3D figures
449437,222,7.G.B.4,Solve Problems Involving Area & Circumference of Circles
270634,222,7.G.B.4,Solve Problems Involving Area & Circumference of Circles
268814,222,7.G.B.4,Solve Problems Involving Area & Circumference of Circles
269908,222,7.G.B.4,Solve Problems Involving Area & Circumference of Circles
271772,222,7.G.B.4,Solve Problems Involving Area & Circumference of Circles
363499,222,7.G.B.4,Solve Problems Involving Area & Circumference of Circles
269382,222,7.G.B.4,Solve Problems Involving Area & Circumference of Circles
176149,222,7.G.B.4,Solve Problems Involving Area & Circumference of Circles
268435,222,7.G.B.4,Solve Problems Involving Area & Circumference of Circles
275547,222,7.G.B.4,Solve Problems Involving Area & Circumference of Circles
270843,222,7.G.B.4,Solve Problems Involving Area & Circumference of Circles
270921,222,7.G.B.4,Solve Problems Involving Area & Circumference of Circles
318098,222,7.G.B.4,Solve Problems Involving Area & Circumference of Circles
317851,222,7.G.B.4,Solve Problems Involving Area & Circumference of Circles
102054,222,7.G.B.4,Solve Problems Involving Area & Circumference of Circles
25643,222,7.G.B.4,Solve Problems Involving Area & Circumference of Circles
318409,222,7.G.B.4,Solve Problems Involving Area & Circumference of Circles
273496,222,7.G.B.4,Solve Problems Involving Area & Circumference of Circles
301355,222,7.G.B.4,Solve Problems Involving Area & Circumference of Circles
449067,222,7.G.B.4,Solve Problems Involving Area & Circumference of Circles
267619,222,7.G.B.4,Solve Problems Involving Area & Circumference of Circles
268157,222,7.G.B.4,Solve Problems Involving Area & Circumference of Circles
202903,222,7.G.B.4,Solve Problems Involving Area & Circumference of Circles
155429,222,7.G.B.4,Solve Problems Involving Area & Circumference of Circles
156264,222,7.G.B.4,Solve Problems Involving Area & Circumference of Circles
595052,222,7.G.B.4,Solve Problems Involving Area & Circumference of Circles
274856,222,7.G.B.4,Solve Problems Involving Area & Circumference of Circles
274359,222,7.G.B.4,Solve Problems Involving Area & Circumference of Circles
272056,222,7.G.B.4,Solve Problems Involving Area & Circumference of Circles
437300,222,7.G.B.4,Solve Problems Involving Area & Circumference of Circles
179995,222,7.G.B.4,Solve Problems Involving Area & Circumference of Circles
301541,222,7.G.B.4,Solve Problems Involving Area & Circumference of Circles
270690,222,7.G.B.4,Solve Problems Involving Area & Circumference of Circles
272853,222,7.G.B.4,Solve Problems Involving Area & Circumference of Circles
437183,222,7.G.B.4,Solve Problems Involving Area & Circumference of Circles
156887,222,7.G.B.4,Solve Problems Involving Area & Circumference of Circles
155089,222,7.G.B.4,Solve Problems Involving Area & Circumference of Circles
271219,222,7.G.B.4,Solve Problems Involving Area & Circumference of Circles
242782,222,7.G.B.4,Solve Problems Involving Area & Circumference of Circles
437057,222,7.G.B.4,Solve Problems Involving Area & Circumference of Circles
25874,222,7.G.B.4,Solve Problems Involving Area & Circumference of Circles
155994,222,7.G.B.4,Solve Problems Involving Area & Circumference of Circles
101757,222,7.G.B.4,Solve Problems Involving Area & Circumference of Circles
437428,222,7.G.B.4,Solve Problems Involving Area & Circumference of Circles
274572,222,7.G.B.4,Solve Problems Involving Area & Circumference of Circles
456048,222,7.G.B.4,Solve Problems Involving Area & Circumference of Circles
301764,222,7.G.B.4,Solve Problems Involving Area & Circumference of Circles
434672,222,7.G.B.4,Solve Problems Involving Area & Circumference of Circles
273737,222,7.G.B.4,Solve Problems Involving Area & Circumference of Circles
302327,222,7.G.B.4,Solve Problems Involving Area & Circumference of Circles
272544,222,7.G.B.4,Solve Problems Involving Area & Circumference of Circles
274114,222,7.G.B.4,Solve Problems Involving Area & Circumference of Circles
26210,222,7.G.B.4,Solve Problems Involving Area & Circumference of Circles
271552,222,7.G.B.4,Solve Problems Involving Area & Circumference of Circles
284643,222,7.G.B.4,Solve Problems Involving Area & Circumference of Circles
242585,222,7.G.B.4,Solve Problems Involving Area & Circumference of Circles
317396,222,7.G.B.4,Solve Problems Involving Area & Circumference of Circles
27039,222,7.G.B.4,Solve Problems Involving Area & Circumference of Circles
267963,222,7.G.B.4,Solve Problems Involving Area & Circumference of Circles
318855,222,7.G.B.4,Solve Problems Involving Area & Circumference of Circles
273221,222,7.G.B.4,Solve Problems Involving Area & Circumference of Circles
268402,222,7.G.B.4,Solve Problems Involving Area & Circumference of Circles
317673,222,7.G.B.4,Solve Problems Involving Area & Circumference of Circles
120203,222,7.G.B.4,Solve Problems Involving Area & Circumference of Circles
662,222,7.G.B.4,Solve Problems Involving Area & Circumference of Circles
272370,222,7.G.B.4,Solve Problems Involving Area & Circumference of Circles
27175,222,7.G.B.4,Solve Problems Involving Area & Circumference of Circles
269095,222,7.G.B.4,Solve Problems Involving Area & Circumference of Circles
302084,222,7.G.B.4,Solve Problems Involving Area & Circumference of Circles
149544,223,7.G.B.4,Solve Problems Involving Area & Circumference of Circles
172418,223,7.G.B.4,Solve Problems Involving Area & Circumference of Circles
172894,223,7.G.B.4,Solve Problems Involving Area & Circumference of Circles
270027,223,7.G.B.4,Solve Problems Involving Area & Circumference of Circles
270843,223,7.G.B.4,Solve Problems Involving Area & Circumference of Circles
270553,223,7.G.B.4,Solve Problems Involving Area & Circumference of Circles
268402,223,7.G.B.4,Solve Problems Involving Area & Circumference of Circles
88453,223,7.G.B.4,Solve Problems Involving Area & Circumference of Circles
294382,223,7.G.B.4,Solve Problems Involving Area & Circumference of Circles
448752,223,7.G.B.4,Solve Problems Involving Area & Circumference of Circles
26348,223,7.G.B.4,Solve Problems Involving Area & Circumference of Circles
88342,223,7.G.B.4,Solve Problems Involving Area & Circumference of Circles
199123,223,7.G.B.4,Solve Problems Involving Area & Circumference of Circles
122706,223,7.G.B.4,Solve Problems Involving Area & Circumference of Circles
56351,223,7.G.B.4,Solve Problems Involving Area & Circumference of Circles
360704,223,7.G.B.4,Solve Problems Involving Area & Circumference of Circles
27175,223,7.G.B.4,Solve Problems Involving Area & Circumference of Circles
26568,223,7.G.B.4,Solve Problems Involving Area & Circumference of Circles
88561,223,7.G.B.4,Solve Problems Involving Area & Circumference of Circles
25445,223,7.G.B.4,Solve Problems Involving Area & Circumference of Circles
594916,223,7.G.B.4,Solve Problems Involving Area & Circumference of Circles
25643,223,7.G.B.4,Solve Problems Involving Area & Circumference of Circles
270246,223,7.G.B.4,Solve Problems Involving Area & Circumference of Circles
172163,223,7.G.B.4,Solve Problems Involving Area & Circumference of Circles
25874,223,7.G.B.4,Solve Problems Involving Area & Circumference of Circles
175501,223,7.G.B.4,Solve Problems Involving Area & Circumference of Circles
7411,223,7.G.B.4,Solve Problems Involving Area & Circumference of Circles
155429,223,7.G.B.4,Solve Problems Involving Area & Circumference of Circles
155680,223,7.G.B.4,Solve Problems Involving Area & Circumference of Circles
120578,223,7.G.B.4,Solve Problems Involving Area & Circumference of Circles
7396,223,7.G.B.4,Solve Problems Involving Area & Circumference of Circles
26908,223,7.G.B.4,Solve Problems Involving Area & Circumference of Circles
172629,223,7.G.B.4,Solve Problems Involving Area & Circumference of Circles
176149,223,7.G.B.4,Solve Problems Involving Area & Circumference of Circles
455884,223,7.G.B.4,Solve Problems Involving Area & Circumference of Circles
178083,223,7.G.B.4,Solve Problems Involving Area & Circumference of Circles
175875,223,7.G.B.4,Solve Problems Involving Area & Circumference of Circles
594916,224,7.G.B.4,Solve Problems Involving Area & Circumference of Circles
457,224,7.G.B.4,Solve Problems Involving Area & Circumference of Circles
595192,224,7.G.B.4,Solve Problems Involving Area & Circumference of Circles
595052,224,7.G.B.4,Solve Problems Involving Area & Circumference of Circles
569,224,7.G.B.4,Solve Problems Involving Area & Circumference of Circles
525911,224,7.G.B.4,Solve Problems Involving Area & Circumference of Circles
23899,224,7.G.B.4,Solve Problems Involving Area & Circumference of Circles
24350,224,7.G.B.4,Solve Problems Involving Area & Circumference of Circles
662,224,7.G.B.4,Solve Problems Involving Area & Circumference of Circles
375373,225,7.G.B.5,Use Facts About Angles to Write & Solve Equations
168990,225,7.G.B.5,Use Facts About Angles to Write & Solve Equations
188665,225,7.G.B.5,Use Facts About Angles to Write & Solve Equations
154915,225,7.G.B.5,Use Facts About Angles to Write & Solve Equations
93262,225,7.G.B.5,Use Facts About Angles to Write & Solve Equations
252146,225,7.G.B.5,Use Facts About Angles to Write & Solve Equations
86560,225,7.G.B.5,Use Facts About Angles to Write & Solve Equations
351786,225,7.G.B.5,Use Facts About Angles to Write & Solve Equations
86650,225,7.G.B.5,Use Facts About Angles to Write & Solve Equations
129121,225,7.G.B.5,Use Facts About Angles to Write & Solve Equations
189053,225,7.G.B.5,Use Facts About Angles to Write & Solve Equations
449139,225,7.G.B.5,Use Facts About Angles to Write & Solve Equations
448806,225,7.G.B.5,Use Facts About Angles to Write & Solve Equations
526525,225,7.G.B.5,Use Facts About Angles to Write & Solve Equations
154426,225,7.G.B.5,Use Facts About Angles to Write & Solve Equations
86456,225,7.G.B.5,Use Facts About Angles to Write & Solve Equations
298893,225,7.G.B.5,Use Facts About Angles to Write & Solve Equations
598936,225,7.G.B.5,Use Facts About Angles to Write & Solve Equations
351554,225,7.G.B.5,Use Facts About Angles to Write & Solve Equations
297072,225,7.G.B.5,Use Facts About Angles to Write & Solve Equations
170408,225,7.G.B.5,Use Facts About Angles to Write & Solve Equations
154202,225,7.G.B.5,Use Facts About Angles to Write & Solve Equations
247252,225,7.G.B.5,Use Facts About Angles to Write & Solve Equations
86365,225,7.G.B.5,Use Facts About Angles to Write & Solve Equations
86798,225,7.G.B.5,Use Facts About Angles to Write & Solve Equations
249250,225,7.G.B.5,Use Facts About Angles to Write & Solve Equations
86278,225,7.G.B.5,Use Facts About Angles to Write & Solve Equations
448452,225,7.G.B.5,Use Facts About Angles to Write & Solve Equations
160140,225,7.G.B.5,Use Facts About Angles to Write & Solve Equations
92551,225,7.G.B.5,Use Facts About Angles to Write & Solve Equations
128818,225,7.G.B.5,Use Facts About Angles to Write & Solve Equations
92939,225,7.G.B.5,Use Facts About Angles to Write & Solve Equations
154657,225,7.G.B.5,Use Facts About Angles to Write & Solve Equations
153940,225,7.G.B.5,Use Facts About Angles to Write & Solve Equations
246605,225,7.G.B.5,Use Facts About Angles to Write & Solve Equations
449555,225,7.G.B.5,Use Facts About Angles to Write & Solve Equations
130937,227,7.G.B.5,Use Facts About Angles to Write & Solve Equations
475938,228,7.G.B.6,"Find Area, Volume & Surface Area of 2D/3D Objects"
674301,228,7.G.B.6,"Find Area, Volume & Surface Area of 2D/3D Objects"
475820,228,7.G.B.6,"Find Area, Volume & Surface Area of 2D/3D Objects"
162087,228,7.G.B.6,"Find Area, Volume & Surface Area of 2D/3D Objects"
155972,228,7.G.B.6,"Find Area, Volume & Surface Area of 2D/3D Objects"
156411,228,7.G.B.6,"Find Area, Volume & Surface Area of 2D/3D Objects"
6562,228,7.G.B.6,"Find Area, Volume & Surface Area of 2D/3D Objects"
3195,229,7.G.B.6,"Find Area, Volume & Surface Area of 2D/3D Objects"
296039,229,7.G.B.6,"Find Area, Volume & Surface Area of 2D/3D Objects"
153688,229,7.G.B.6,"Find Area, Volume & Surface Area of 2D/3D Objects"
251994,229,7.G.B.6,"Find Area, Volume & Surface Area of 2D/3D Objects"
251573,229,7.G.B.6,"Find Area, Volume & Surface Area of 2D/3D Objects"
156599,229,7.G.B.6,"Find Area, Volume & Surface Area of 2D/3D Objects"
153479,229,7.G.B.6,"Find Area, Volume & Surface Area of 2D/3D Objects"
151997,229,7.G.B.6,"Find Area, Volume & Surface Area of 2D/3D Objects"
53711,229,7.G.B.6,"Find Area, Volume & Surface Area of 2D/3D Objects"
302658,229,7.G.B.6,"Find Area, Volume & Surface Area of 2D/3D Objects"
108867,229,7.G.B.6,"Find Area, Volume & Surface Area of 2D/3D Objects"
348314,229,7.G.B.6,"Find Area, Volume & Surface Area of 2D/3D Objects"
226658,229,7.G.B.6,"Find Area, Volume & Surface Area of 2D/3D Objects"
226452,229,7.G.B.6,"Find Area, Volume & Surface Area of 2D/3D Objects"
152711,229,7.G.B.6,"Find Area, Volume & Surface Area of 2D/3D Objects"
44592,229,7.G.B.6,"Find Area, Volume & Surface Area of 2D/3D Objects"
153291,229,7.G.B.6,"Find Area, Volume & Surface Area of 2D/3D Objects"
44926,229,7.G.B.6,"Find Area, Volume & Surface Area of 2D/3D Objects"
108650,229,7.G.B.6,"Find Area, Volume & Surface Area of 2D/3D Objects"
53415,229,7.G.B.6,"Find Area, Volume & Surface Area of 2D/3D Objects"
153106,229,7.G.B.6,"Find Area, Volume & Surface Area of 2D/3D Objects"
207279,229,7.G.B.6,"Find Area, Volume & Surface Area of 2D/3D Objects"
156219,229,7.G.B.6,"Find Area, Volume & Surface Area of 2D/3D Objects"
251741,229,7.G.B.6,"Find Area, Volume & Surface Area of 2D/3D Objects"
132812,229,7.G.B.6,"Find Area, Volume & Surface Area of 2D/3D Objects"
152894,229,7.G.B.6,"Find Area, Volume & Surface Area of 2D/3D Objects"
133008,229,7.G.B.6,"Find Area, Volume & Surface Area of 2D/3D Objects"
244435,230,7.G.B.6,"Find Area, Volume & Surface Area of 2D/3D Objects"
244865,230,7.G.B.6,"Find Area, Volume & Surface Area of 2D/3D Objects"
295905,230,7.G.B.6,"Find Area, Volume & Surface Area of 2D/3D Objects"
110217,230,7.G.B.6,"Find Area, Volume & Surface Area of 2D/3D Objects"
128308,230,7.G.B.6,"Find Area, Volume & Surface Area of 2D/3D Objects"
226249,230,7.G.B.6,"Find Area, Volume & Surface Area of 2D/3D Objects"
674301,230,7.G.B.6,"Find Area, Volume & Surface Area of 2D/3D Objects"
108650,230,7.G.B.6,"Find Area, Volume & Surface Area of 2D/3D Objects"
251741,230,7.G.B.6,"Find Area, Volume & Surface Area of 2D/3D Objects"
152894,230,7.G.B.6,"Find Area, Volume & Surface Area of 2D/3D Objects"
80588,230,7.G.B.6,"Find Area, Volume & Surface Area of 2D/3D Objects"
245152,230,7.G.B.6,"Find Area, Volume & Surface Area of 2D/3D Objects"
131558,230,7.G.B.6,"Find Area, Volume & Surface Area of 2D/3D Objects"
152711,230,7.G.B.6,"Find Area, Volume & Surface Area of 2D/3D Objects"
244645,230,7.G.B.6,"Find Area, Volume & Surface Area of 2D/3D Objects"
153688,230,7.G.B.6,"Find Area, Volume & Surface Area of 2D/3D Objects"
227110,230,7.G.B.6,"Find Area, Volume & Surface Area of 2D/3D Objects"
153291,230,7.G.B.6,"Find Area, Volume & Surface Area of 2D/3D Objects"
153479,230,7.G.B.6,"Find Area, Volume & Surface Area of 2D/3D Objects"
153106,230,7.G.B.6,"Find Area, Volume & Surface Area of 2D/3D Objects"
330320,230,7.G.B.6,"Find Area, Volume & Surface Area of 2D/3D Objects"
348188,230,7.G.B.6,"Find Area, Volume & Surface Area of 2D/3D Objects"
251573,230,7.G.B.6,"Find Area, Volume & Surface Area of 2D/3D Objects"
110096,230,7.G.B.6,"Find Area, Volume & Surface Area of 2D/3D Objects"
373766,230,7.G.B.6,"Find Area, Volume & Surface Area of 2D/3D Objects"
209528,230,7.G.B.6,"Find Area, Volume & Surface Area of 2D/3D Objects"
209221,230,7.G.B.6,"Find Area, Volume & Surface Area of 2D/3D Objects"
156797,230,7.G.B.6,"Find Area, Volume & Surface Area of 2D/3D Objects"
226658,230,7.G.B.6,"Find Area, Volume & Surface Area of 2D/3D Objects"
244890,230,7.G.B.6,"Find Area, Volume & Surface Area of 2D/3D Objects"
124486,230,7.G.B.6,"Find Area, Volume & Surface Area of 2D/3D Objects"
246416,230,7.G.B.6,"Find Area, Volume & Surface Area of 2D/3D Objects"
209608,230,7.G.B.6,"Find Area, Volume & Surface Area of 2D/3D Objects"
162201,230,7.G.B.6,"Find Area, Volume & Surface Area of 2D/3D Objects"
227295,230,7.G.B.6,"Find Area, Volume & Surface Area of 2D/3D Objects"
109845,230,7.G.B.6,"Find Area, Volume & Surface Area of 2D/3D Objects"
109969,230,7.G.B.6,"Find Area, Volume & Surface Area of 2D/3D Objects"
373493,230,7.G.B.6,"Find Area, Volume & Surface Area of 2D/3D Objects"
302268,230,7.G.B.6,"Find Area, Volume & Surface Area of 2D/3D Objects"
124819,230,7.G.B.6,"Find Area, Volume & Surface Area of 2D/3D Objects"
108867,230,7.G.B.6,"Find Area, Volume & Surface Area of 2D/3D Objects"
258429,232,7.SP.A.1,Interpret Methods of Sampling
310109,232,7.SP.A.1,Interpret Methods of Sampling
99239,232,7.SP.A.1,Interpret Methods of Sampling
308995,232,7.SP.A.1,Interpret Methods of Sampling
539325,232,7.SP.A.1,Interpret Methods of Sampling
99112,232,7.SP.A.1,Interpret Methods of Sampling
106396,232,7.SP.A.1,Interpret Methods of Sampling
309627,232,7.SP.A.1,Interpret Methods of Sampling
266053,232,7.SP.A.1,Interpret Methods of Sampling
100451,232,7.SP.A.1,Interpret Methods of Sampling
106494,232,7.SP.A.1,Interpret Methods of Sampling
266182,233,7.SP.A.2,Use Random Samples to Draw Influences
99379,233,7.SP.A.2,Use Random Samples to Draw Influences
23659,233,7.SP.A.2,Use Random Samples to Draw Influences
298906,233,7.SP.A.2,Use Random Samples to Draw Influences
104881,233,7.SP.A.2,Use Random Samples to Draw Influences
215871,233,7.SP.A.2,Use Random Samples to Draw Influences
297237,233,7.SP.A.2,Use Random Samples to Draw Influences
105229,233,7.SP.A.2,Use Random Samples to Draw Influences
106945,233,7.SP.A.2,Use Random Samples to Draw Influences
99112,233,7.SP.A.2,Use Random Samples to Draw Influences
23449,233,7.SP.A.2,Use Random Samples to Draw Influences
298063,233,7.SP.A.2,Use Random Samples to Draw Influences
24873,233,7.SP.A.2,Use Random Samples to Draw Influences
539841,233,7.SP.A.2,Use Random Samples to Draw Influences
298561,233,7.SP.A.2,Use Random Samples to Draw Influences
105511,233,7.SP.A.2,Use Random Samples to Draw Influences
325378,233,7.SP.A.2,Use Random Samples to Draw Influences
403293,233,7.SP.A.2,Use Random Samples to Draw Influences
297976,233,7.SP.A.2,Use Random Samples to Draw Influences
298486,233,7.SP.A.2,Use Random Samples to Draw Influences
266053,233,7.SP.A.2,Use Random Samples to Draw Influences
297138,233,7.SP.A.2,Use Random Samples to Draw Influences
8405,234,7.SP.B.3,Compare Populations using Center & Variability
187130,234,7.SP.B.3,Compare Populations using Center & Variability
267394,234,7.SP.B.3,Compare Populations using Center & Variability
265806,234,7.SP.B.3,Compare Populations using Center & Variability
267307,234,7.SP.B.3,Compare Populations using Center & Variability
187602,234,7.SP.B.3,Compare Populations using Center & Variability
187451,234,7.SP.B.3,Compare Populations using Center & Variability
39707,234,7.SP.B.3,Compare Populations using Center & Variability
39360,234,7.SP.B.3,Compare Populations using Center & Variability
98828,234,7.SP.B.3,Compare Populations using Center & Variability
187306,234,7.SP.B.3,Compare Populations using Center & Variability
187772,234,7.SP.B.3,Compare Populations using Center & Variability
256298,235,7.SP.B.4,Draw Inferences using Measures of Center & Variability
99606,235,7.SP.B.4,Draw Inferences using Measures of Center & Variability
298063,235,7.SP.B.4,Draw Inferences using Measures of Center & Variability
169705,235,7.SP.B.4,Draw Inferences using Measures of Center & Variability
99939,235,7.SP.B.4,Draw Inferences using Measures of Center & Variability
257987,235,7.SP.B.4,Draw Inferences using Measures of Center & Variability
9612,235,7.SP.B.4,Draw Inferences using Measures of Center & Variability
98346,235,7.SP.B.4,Draw Inferences using Measures of Center & Variability
257090,235,7.SP.B.4,Draw Inferences using Measures of Center & Variability
169437,235,7.SP.B.4,Draw Inferences using Measures of Center & Variability
265806,235,7.SP.B.4,Draw Inferences using Measures of Center & Variability
265301,235,7.SP.B.4,Draw Inferences using Measures of Center & Variability
106008,235,7.SP.B.4,Draw Inferences using Measures of Center & Variability
170227,235,7.SP.B.4,Draw Inferences using Measures of Center & Variability
99247,235,7.SP.B.4,Draw Inferences using Measures of Center & Variability
230845,235,7.SP.B.4,Draw Inferences using Measures of Center & Variability
230527,235,7.SP.B.4,Draw Inferences using Measures of Center & Variability
266182,235,7.SP.B.4,Draw Inferences using Measures of Center & Variability
256603,235,7.SP.B.4,Draw Inferences using Measures of Center & Variability
257569,235,7.SP.B.4,Draw Inferences using Measures of Center & Variability
99379,235,7.SP.B.4,Draw Inferences using Measures of Center & Variability
265140,235,7.SP.B.4,Draw Inferences using Measures of Center & Variability
98217,235,7.SP.B.4,Draw Inferences using Measures of Center & Variability
98828,235,7.SP.B.4,Draw Inferences using Measures of Center & Variability
255819,235,7.SP.B.4,Draw Inferences using Measures of Center & Variability
230731,235,7.SP.B.4,Draw Inferences using Measures of Center & Variability
297976,235,7.SP.B.4,Draw Inferences using Measures of Center & Variability
22103,236,7.SP.C.5,Understand that Probability is Between 0-1 & Describes the Likelihood of an Event Occurring
43887,236,7.SP.C.5,Understand that Probability is Between 0-1 & Describes the Likelihood of an Event Occurring
42186,236,7.SP.C.5,Understand that Probability is Between 0-1 & Describes the Likelihood of an Event Occurring
43505,236,7.SP.C.5,Understand that Probability is Between 0-1 & Describes the Likelihood of an Event Occurring
42284,236,7.SP.C.5,Understand that Probability is Between 0-1 & Describes the Likelihood of an Event Occurring
42864,236,7.SP.C.5,Understand that Probability is Between 0-1 & Describes the Likelihood of an Event Occurring
42680,236,7.SP.C.5,Understand that Probability is Between 0-1 & Describes the Likelihood of an Event Occurring
42766,236,7.SP.C.5,Understand that Probability is Between 0-1 & Describes the Likelihood of an Event Occurring
42491,236,7.SP.C.5,Understand that Probability is Between 0-1 & Describes the Likelihood of an Event Occurring
42091,236,7.SP.C.5,Understand that Probability is Between 0-1 & Describes the Likelihood of an Event Occurring
41980,236,7.SP.C.5,Understand that Probability is Between 0-1 & Describes the Likelihood of an Event Occurring
42589,236,7.SP.C.5,Understand that Probability is Between 0-1 & Describes the Likelihood of an Event Occurring
44057,236,7.SP.C.5,Understand that Probability is Between 0-1 & Describes the Likelihood of an Event Occurring
63338,236,7.SP.C.5,Understand that Probability is Between 0-1 & Describes the Likelihood of an Event Occurring
53108,236,7.SP.C.5,Understand that Probability is Between 0-1 & Describes the Likelihood of an Event Occurring
43774,236,7.SP.C.5,Understand that Probability is Between 0-1 & Describes the Likelihood of an Event Occurring
51557,236,7.SP.C.5,Understand that Probability is Between 0-1 & Describes the Likelihood of an Event Occurring
349992,236,7.SP.C.5,Understand that Probability is Between 0-1 & Describes the Likelihood of an Event Occurring
42389,236,7.SP.C.5,Understand that Probability is Between 0-1 & Describes the Likelihood of an Event Occurring
51025,236,7.SP.C.5,Understand that Probability is Between 0-1 & Describes the Likelihood of an Event Occurring
265967,237,7.SP.C.6,Approximate Probability of an Event by Collecting Data
126872,237,7.SP.C.6,Approximate Probability of an Event by Collecting Data
123919,237,7.SP.C.6,Approximate Probability of an Event by Collecting Data
43700,237,7.SP.C.6,Approximate Probability of an Event by Collecting Data
265593,237,7.SP.C.6,Approximate Probability of an Event by Collecting Data
111989,237,7.SP.C.6,Approximate Probability of an Event by Collecting Data
1805,237,7.SP.C.6,Approximate Probability of an Event by Collecting Data
126669,237,7.SP.C.6,Approximate Probability of an Event by Collecting Data
124041,237,7.SP.C.6,Approximate Probability of an Event by Collecting Data
61911,237,7.SP.C.6,Approximate Probability of an Event by Collecting Data
97915,239,7.SP.C.7a,Develop a Uniform Probabilty Model of a Single Event
115723,239,7.SP.C.7a,Develop a Uniform Probabilty Model of a Single Event
100714,239,7.SP.C.7a,Develop a Uniform Probabilty Model of a Single Event
350066,239,7.SP.C.7a,Develop a Uniform Probabilty Model of a Single Event
115545,239,7.SP.C.7a,Develop a Uniform Probabilty Model of a Single Event
44248,239,7.SP.C.7a,Develop a Uniform Probabilty Model of a Single Event
44115,239,7.SP.C.7a,Develop a Uniform Probabilty Model of a Single Event
44396,239,7.SP.C.7a,Develop a Uniform Probabilty Model of a Single Event
62442,240,7.SP.C.7b,Develop a Probability Model of a Single Event
350066,240,7.SP.C.7b,Develop a Probability Model of a Single Event
37832,240,7.SP.C.7b,Develop a Probability Model of a Single Event
37467,240,7.SP.C.7b,Develop a Probability Model of a Single Event
43208,240,7.SP.C.7b,Develop a Probability Model of a Single Event
349910,242,7.SP.C.8a,Understand Probability of a Compound Event
159519,242,7.SP.C.8a,Understand Probability of a Compound Event
250867,242,7.SP.C.8a,Understand Probability of a Compound Event
250608,242,7.SP.C.8a,Understand Probability of a Compound Event
279365,242,7.SP.C.8a,Understand Probability of a Compound Event
277185,242,7.SP.C.8a,Understand Probability of a Compound Event
250727,242,7.SP.C.8a,Understand Probability of a Compound Event
279742,242,7.SP.C.8a,Understand Probability of a Compound Event
350160,243,7.SP.C.8b,Represent Sample Spaces for Compound Events
194852,243,7.SP.C.8b,Represent Sample Spaces for Compound Events
196019,243,7.SP.C.8b,Represent Sample Spaces for Compound Events
195315,243,7.SP.C.8b,Represent Sample Spaces for Compound Events
194307,243,7.SP.C.8b,Represent Sample Spaces for Compound Events
3705,244,7.SP.C.8b,Represent Sample Spaces for Compound Events
207655,244,7.SP.C.8b,Represent Sample Spaces for Compound Events
633159,244,7.SP.C.8b,Represent Sample Spaces for Compound Events
71072,244,7.SP.C.8b,Represent Sample Spaces for Compound Events
3566,244,7.SP.C.8b,Represent Sample Spaces for Compound Events
633512,244,7.SP.C.8b,Represent Sample Spaces for Compound Events
278217,244,7.SP.C.8b,Represent Sample Spaces for Compound Events
96485,244,7.SP.C.8b,Represent Sample Spaces for Compound Events
126669,244,7.SP.C.8b,Represent Sample Spaces for Compound Events
126872,244,7.SP.C.8b,Represent Sample Spaces for Compound Events
632697,244,7.SP.C.8b,Represent Sample Spaces for Compound Events
207427,244,7.SP.C.8b,Represent Sample Spaces for Compound Events
207084,244,7.SP.C.8b,Represent Sample Spaces for Compound Events
96902,244,7.SP.C.8b,Represent Sample Spaces for Compound Events
350160,244,7.SP.C.8b,Represent Sample Spaces for Compound Events
207316,244,7.SP.C.8b,Represent Sample Spaces for Compound Events
277725,244,7.SP.C.8b,Represent Sample Spaces for Compound Events
198767,245,7.SP.C.8c,Design & Use a Simulation for Compound Events
350066,245,7.SP.C.8c,Design & Use a Simulation for Compound Events
390129,245,7.SP.C.8c,Design & Use a Simulation for Compound Events
390558,245,7.SP.C.8c,Design & Use a Simulation for Compound Events
390823,245,7.SP.C.8c,Design & Use a Simulation for Compound Events
77989,245,7.SP.C.8c,Design & Use a Simulation for Compound Events
78469,245,7.SP.C.8c,Design & Use a Simulation for Compound Events
312048,246,8.NS.A.1,Understand & Approximate Rational & Irrational Numbers
522651,246,8.NS.A.1,Understand & Approximate Rational & Irrational Numbers
87272,246,8.NS.A.1,Understand & Approximate Rational & Irrational Numbers
523084,246,8.NS.A.1,Understand & Approximate Rational & Irrational Numbers
311896,246,8.NS.A.1,Understand & Approximate Rational & Irrational Numbers
522897,246,8.NS.A.1,Understand & Approximate Rational & Irrational Numbers
10283,246,8.NS.A.1,Understand & Approximate Rational & Irrational Numbers
15689,247,8.NS.A.2,Approximate Irrational Numbers
46660,247,8.NS.A.2,Approximate Irrational Numbers
423932,247,8.NS.A.2,Approximate Irrational Numbers
423768,247,8.NS.A.2,Approximate Irrational Numbers
423100,247,8.NS.A.2,Approximate Irrational Numbers
423276,247,8.NS.A.2,Approximate Irrational Numbers
423601,247,8.NS.A.2,Approximate Irrational Numbers
423450,247,8.NS.A.2,Approximate Irrational Numbers
424081,247,8.NS.A.2,Approximate Irrational Numbers
116435,247,8.NS.A.2,Approximate Irrational Numbers
117002,247,8.NS.A.2,Approximate Irrational Numbers
116703,247,8.NS.A.2,Approximate Irrational Numbers
117298,247,8.NS.A.2,Approximate Irrational Numbers
146354,247,8.NS.A.2,Approximate Irrational Numbers
146523,247,8.NS.A.2,Approximate Irrational Numbers
315827,247,8.NS.A.2,Approximate Irrational Numbers
307803,247,8.NS.A.2,Approximate Irrational Numbers
307502,247,8.NS.A.2,Approximate Irrational Numbers
277038,247,8.NS.A.2,Approximate Irrational Numbers
276480,247,8.NS.A.2,Approximate Irrational Numbers
276874,247,8.NS.A.2,Approximate Irrational Numbers
276040,247,8.NS.A.2,Approximate Irrational Numbers
276338,247,8.NS.A.2,Approximate Irrational Numbers
276196,247,8.NS.A.2,Approximate Irrational Numbers
276705,247,8.NS.A.2,Approximate Irrational Numbers
277212,247,8.NS.A.2,Approximate Irrational Numbers
316129,248,8.NS.A.2,Approximate Irrational Numbers
10115,248,8.NS.A.2,Approximate Irrational Numbers
469527,249,8.EE.A.1,Know & Apply Properties of Exponents
278747,249,8.EE.A.1,Know & Apply Properties of Exponents
192377,249,8.EE.A.1,Know & Apply Properties of Exponents
192067,249,8.EE.A.1,Know & Apply Properties of Exponents
58041,249,8.EE.A.1,Know & Apply Properties of Exponents
58180,249,8.EE.A.1,Know & Apply Properties of Exponents
263567,249,8.EE.A.1,Know & Apply Properties of Exponents
263664,249,8.EE.A.1,Know & Apply Properties of Exponents
552296,249,8.EE.A.1,Know & Apply Properties of Exponents
25252,249,8.EE.A.1,Know & Apply Properties of Exponents
425079,249,8.EE.A.1,Know & Apply Properties of Exponents
424891,249,8.EE.A.1,Know & Apply Properties of Exponents
424251,249,8.EE.A.1,Know & Apply Properties of Exponents
424722,249,8.EE.A.1,Know & Apply Properties of Exponents
424393,249,8.EE.A.1,Know & Apply Properties of Exponents
424567,249,8.EE.A.1,Know & Apply Properties of Exponents
469703,249,8.EE.A.1,Know & Apply Properties of Exponents
12211,249,8.EE.A.1,Know & Apply Properties of Exponents
12381,249,8.EE.A.1,Know & Apply Properties of Exponents
12541,249,8.EE.A.1,Know & Apply Properties of Exponents
469613,249,8.EE.A.1,Know & Apply Properties of Exponents
9879,249,8.EE.A.1,Know & Apply Properties of Exponents
7829,249,8.EE.A.1,Know & Apply Properties of Exponents
7635,249,8.EE.A.1,Know & Apply Properties of Exponents
552200,249,8.EE.A.1,Know & Apply Properties of Exponents
359589,249,8.EE.A.1,Know & Apply Properties of Exponents
221966,250,8.EE.A.1,Know & Apply Properties of Exponents
91640,250,8.EE.A.1,Know & Apply Properties of Exponents
552200,250,8.EE.A.1,Know & Apply Properties of Exponents
263567,250,8.EE.A.1,Know & Apply Properties of Exponents
245814,251,8.EE.A.1,Know & Apply Properties of Exponents
356718,252,8.EE.A.2,Evaluate Square & Cube Roots
356901,252,8.EE.A.2,Evaluate Square & Cube Roots
355425,252,8.EE.A.2,Evaluate Square & Cube Roots
357082,252,8.EE.A.2,Evaluate Square & Cube Roots
357261,252,8.EE.A.2,Evaluate Square & Cube Roots
355769,252,8.EE.A.2,Evaluate Square & Cube Roots
355074,252,8.EE.A.2,Evaluate Square & Cube Roots
212585,252,8.EE.A.2,Evaluate Square & Cube Roots
356075,252,8.EE.A.2,Evaluate Square & Cube Roots
94804,252,8.EE.A.2,Evaluate Square & Cube Roots
412709,252,8.EE.A.2,Evaluate Square & Cube Roots
332084,252,8.EE.A.2,Evaluate Square & Cube Roots
331279,252,8.EE.A.2,Evaluate Square & Cube Roots
331115,252,8.EE.A.2,Evaluate Square & Cube Roots
330781,252,8.EE.A.2,Evaluate Square & Cube Roots
330621,252,8.EE.A.2,Evaluate Square & Cube Roots
332235,252,8.EE.A.2,Evaluate Square & Cube Roots
330959,252,8.EE.A.2,Evaluate Square & Cube Roots
331947,252,8.EE.A.2,Evaluate Square & Cube Roots
331773,252,8.EE.A.2,Evaluate Square & Cube Roots
331447,252,8.EE.A.2,Evaluate Square & Cube Roots
330485,252,8.EE.A.2,Evaluate Square & Cube Roots
331613,252,8.EE.A.2,Evaluate Square & Cube Roots
86904,252,8.EE.A.2,Evaluate Square & Cube Roots
252048,252,8.EE.A.2,Evaluate Square & Cube Roots
315734,252,8.EE.A.2,Evaluate Square & Cube Roots
316129,252,8.EE.A.2,Evaluate Square & Cube Roots
478012,252,8.EE.A.2,Evaluate Square & Cube Roots
161350,252,8.EE.A.2,Evaluate Square & Cube Roots
162174,252,8.EE.A.2,Evaluate Square & Cube Roots
161838,252,8.EE.A.2,Evaluate Square & Cube Roots
161664,252,8.EE.A.2,Evaluate Square & Cube Roots
46264,252,8.EE.A.2,Evaluate Square & Cube Roots
238057,253,8.EE.A.3,Expressing Quantities in Scientific Notation
398365,253,8.EE.A.3,Expressing Quantities in Scientific Notation
262979,253,8.EE.A.3,Expressing Quantities in Scientific Notation
116755,253,8.EE.A.3,Expressing Quantities in Scientific Notation
263239,253,8.EE.A.3,Expressing Quantities in Scientific Notation
551634,253,8.EE.A.3,Expressing Quantities in Scientific Notation
198955,253,8.EE.A.3,Expressing Quantities in Scientific Notation
104232,253,8.EE.A.3,Expressing Quantities in Scientific Notation
105610,253,8.EE.A.3,Expressing Quantities in Scientific Notation
104560,253,8.EE.A.3,Expressing Quantities in Scientific Notation
199191,253,8.EE.A.3,Expressing Quantities in Scientific Notation
490287,253,8.EE.A.3,Expressing Quantities in Scientific Notation
83409,253,8.EE.A.3,Expressing Quantities in Scientific Notation
208025,253,8.EE.A.3,Expressing Quantities in Scientific Notation
551805,253,8.EE.A.3,Expressing Quantities in Scientific Notation
552200,254,8.EE.A.4,Apply Scientific Notation Operations
11875,254,8.EE.A.4,Apply Scientific Notation Operations
552392,254,8.EE.A.4,Apply Scientific Notation Operations
551805,254,8.EE.A.4,Apply Scientific Notation Operations
398730,254,8.EE.A.4,Apply Scientific Notation Operations
399091,254,8.EE.A.4,Apply Scientific Notation Operations
278407,254,8.EE.A.4,Apply Scientific Notation Operations
63961,254,8.EE.A.4,Apply Scientific Notation Operations
263239,254,8.EE.A.4,Apply Scientific Notation Operations
551634,254,8.EE.A.4,Apply Scientific Notation Operations
198121,254,8.EE.A.4,Apply Scientific Notation Operations
263567,254,8.EE.A.4,Apply Scientific Notation Operations
198440,254,8.EE.A.4,Apply Scientific Notation Operations
63639,254,8.EE.A.4,Apply Scientific Notation Operations
58527,254,8.EE.A.4,Apply Scientific Notation Operations
263739,254,8.EE.A.4,Apply Scientific Notation Operations
25543,254,8.EE.A.4,Apply Scientific Notation Operations
25844,254,8.EE.A.4,Apply Scientific Notation Operations
262979,254,8.EE.A.4,Apply Scientific Notation Operations
198635,254,8.EE.A.4,Apply Scientific Notation Operations
257027,254,8.EE.A.4,Apply Scientific Notation Operations
258192,254,8.EE.A.4,Apply Scientific Notation Operations
258045,254,8.EE.A.4,Apply Scientific Notation Operations
257260,254,8.EE.A.4,Apply Scientific Notation Operations
257525,254,8.EE.A.4,Apply Scientific Notation Operations
257604,254,8.EE.A.4,Apply Scientific Notation Operations
257097,254,8.EE.A.4,Apply Scientific Notation Operations
257352,254,8.EE.A.4,Apply Scientific Notation Operations
22352,254,8.EE.A.4,Apply Scientific Notation Operations
83841,254,8.EE.A.4,Apply Scientific Notation Operations
22473,254,8.EE.A.4,Apply Scientific Notation Operations
79163,255,8.EE.B.5,Compare Slopes of Proportional Relationships
211231,255,8.EE.B.5,Compare Slopes of Proportional Relationships
211131,255,8.EE.B.5,Compare Slopes of Proportional Relationships
192118,255,8.EE.B.5,Compare Slopes of Proportional Relationships
157579,255,8.EE.B.5,Compare Slopes of Proportional Relationships
195004,255,8.EE.B.5,Compare Slopes of Proportional Relationships
211312,255,8.EE.B.5,Compare Slopes of Proportional Relationships
77471,255,8.EE.B.5,Compare Slopes of Proportional Relationships
209506,255,8.EE.B.5,Compare Slopes of Proportional Relationships
79065,255,8.EE.B.5,Compare Slopes of Proportional Relationships
79256,255,8.EE.B.5,Compare Slopes of Proportional Relationships
236549,256,8.EE.B.6,Find Slope of a Line using Similar Triangles
239904,256,8.EE.B.6,Find Slope of a Line using Similar Triangles
27019,256,8.EE.B.6,Find Slope of a Line using Similar Triangles
146496,256,8.EE.B.6,Find Slope of a Line using Similar Triangles
381490,256,8.EE.B.6,Find Slope of a Line using Similar Triangles
33513,256,8.EE.B.6,Find Slope of a Line using Similar Triangles
159061,256,8.EE.B.6,Find Slope of a Line using Similar Triangles
158484,256,8.EE.B.6,Find Slope of a Line using Similar Triangles
381865,256,8.EE.B.6,Find Slope of a Line using Similar Triangles
184584,256,8.EE.B.6,Find Slope of a Line using Similar Triangles
197850,256,8.EE.B.6,Find Slope of a Line using Similar Triangles
27460,256,8.EE.B.6,Find Slope of a Line using Similar Triangles
158769,256,8.EE.B.6,Find Slope of a Line using Similar Triangles
165287,256,8.EE.B.6,Find Slope of a Line using Similar Triangles
184366,256,8.EE.B.6,Find Slope of a Line using Similar Triangles
165038,256,8.EE.B.6,Find Slope of a Line using Similar Triangles
27276,256,8.EE.B.6,Find Slope of a Line using Similar Triangles
49232,256,8.EE.B.6,Find Slope of a Line using Similar Triangles
28352,256,8.EE.B.6,Find Slope of a Line using Similar Triangles
190990,256,8.EE.B.6,Find Slope of a Line using Similar Triangles
190411,256,8.EE.B.6,Find Slope of a Line using Similar Triangles
184867,256,8.EE.B.6,Find Slope of a Line using Similar Triangles
190835,256,8.EE.B.6,Find Slope of a Line using Similar Triangles
43045,256,8.EE.B.6,Find Slope of a Line using Similar Triangles
184505,256,8.EE.B.6,Find Slope of a Line using Similar Triangles
16728,258,8.EE.C.7a,"Solve Linear Equations with One, Multiple or No Solutions"
147962,258,8.EE.C.7a,"Solve Linear Equations with One, Multiple or No Solutions"
148145,258,8.EE.C.7a,"Solve Linear Equations with One, Multiple or No Solutions"
148466,258,8.EE.C.7a,"Solve Linear Equations with One, Multiple or No Solutions"
524173,258,8.EE.C.7a,"Solve Linear Equations with One, Multiple or No Solutions"
147769,258,8.EE.C.7a,"Solve Linear Equations with One, Multiple or No Solutions"
16591,258,8.EE.C.7a,"Solve Linear Equations with One, Multiple or No Solutions"
77227,258,8.EE.C.7a,"Solve Linear Equations with One, Multiple or No Solutions"
386019,258,8.EE.C.7a,"Solve Linear Equations with One, Multiple or No Solutions"
17667,258,8.EE.C.7a,"Solve Linear Equations with One, Multiple or No Solutions"
386445,258,8.EE.C.7a,"Solve Linear Equations with One, Multiple or No Solutions"
146938,258,8.EE.C.7a,"Solve Linear Equations with One, Multiple or No Solutions"
333395,258,8.EE.C.7a,"Solve Linear Equations with One, Multiple or No Solutions"
500624,258,8.EE.C.7a,"Solve Linear Equations with One, Multiple or No Solutions"
16856,258,8.EE.C.7a,"Solve Linear Equations with One, Multiple or No Solutions"
148285,258,8.EE.C.7a,"Solve Linear Equations with One, Multiple or No Solutions"
360720,258,8.EE.C.7a,"Solve Linear Equations with One, Multiple or No Solutions"
146473,258,8.EE.C.7a,"Solve Linear Equations with One, Multiple or No Solutions"
150654,258,8.EE.C.7a,"Solve Linear Equations with One, Multiple or No Solutions"
108574,258,8.EE.C.7a,"Solve Linear Equations with One, Multiple or No Solutions"
155556,259,8.EE.C.7b,Solve Multi-Step Linear Equations with Rational Number Coefficients
328823,259,8.EE.C.7b,Solve Multi-Step Linear Equations with Rational Number Coefficients
155341,259,8.EE.C.7b,Solve Multi-Step Linear Equations with Rational Number Coefficients
184908,259,8.EE.C.7b,Solve Multi-Step Linear Equations with Rational Number Coefficients
104135,259,8.EE.C.7b,Solve Multi-Step Linear Equations with Rational Number Coefficients
382378,259,8.EE.C.7b,Solve Multi-Step Linear Equations with Rational Number Coefficients
231799,259,8.EE.C.7b,Solve Multi-Step Linear Equations with Rational Number Coefficients
93475,259,8.EE.C.7b,Solve Multi-Step Linear Equations with Rational Number Coefficients
498517,259,8.EE.C.7b,Solve Multi-Step Linear Equations with Rational Number Coefficients
83813,259,8.EE.C.7b,Solve Multi-Step Linear Equations with Rational Number Coefficients
331322,259,8.EE.C.7b,Solve Multi-Step Linear Equations with Rational Number Coefficients
131672,259,8.EE.C.7b,Solve Multi-Step Linear Equations with Rational Number Coefficients
579648,259,8.EE.C.7b,Solve Multi-Step Linear Equations with Rational Number Coefficients
55154,259,8.EE.C.7b,Solve Multi-Step Linear Equations with Rational Number Coefficients
148754,259,8.EE.C.7b,Solve Multi-Step Linear Equations with Rational Number Coefficients
294102,259,8.EE.C.7b,Solve Multi-Step Linear Equations with Rational Number Coefficients
131293,259,8.EE.C.7b,Solve Multi-Step Linear Equations with Rational Number Coefficients
190961,259,8.EE.C.7b,Solve Multi-Step Linear Equations with Rational Number Coefficients
95029,259,8.EE.C.7b,Solve Multi-Step Linear Equations with Rational Number Coefficients
231522,259,8.EE.C.7b,Solve Multi-Step Linear Equations with Rational Number Coefficients
230038,259,8.EE.C.7b,Solve Multi-Step Linear Equations with Rational Number Coefficients
128305,259,8.EE.C.7b,Solve Multi-Step Linear Equations with Rational Number Coefficients
248217,259,8.EE.C.7b,Solve Multi-Step Linear Equations with Rational Number Coefficients
94737,259,8.EE.C.7b,Solve Multi-Step Linear Equations with Rational Number Coefficients
132416,259,8.EE.C.7b,Solve Multi-Step Linear Equations with Rational Number Coefficients
131112,259,8.EE.C.7b,Solve Multi-Step Linear Equations with Rational Number Coefficients
328341,259,8.EE.C.7b,Solve Multi-Step Linear Equations with Rational Number Coefficients
219375,259,8.EE.C.7b,Solve Multi-Step Linear Equations with Rational Number Coefficients
131520,259,8.EE.C.7b,Solve Multi-Step Linear Equations with Rational Number Coefficients
132200,259,8.EE.C.7b,Solve Multi-Step Linear Equations with Rational Number Coefficients
219253,259,8.EE.C.7b,Solve Multi-Step Linear Equations with Rational Number Coefficients
530004,259,8.EE.C.7b,Solve Multi-Step Linear Equations with Rational Number Coefficients
592014,259,8.EE.C.7b,Solve Multi-Step Linear Equations with Rational Number Coefficients
132688,259,8.EE.C.7b,Solve Multi-Step Linear Equations with Rational Number Coefficients
388305,259,8.EE.C.7b,Solve Multi-Step Linear Equations with Rational Number Coefficients
329327,259,8.EE.C.7b,Solve Multi-Step Linear Equations with Rational Number Coefficients
94876,259,8.EE.C.7b,Solve Multi-Step Linear Equations with Rational Number Coefficients
155730,259,8.EE.C.7b,Solve Multi-Step Linear Equations with Rational Number Coefficients
330016,259,8.EE.C.7b,Solve Multi-Step Linear Equations with Rational Number Coefficients
387953,259,8.EE.C.7b,Solve Multi-Step Linear Equations with Rational Number Coefficients
132932,259,8.EE.C.7b,Solve Multi-Step Linear Equations with Rational Number Coefficients
191140,259,8.EE.C.7b,Solve Multi-Step Linear Equations with Rational Number Coefficients
150076,259,8.EE.C.7b,Solve Multi-Step Linear Equations with Rational Number Coefficients
148929,259,8.EE.C.7b,Solve Multi-Step Linear Equations with Rational Number Coefficients
387531,259,8.EE.C.7b,Solve Multi-Step Linear Equations with Rational Number Coefficients
231289,259,8.EE.C.7b,Solve Multi-Step Linear Equations with Rational Number Coefficients
234184,259,8.EE.C.7b,Solve Multi-Step Linear Equations with Rational Number Coefficients
149101,259,8.EE.C.7b,Solve Multi-Step Linear Equations with Rational Number Coefficients
360109,259,8.EE.C.7b,Solve Multi-Step Linear Equations with Rational Number Coefficients
131367,259,8.EE.C.7b,Solve Multi-Step Linear Equations with Rational Number Coefficients
131899,259,8.EE.C.7b,Solve Multi-Step Linear Equations with Rational Number Coefficients
131134,259,8.EE.C.7b,Solve Multi-Step Linear Equations with Rational Number Coefficients
430695,259,8.EE.C.7b,Solve Multi-Step Linear Equations with Rational Number Coefficients
591787,259,8.EE.C.7b,Solve Multi-Step Linear Equations with Rational Number Coefficients
233384,259,8.EE.C.7b,Solve Multi-Step Linear Equations with Rational Number Coefficients
331070,259,8.EE.C.7b,Solve Multi-Step Linear Equations with Rational Number Coefficients
330854,259,8.EE.C.7b,Solve Multi-Step Linear Equations with Rational Number Coefficients
133257,259,8.EE.C.7b,Solve Multi-Step Linear Equations with Rational Number Coefficients
527725,259,8.EE.C.7b,Solve Multi-Step Linear Equations with Rational Number Coefficients
293786,259,8.EE.C.7b,Solve Multi-Step Linear Equations with Rational Number Coefficients
113306,261,8.EE.C.8a,Identify Solutions to Systems of Equations Using Graphs
114103,261,8.EE.C.8a,Identify Solutions to Systems of Equations Using Graphs
84475,261,8.EE.C.8a,Identify Solutions to Systems of Equations Using Graphs
84315,261,8.EE.C.8a,Identify Solutions to Systems of Equations Using Graphs
84651,261,8.EE.C.8a,Identify Solutions to Systems of Equations Using Graphs
141750,261,8.EE.C.8a,Identify Solutions to Systems of Equations Using Graphs
113820,261,8.EE.C.8a,Identify Solutions to Systems of Equations Using Graphs
113562,261,8.EE.C.8a,Identify Solutions to Systems of Equations Using Graphs
129599,261,8.EE.C.8a,Identify Solutions to Systems of Equations Using Graphs
297047,261,8.EE.C.8a,Identify Solutions to Systems of Equations Using Graphs
384509,261,8.EE.C.8a,Identify Solutions to Systems of Equations Using Graphs
126461,261,8.EE.C.8a,Identify Solutions to Systems of Equations Using Graphs
194106,261,8.EE.C.8a,Identify Solutions to Systems of Equations Using Graphs
129804,261,8.EE.C.8a,Identify Solutions to Systems of Equations Using Graphs
398888,261,8.EE.C.8a,Identify Solutions to Systems of Equations Using Graphs
114342,261,8.EE.C.8a,Identify Solutions to Systems of Equations Using Graphs
130008,261,8.EE.C.8a,Identify Solutions to Systems of Equations Using Graphs
114797,261,8.EE.C.8a,Identify Solutions to Systems of Equations Using Graphs
223780,261,8.EE.C.8a,Identify Solutions to Systems of Equations Using Graphs
114584,261,8.EE.C.8a,Identify Solutions to Systems of Equations Using Graphs
113066,261,8.EE.C.8a,Identify Solutions to Systems of Equations Using Graphs
296856,262,8.EE.C.8b,Solve Systems of Linear Equations Algebraically
91020,262,8.EE.C.8b,Solve Systems of Linear Equations Algebraically
99441,262,8.EE.C.8b,Solve Systems of Linear Equations Algebraically
14761,262,8.EE.C.8b,Solve Systems of Linear Equations Algebraically
227799,262,8.EE.C.8b,Solve Systems of Linear Equations Algebraically
77479,262,8.EE.C.8b,Solve Systems of Linear Equations Algebraically
99193,262,8.EE.C.8b,Solve Systems of Linear Equations Algebraically
104427,262,8.EE.C.8b,Solve Systems of Linear Equations Algebraically
306064,262,8.EE.C.8b,Solve Systems of Linear Equations Algebraically
225929,263,8.EE.C.8c,Solve Systems of Linear Equations Word Problems
503,263,8.EE.C.8c,Solve Systems of Linear Equations Word Problems
253,263,8.EE.C.8c,Solve Systems of Linear Equations Word Problems
105121,263,8.EE.C.8c,Solve Systems of Linear Equations Word Problems
153081,263,8.EE.C.8c,Solve Systems of Linear Equations Word Problems
1867,263,8.EE.C.8c,Solve Systems of Linear Equations Word Problems
232017,263,8.EE.C.8c,Solve Systems of Linear Equations Word Problems
180036,263,8.EE.C.8c,Solve Systems of Linear Equations Word Problems
232208,263,8.EE.C.8c,Solve Systems of Linear Equations Word Problems
226545,263,8.EE.C.8c,Solve Systems of Linear Equations Word Problems
180127,263,8.EE.C.8c,Solve Systems of Linear Equations Word Problems
682,263,8.EE.C.8c,Solve Systems of Linear Equations Word Problems
233998,263,8.EE.C.8c,Solve Systems of Linear Equations Word Problems
47808,263,8.EE.C.8c,Solve Systems of Linear Equations Word Problems
89416,263,8.EE.C.8c,Solve Systems of Linear Equations Word Problems
146750,263,8.EE.C.8c,Solve Systems of Linear Equations Word Problems
225403,263,8.EE.C.8c,Solve Systems of Linear Equations Word Problems
232533,263,8.EE.C.8c,Solve Systems of Linear Equations Word Problems
233780,263,8.EE.C.8c,Solve Systems of Linear Equations Word Problems
232362,263,8.EE.C.8c,Solve Systems of Linear Equations Word Problems
19954,263,8.EE.C.8c,Solve Systems of Linear Equations Word Problems
144266,264,8.F.A.1,Understand Definition of a Function
89069,264,8.F.A.1,Understand Definition of a Function
88965,264,8.F.A.1,Understand Definition of a Function
297716,264,8.F.A.1,Understand Definition of a Function
88607,264,8.F.A.1,Understand Definition of a Function
89270,264,8.F.A.1,Understand Definition of a Function
296303,264,8.F.A.1,Understand Definition of a Function
89478,264,8.F.A.1,Understand Definition of a Function
87902,264,8.F.A.1,Understand Definition of a Function
88255,264,8.F.A.1,Understand Definition of a Function
340198,264,8.F.A.1,Understand Definition of a Function
348832,264,8.F.A.1,Understand Definition of a Function
292178,264,8.F.A.1,Understand Definition of a Function
211131,264,8.F.A.1,Understand Definition of a Function
269076,265,8.F.A.2,Compare Functions in Different Forms
138133,265,8.F.A.2,Compare Functions in Different Forms
137984,265,8.F.A.2,Compare Functions in Different Forms
180476,266,8.F.A.3,Identify Linear & Non-Linear Functions
297716,266,8.F.A.3,Identify Linear & Non-Linear Functions
348832,266,8.F.A.3,Identify Linear & Non-Linear Functions
149599,266,8.F.A.3,Identify Linear & Non-Linear Functions
291134,266,8.F.A.3,Identify Linear & Non-Linear Functions
291282,266,8.F.A.3,Identify Linear & Non-Linear Functions
180143,266,8.F.A.3,Identify Linear & Non-Linear Functions
179830,266,8.F.A.3,Identify Linear & Non-Linear Functions
348674,266,8.F.A.3,Identify Linear & Non-Linear Functions
180292,266,8.F.A.3,Identify Linear & Non-Linear Functions
296303,266,8.F.A.3,Identify Linear & Non-Linear Functions
524173,267,8.F.B.4,Use Functions to Model Relationships Between Quantities
296303,267,8.F.B.4,Use Functions to Model Relationships Between Quantities
17046,268,8.F.B.4,Use Functions to Model Relationships Between Quantities
109764,269,8.F.B.4,Use Functions to Model Relationships Between Quantities
110017,269,8.F.B.4,Use Functions to Model Relationships Between Quantities
165645,270,8.F.B.4,Use Functions to Model Relationships Between Quantities
236767,270,8.F.B.4,Use Functions to Model Relationships Between Quantities
132337,270,8.F.B.4,Use Functions to Model Relationships Between Quantities
144363,270,8.F.B.4,Use Functions to Model Relationships Between Quantities
331866,270,8.F.B.4,Use Functions to Model Relationships Between Quantities
165535,270,8.F.B.4,Use Functions to Model Relationships Between Quantities
306325,270,8.F.B.4,Use Functions to Model Relationships Between Quantities
237129,270,8.F.B.4,Use Functions to Model Relationships Between Quantities
166028,270,8.F.B.4,Use Functions to Model Relationships Between Quantities
332048,270,8.F.B.4,Use Functions to Model Relationships Between Quantities
132090,270,8.F.B.4,Use Functions to Model Relationships Between Quantities
325132,270,8.F.B.4,Use Functions to Model Relationships Between Quantities
487616,270,8.F.B.4,Use Functions to Model Relationships Between Quantities
383239,270,8.F.B.4,Use Functions to Model Relationships Between Quantities
412814,270,8.F.B.4,Use Functions to Model Relationships Between Quantities
165896,270,8.F.B.4,Use Functions to Model Relationships Between Quantities
340440,270,8.F.B.4,Use Functions to Model Relationships Between Quantities
50741,270,8.F.B.4,Use Functions to Model Relationships Between Quantities
20361,270,8.F.B.4,Use Functions to Model Relationships Between Quantities
165778,270,8.F.B.4,Use Functions to Model Relationships Between Quantities
236954,270,8.F.B.4,Use Functions to Model Relationships Between Quantities
186281,271,8.F.B.4,Use Functions to Model Relationships Between Quantities
187219,271,8.F.B.4,Use Functions to Model Relationships Between Quantities
187127,271,8.F.B.4,Use Functions to Model Relationships Between Quantities
185874,271,8.F.B.4,Use Functions to Model Relationships Between Quantities
18591,271,8.F.B.4,Use Functions to Model Relationships Between Quantities
18775,271,8.F.B.4,Use Functions to Model Relationships Between Quantities
87931,273,8.F.B.4,Use Functions to Model Relationships Between Quantities
87609,273,8.F.B.4,Use Functions to Model Relationships Between Quantities
330357,273,8.F.B.4,Use Functions to Model Relationships Between Quantities
578697,273,8.F.B.4,Use Functions to Model Relationships Between Quantities
579179,273,8.F.B.4,Use Functions to Model Relationships Between Quantities
88244,273,8.F.B.4,Use Functions to Model Relationships Between Quantities
132090,273,8.F.B.4,Use Functions to Model Relationships Between Quantities
342229,274,8.F.B.4,Use Functions to Model Relationships Between Quantities
190990,274,8.F.B.4,Use Functions to Model Relationships Between Quantities
426071,274,8.F.B.4,Use Functions to Model Relationships Between Quantities
99193,274,8.F.B.4,Use Functions to Model Relationships Between Quantities
148105,274,8.F.B.4,Use Functions to Model Relationships Between Quantities
190835,274,8.F.B.4,Use Functions to Model Relationships Between Quantities
99441,274,8.F.B.4,Use Functions to Model Relationships Between Quantities
190411,274,8.F.B.4,Use Functions to Model Relationships Between Quantities
161738,274,8.F.B.4,Use Functions to Model Relationships Between Quantities
56987,275,8.F.B.4,Use Functions to Model Relationships Between Quantities
55933,275,8.F.B.4,Use Functions to Model Relationships Between Quantities
304444,275,8.F.B.4,Use Functions to Model Relationships Between Quantities
304606,275,8.F.B.4,Use Functions to Model Relationships Between Quantities
250205,277,8.F.B.4,Use Functions to Model Relationships Between Quantities
43045,277,8.F.B.4,Use Functions to Model Relationships Between Quantities
331521,277,8.F.B.4,Use Functions to Model Relationships Between Quantities
250112,277,8.F.B.4,Use Functions to Model Relationships Between Quantities
249681,277,8.F.B.4,Use Functions to Model Relationships Between Quantities
2034,277,8.F.B.4,Use Functions to Model Relationships Between Quantities
121116,278,8.F.B.5,Qualitatively Describe & Graph Relationships
488,278,8.F.B.5,Qualitatively Describe & Graph Relationships
121281,278,8.F.B.5,Qualitatively Describe & Graph Relationships
121482,278,8.F.B.5,Qualitatively Describe & Graph Relationships
105377,278,8.F.B.5,Qualitatively Describe & Graph Relationships
104928,278,8.F.B.5,Qualitatively Describe & Graph Relationships
340581,278,8.F.B.5,Qualitatively Describe & Graph Relationships
340317,278,8.F.B.5,Qualitatively Describe & Graph Relationships
144504,278,8.F.B.5,Qualitatively Describe & Graph Relationships
152409,278,8.F.B.5,Qualitatively Describe & Graph Relationships
152568,278,8.F.B.5,Qualitatively Describe & Graph Relationships
155954,278,8.F.B.5,Qualitatively Describe & Graph Relationships
60012,278,8.F.B.5,Qualitatively Describe & Graph Relationships
60170,278,8.F.B.5,Qualitatively Describe & Graph Relationships
45497,278,8.F.B.5,Qualitatively Describe & Graph Relationships
45704,278,8.F.B.5,Qualitatively Describe & Graph Relationships
45204,278,8.F.B.5,Qualitatively Describe & Graph Relationships
45592,278,8.F.B.5,Qualitatively Describe & Graph Relationships
14567,278,8.F.B.5,Qualitatively Describe & Graph Relationships
14654,278,8.F.B.5,Qualitatively Describe & Graph Relationships
15007,278,8.F.B.5,Qualitatively Describe & Graph Relationships
524173,278,8.F.B.5,Qualitatively Describe & Graph Relationships
93881,280,8.G.A.1a,Apply Properties of Transformations to Lines & Line Segments
172034,280,8.G.A.1a,Apply Properties of Transformations to Lines & Line Segments
545012,280,8.G.A.1a,Apply Properties of Transformations to Lines & Line Segments
504848,280,8.G.A.1a,Apply Properties of Transformations to Lines & Line Segments
98785,280,8.G.A.1a,Apply Properties of Transformations to Lines & Line Segments
275536,280,8.G.A.1a,Apply Properties of Transformations to Lines & Line Segments
151810,280,8.G.A.1a,Apply Properties of Transformations to Lines & Line Segments
6467,280,8.G.A.1a,Apply Properties of Transformations to Lines & Line Segments
504723,280,8.G.A.1a,Apply Properties of Transformations to Lines & Line Segments
544905,280,8.G.A.1a,Apply Properties of Transformations to Lines & Line Segments
35246,281,8.G.A.1b,Apply the Properties of Transformations to Angles
249173,281,8.G.A.1b,Apply the Properties of Transformations to Angles
495451,281,8.G.A.1b,Apply the Properties of Transformations to Angles
388718,281,8.G.A.1b,Apply the Properties of Transformations to Angles
389082,281,8.G.A.1b,Apply the Properties of Transformations to Angles
350622,281,8.G.A.1b,Apply the Properties of Transformations to Angles
40911,281,8.G.A.1b,Apply the Properties of Transformations to Angles
53019,281,8.G.A.1b,Apply the Properties of Transformations to Angles
40714,281,8.G.A.1b,Apply the Properties of Transformations to Angles
275383,281,8.G.A.1b,Apply the Properties of Transformations to Angles
322590,281,8.G.A.1b,Apply the Properties of Transformations to Angles
275670,281,8.G.A.1b,Apply the Properties of Transformations to Angles
30522,281,8.G.A.1b,Apply the Properties of Transformations to Angles
322882,281,8.G.A.1b,Apply the Properties of Transformations to Angles
30936,281,8.G.A.1b,Apply the Properties of Transformations to Angles
1074,281,8.G.A.1b,Apply the Properties of Transformations to Angles
322472,281,8.G.A.1b,Apply the Properties of Transformations to Angles
275536,281,8.G.A.1b,Apply the Properties of Transformations to Angles
323131,281,8.G.A.1b,Apply the Properties of Transformations to Angles
40538,281,8.G.A.1b,Apply the Properties of Transformations to Angles
544905,281,8.G.A.1b,Apply the Properties of Transformations to Angles
52844,281,8.G.A.1b,Apply the Properties of Transformations to Angles
11215,281,8.G.A.1b,Apply the Properties of Transformations to Angles
91796,281,8.G.A.1b,Apply the Properties of Transformations to Angles
172034,282,8.G.A.1c,Apply the Properties of Transformations to Parallel Lines
85266,283,8.G.A.2,Understand & Describe Geometric Transformation Sequences
3160,283,8.G.A.2,Understand & Describe Geometric Transformation Sequences
885,283,8.G.A.2,Understand & Describe Geometric Transformation Sequences
1239,283,8.G.A.2,Understand & Describe Geometric Transformation Sequences
146791,283,8.G.A.2,Understand & Describe Geometric Transformation Sequences
85142,283,8.G.A.2,Understand & Describe Geometric Transformation Sequences
452369,283,8.G.A.2,Understand & Describe Geometric Transformation Sequences
504583,283,8.G.A.2,Understand & Describe Geometric Transformation Sequences
2541,283,8.G.A.2,Understand & Describe Geometric Transformation Sequences
2234,283,8.G.A.2,Understand & Describe Geometric Transformation Sequences
544776,283,8.G.A.2,Understand & Describe Geometric Transformation Sequences
48569,283,8.G.A.2,Understand & Describe Geometric Transformation Sequences
336,283,8.G.A.2,Understand & Describe Geometric Transformation Sequences
417638,283,8.G.A.2,Understand & Describe Geometric Transformation Sequences
577,283,8.G.A.2,Understand & Describe Geometric Transformation Sequences
54,283,8.G.A.2,Understand & Describe Geometric Transformation Sequences
85020,283,8.G.A.2,Understand & Describe Geometric Transformation Sequences
1543,283,8.G.A.2,Understand & Describe Geometric Transformation Sequences
180206,283,8.G.A.2,Understand & Describe Geometric Transformation Sequences
241939,283,8.G.A.2,Understand & Describe Geometric Transformation Sequences
1864,283,8.G.A.2,Understand & Describe Geometric Transformation Sequences
351892,284,8.G.A.3,Describe the Effect of Transformations on 2D Figures
137959,284,8.G.A.3,Describe the Effect of Transformations on 2D Figures
274206,286,8.G.A.3,Describe the Effect of Transformations on 2D Figures
95407,286,8.G.A.3,Describe the Effect of Transformations on 2D Figures
148617,286,8.G.A.3,Describe the Effect of Transformations on 2D Figures
238581,287,8.G.A.4,use Transformations to Determine Similarity in 2D figures
28093,287,8.G.A.4,use Transformations to Determine Similarity in 2D figures
237321,287,8.G.A.4,use Transformations to Determine Similarity in 2D figures
238499,287,8.G.A.4,use Transformations to Determine Similarity in 2D figures
9287,287,8.G.A.4,use Transformations to Determine Similarity in 2D figures
47390,287,8.G.A.4,use Transformations to Determine Similarity in 2D figures
238263,287,8.G.A.4,use Transformations to Determine Similarity in 2D figures
168353,287,8.G.A.4,use Transformations to Determine Similarity in 2D figures
26752,287,8.G.A.4,use Transformations to Determine Similarity in 2D figures
26857,287,8.G.A.4,use Transformations to Determine Similarity in 2D figures
167875,287,8.G.A.4,use Transformations to Determine Similarity in 2D figures
168820,287,8.G.A.4,use Transformations to Determine Similarity in 2D figures
9569,287,8.G.A.4,use Transformations to Determine Similarity in 2D figures
167382,287,8.G.A.4,use Transformations to Determine Similarity in 2D figures
232166,287,8.G.A.4,use Transformations to Determine Similarity in 2D figures
62717,287,8.G.A.4,use Transformations to Determine Similarity in 2D figures
155904,287,8.G.A.4,use Transformations to Determine Similarity in 2D figures
37464,287,8.G.A.4,use Transformations to Determine Similarity in 2D figures
189375,288,8.G.A.5,Use Informal Arguments to Establish Facts about Angles for Similar Triangles
174309,288,8.G.A.5,Use Informal Arguments to Establish Facts about Angles for Similar Triangles
32656,289,8.G.A.5,Use Informal Arguments to Establish Facts about Angles for Similar Triangles
64079,289,8.G.A.5,Use Informal Arguments to Establish Facts about Angles for Similar Triangles
24916,289,8.G.A.5,Use Informal Arguments to Establish Facts about Angles for Similar Triangles
8680,289,8.G.A.5,Use Informal Arguments to Establish Facts about Angles for Similar Triangles
504284,289,8.G.A.5,Use Informal Arguments to Establish Facts about Angles for Similar Triangles
504078,289,8.G.A.5,Use Informal Arguments to Establish Facts about Angles for Similar Triangles
196678,290,8.G.B.6,Prove the Pythagorean Theorem & it's Converse
315914,291,8.G.B.7,Apply the Pythagorean Theorem to 2D & 3D FIgures
46379,291,8.G.B.7,Apply the Pythagorean Theorem to 2D & 3D FIgures
315454,291,8.G.B.7,Apply the Pythagorean Theorem to 2D & 3D FIgures
329307,291,8.G.B.7,Apply the Pythagorean Theorem to 2D & 3D FIgures
118107,291,8.G.B.7,Apply the Pythagorean Theorem to 2D & 3D FIgures
222860,291,8.G.B.7,Apply the Pythagorean Theorem to 2D & 3D FIgures
222626,291,8.G.B.7,Apply the Pythagorean Theorem to 2D & 3D FIgures
222741,291,8.G.B.7,Apply the Pythagorean Theorem to 2D & 3D FIgures
65477,291,8.G.B.7,Apply the Pythagorean Theorem to 2D & 3D FIgures
65337,291,8.G.B.7,Apply the Pythagorean Theorem to 2D & 3D FIgures
487312,291,8.G.B.7,Apply the Pythagorean Theorem to 2D & 3D FIgures
117709,291,8.G.B.7,Apply the Pythagorean Theorem to 2D & 3D FIgures
162829,291,8.G.B.7,Apply the Pythagorean Theorem to 2D & 3D FIgures
10729,291,8.G.B.7,Apply the Pythagorean Theorem to 2D & 3D FIgures
10564,291,8.G.B.7,Apply the Pythagorean Theorem to 2D & 3D FIgures
162661,291,8.G.B.7,Apply the Pythagorean Theorem to 2D & 3D FIgures
8050,291,8.G.B.7,Apply the Pythagorean Theorem to 2D & 3D FIgures
162490,291,8.G.B.7,Apply the Pythagorean Theorem to 2D & 3D FIgures
52069,291,8.G.B.7,Apply the Pythagorean Theorem to 2D & 3D FIgures
9217,291,8.G.B.7,Apply the Pythagorean Theorem to 2D & 3D FIgures
7398,291,8.G.B.7,Apply the Pythagorean Theorem to 2D & 3D FIgures
162344,291,8.G.B.7,Apply the Pythagorean Theorem to 2D & 3D FIgures
52189,291,8.G.B.7,Apply the Pythagorean Theorem to 2D & 3D FIgures
10412,291,8.G.B.7,Apply the Pythagorean Theorem to 2D & 3D FIgures
354813,291,8.G.B.7,Apply the Pythagorean Theorem to 2D & 3D FIgures
354090,291,8.G.B.7,Apply the Pythagorean Theorem to 2D & 3D FIgures
354627,291,8.G.B.7,Apply the Pythagorean Theorem to 2D & 3D FIgures
487468,291,8.G.B.7,Apply the Pythagorean Theorem to 2D & 3D FIgures
485290,291,8.G.B.7,Apply the Pythagorean Theorem to 2D & 3D FIgures
7859,291,8.G.B.7,Apply the Pythagorean Theorem to 2D & 3D FIgures
8202,291,8.G.B.7,Apply the Pythagorean Theorem to 2D & 3D FIgures
223006,291,8.G.B.7,Apply the Pythagorean Theorem to 2D & 3D FIgures
118016,291,8.G.B.7,Apply the Pythagorean Theorem to 2D & 3D FIgures
7541,291,8.G.B.7,Apply the Pythagorean Theorem to 2D & 3D FIgures
222369,291,8.G.B.7,Apply the Pythagorean Theorem to 2D & 3D FIgures
46033,291,8.G.B.7,Apply the Pythagorean Theorem to 2D & 3D FIgures
454526,291,8.G.B.7,Apply the Pythagorean Theorem to 2D & 3D FIgures
222494,291,8.G.B.7,Apply the Pythagorean Theorem to 2D & 3D FIgures
136977,292,8.G.B.8,Apply the Pythagorean Theorem to Find the Distance Between Points on the Coordinate Plane
118522,292,8.G.B.8,Apply the Pythagorean Theorem to Find the Distance Between Points on the Coordinate Plane
46660,292,8.G.B.8,Apply the Pythagorean Theorem to Find the Distance Between Points on the Coordinate Plane
118249,292,8.G.B.8,Apply the Pythagorean Theorem to Find the Distance Between Points on the Coordinate Plane
136831,292,8.G.B.8,Apply the Pythagorean Theorem to Find the Distance Between Points on the Coordinate Plane
136694,292,8.G.B.8,Apply the Pythagorean Theorem to Find the Distance Between Points on the Coordinate Plane
332409,292,8.G.B.8,Apply the Pythagorean Theorem to Find the Distance Between Points on the Coordinate Plane
117898,292,8.G.B.8,Apply the Pythagorean Theorem to Find the Distance Between Points on the Coordinate Plane
118376,292,8.G.B.8,Apply the Pythagorean Theorem to Find the Distance Between Points on the Coordinate Plane
315827,292,8.G.B.8,Apply the Pythagorean Theorem to Find the Distance Between Points on the Coordinate Plane
99309,292,8.G.B.8,Apply the Pythagorean Theorem to Find the Distance Between Points on the Coordinate Plane
351813,293,8.G.C.9,Know & Use Volume Formulas
374368,293,8.G.C.9,Know & Use Volume Formulas
213558,293,8.G.C.9,Know & Use Volume Formulas
115324,293,8.G.C.9,Know & Use Volume Formulas
137062,293,8.G.C.9,Know & Use Volume Formulas
17475,293,8.G.C.9,Know & Use Volume Formulas
15072,293,8.G.C.9,Know & Use Volume Formulas
48656,293,8.G.C.9,Know & Use Volume Formulas
223692,293,8.G.C.9,Know & Use Volume Formulas
373766,293,8.G.C.9,Know & Use Volume Formulas
373493,293,8.G.C.9,Know & Use Volume Formulas
114806,293,8.G.C.9,Know & Use Volume Formulas
46033,293,8.G.C.9,Know & Use Volume Formulas
86322,293,8.G.C.9,Know & Use Volume Formulas
150182,293,8.G.C.9,Know & Use Volume Formulas
90927,293,8.G.C.9,Know & Use Volume Formulas
91237,293,8.G.C.9,Know & Use Volume Formulas
351677,293,8.G.C.9,Know & Use Volume Formulas
180722,293,8.G.C.9,Know & Use Volume Formulas
374418,293,8.G.C.9,Know & Use Volume Formulas
140189,293,8.G.C.9,Know & Use Volume Formulas
150288,293,8.G.C.9,Know & Use Volume Formulas
114637,293,8.G.C.9,Know & Use Volume Formulas
15627,293,8.G.C.9,Know & Use Volume Formulas
114450,293,8.G.C.9,Know & Use Volume Formulas
136717,293,8.G.C.9,Know & Use Volume Formulas
86515,293,8.G.C.9,Know & Use Volume Formulas
374058,293,8.G.C.9,Know & Use Volume Formulas
89267,293,8.G.C.9,Know & Use Volume Formulas
351988,293,8.G.C.9,Know & Use Volume Formulas
115049,293,8.G.C.9,Know & Use Volume Formulas
374220,293,8.G.C.9,Know & Use Volume Formulas
15234,293,8.G.C.9,Know & Use Volume Formulas
596384,293,8.G.C.9,Know & Use Volume Formulas
674243,293,8.G.C.9,Know & Use Volume Formulas
165493,293,8.G.C.9,Know & Use Volume Formulas
36511,293,8.G.C.9,Know & Use Volume Formulas
91074,293,8.G.C.9,Know & Use Volume Formulas
14914,293,8.G.C.9,Know & Use Volume Formulas
213135,293,8.G.C.9,Know & Use Volume Formulas
115187,293,8.G.C.9,Know & Use Volume Formulas
48968,293,8.G.C.9,Know & Use Volume Formulas
157411,293,8.G.C.9,Know & Use Volume Formulas
223532,293,8.G.C.9,Know & Use Volume Formulas
48812,293,8.G.C.9,Know & Use Volume Formulas
151258,294,8.G.C.9,Know & Use Volume Formulas
151596,294,8.G.C.9,Know & Use Volume Formulas
351813,294,8.G.C.9,Know & Use Volume Formulas
352230,294,8.G.C.9,Know & Use Volume Formulas
353101,294,8.G.C.9,Know & Use Volume Formulas
58785,294,8.G.C.9,Know & Use Volume Formulas
154066,294,8.G.C.9,Know & Use Volume Formulas
212876,294,8.G.C.9,Know & Use Volume Formulas
139860,294,8.G.C.9,Know & Use Volume Formulas
151429,294,8.G.C.9,Know & Use Volume Formulas
351677,294,8.G.C.9,Know & Use Volume Formulas
351988,294,8.G.C.9,Know & Use Volume Formulas
333800,294,8.G.C.9,Know & Use Volume Formulas
352921,294,8.G.C.9,Know & Use Volume Formulas
125853,294,8.G.C.9,Know & Use Volume Formulas
348910,294,8.G.C.9,Know & Use Volume Formulas
333981,294,8.G.C.9,Know & Use Volume Formulas
297864,294,8.G.C.9,Know & Use Volume Formulas
58581,294,8.G.C.9,Know & Use Volume Formulas
352595,294,8.G.C.9,Know & Use Volume Formulas
164833,294,8.G.C.9,Know & Use Volume Formulas
350639,294,8.G.C.9,Know & Use Volume Formulas
125684,294,8.G.C.9,Know & Use Volume Formulas
352750,294,8.G.C.9,Know & Use Volume Formulas
333699,294,8.G.C.9,Know & Use Volume Formulas
333895,294,8.G.C.9,Know & Use Volume Formulas
352407,294,8.G.C.9,Know & Use Volume Formulas
86515,295,8.G.C.9,Know & Use Volume Formulas
89267,295,8.G.C.9,Know & Use Volume Formulas
138533,295,8.G.C.9,Know & Use Volume Formulas
26678,295,8.G.C.9,Know & Use Volume Formulas
36673,295,8.G.C.9,Know & Use Volume Formulas
138360,295,8.G.C.9,Know & Use Volume Formulas
315454,295,8.G.C.9,Know & Use Volume Formulas
348674,295,8.G.C.9,Know & Use Volume Formulas
151987,295,8.G.C.9,Know & Use Volume Formulas
151827,295,8.G.C.9,Know & Use Volume Formulas
27930,295,8.G.C.9,Know & Use Volume Formulas
26766,295,8.G.C.9,Know & Use Volume Formulas
351813,295,8.G.C.9,Know & Use Volume Formulas
115951,295,8.G.C.9,Know & Use Volume Formulas
596207,295,8.G.C.9,Know & Use Volume Formulas
165245,295,8.G.C.9,Know & Use Volume Formulas
351677,295,8.G.C.9,Know & Use Volume Formulas
27699,295,8.G.C.9,Know & Use Volume Formulas
351988,295,8.G.C.9,Know & Use Volume Formulas
297716,295,8.G.C.9,Know & Use Volume Formulas
674266,295,8.G.C.9,Know & Use Volume Formulas
27604,295,8.G.C.9,Know & Use Volume Formulas
50592,295,8.G.C.9,Know & Use Volume Formulas
233520,295,8.G.C.9,Know & Use Volume Formulas
203778,295,8.G.C.9,Know & Use Volume Formulas
116167,295,8.G.C.9,Know & Use Volume Formulas
233319,295,8.G.C.9,Know & Use Volume Formulas
180722,295,8.G.C.9,Know & Use Volume Formulas
86322,295,8.G.C.9,Know & Use Volume Formulas
152166,295,8.G.C.9,Know & Use Volume Formulas
6116,296,8.SP.A.1,Construct & Interpret Scatter Plots
173561,296,8.SP.A.1,Construct & Interpret Scatter Plots
124523,296,8.SP.A.1,Construct & Interpret Scatter Plots
400715,296,8.SP.A.1,Construct & Interpret Scatter Plots
33514,296,8.SP.A.1,Construct & Interpret Scatter Plots
296937,296,8.SP.A.1,Construct & Interpret Scatter Plots
68821,296,8.SP.A.1,Construct & Interpret Scatter Plots
68650,296,8.SP.A.1,Construct & Interpret Scatter Plots
312938,296,8.SP.A.1,Construct & Interpret Scatter Plots
77355,296,8.SP.A.1,Construct & Interpret Scatter Plots
90496,296,8.SP.A.1,Construct & Interpret Scatter Plots
327381,296,8.SP.A.1,Construct & Interpret Scatter Plots
90685,296,8.SP.A.1,Construct & Interpret Scatter Plots
480902,296,8.SP.A.1,Construct & Interpret Scatter Plots
33779,296,8.SP.A.1,Construct & Interpret Scatter Plots
233989,296,8.SP.A.1,Construct & Interpret Scatter Plots
533341,297,8.SP.A.2,Determine Line of Best Fit for Scatter Plots
604573,297,8.SP.A.2,Determine Line of Best Fit for Scatter Plots
636416,297,8.SP.A.2,Determine Line of Best Fit for Scatter Plots
296579,297,8.SP.A.2,Determine Line of Best Fit for Scatter Plots
296489,297,8.SP.A.2,Determine Line of Best Fit for Scatter Plots
232667,297,8.SP.A.2,Determine Line of Best Fit for Scatter Plots
186153,297,8.SP.A.2,Determine Line of Best Fit for Scatter Plots
185871,297,8.SP.A.2,Determine Line of Best Fit for Scatter Plots
170280,297,8.SP.A.2,Determine Line of Best Fit for Scatter Plots
170383,297,8.SP.A.2,Determine Line of Best Fit for Scatter Plots
36419,297,8.SP.A.2,Determine Line of Best Fit for Scatter Plots
480902,298,8.SP.A.3,Use Linear Equations Applied to Bivariate Data
23029,298,8.SP.A.3,Use Linear Equations Applied to Bivariate Data
22573,298,8.SP.A.3,Use Linear Equations Applied to Bivariate Data
22902,298,8.SP.A.3,Use Linear Equations Applied to Bivariate Data
296489,298,8.SP.A.3,Use Linear Equations Applied to Bivariate Data
296579,298,8.SP.A.3,Use Linear Equations Applied to Bivariate Data
180839,298,8.SP.A.3,Use Linear Equations Applied to Bivariate Data
76975,298,8.SP.A.3,Use Linear Equations Applied to Bivariate Data
76861,298,8.SP.A.3,Use Linear Equations Applied to Bivariate Data
604573,298,8.SP.A.3,Use Linear Equations Applied to Bivariate Data
636416,298,8.SP.A.3,Use Linear Equations Applied to Bivariate Data
84657,298,8.SP.A.3,Use Linear Equations Applied to Bivariate Data
173897,298,8.SP.A.3,Use Linear Equations Applied to Bivariate Data
12777,298,8.SP.A.3,Use Linear Equations Applied to Bivariate Data
84521,298,8.SP.A.3,Use Linear Equations Applied to Bivariate Data
253836,299,8.SP.A.4,Construct & Interpret Two Way Tables
69854,299,8.SP.A.4,Construct & Interpret Two Way Tables
604503,299,8.SP.A.4,Construct & Interpret Two Way Tables
179563,299,8.SP.A.4,Construct & Interpret Two Way Tables
180312,299,8.SP.A.4,Construct & Interpret Two Way Tables
636346,299,8.SP.A.4,Construct & Interpret Two Way Tables
254278,299,8.SP.A.4,Construct & Interpret Two Way Tables
299700,340,2.MD.B.5,Solve Word Problems Involving Lengths using Addition & Subtraction
427819,340,2.MD.B.5,Solve Word Problems Involving Lengths using Addition & Subtraction
222136,1129,5.NBT.A.2,Explain Patterns when Multiplying & Dividing Powers of 10
2695,1131,5.NBT.B.7,Compute Decimal Problems Involving All 4 Operations
254319,1131,5.NBT.B.7,Compute Decimal Problems Involving All 4 Operations
3201,1131,5.NBT.B.7,Compute Decimal Problems Involving All 4 Operations
2812,1131,5.NBT.B.7,Compute Decimal Problems Involving All 4 Operations
48374,1131,5.NBT.B.7,Compute Decimal Problems Involving All 4 Operations
5038,1131,5.NBT.B.7,Compute Decimal Problems Involving All 4 Operations
256627,1131,5.NBT.B.7,Compute Decimal Problems Involving All 4 Operations
254716,1131,5.NBT.B.7,Compute Decimal Problems Involving All 4 Operations
254190,1131,5.NBT.B.7,Compute Decimal Problems Involving All 4 Operations
422237,1132,5.NBT.B.7,Compute Decimal Problems Involving All 4 Operations
422084,1132,5.NBT.B.7,Compute Decimal Problems Involving All 4 Operations
508887,1132,5.NBT.B.7,Compute Decimal Problems Involving All 4 Operations
508769,1132,5.NBT.B.7,Compute Decimal Problems Involving All 4 Operations
509009,1132,5.NBT.B.7,Compute Decimal Problems Involving All 4 Operations
508616,1132,5.NBT.B.7,Compute Decimal Problems Involving All 4 Operations
445524,1132,5.NBT.B.7,Compute Decimal Problems Involving All 4 Operations
79155,1132,5.NBT.B.7,Compute Decimal Problems Involving All 4 Operations
421173,1133,5.NBT.B.7,Compute Decimal Problems Involving All 4 Operations
508286,1133,5.NBT.B.7,Compute Decimal Problems Involving All 4 Operations
134923,1133,5.NBT.B.7,Compute Decimal Problems Involving All 4 Operations
508172,1133,5.NBT.B.7,Compute Decimal Problems Involving All 4 Operations
135051,1133,5.NBT.B.7,Compute Decimal Problems Involving All 4 Operations
134784,1133,5.NBT.B.7,Compute Decimal Problems Involving All 4 Operations
508017,1133,5.NBT.B.7,Compute Decimal Problems Involving All 4 Operations
508402,1133,5.NBT.B.7,Compute Decimal Problems Involving All 4 Operations
421310,1133,5.NBT.B.7,Compute Decimal Problems Involving All 4 Operations
421448,1133,5.NBT.B.7,Compute Decimal Problems Involving All 4 Operations
445641,1133,5.NBT.B.7,Compute Decimal Problems Involving All 4 Operations
421588,1133,5.NBT.B.7,Compute Decimal Problems Involving All 4 Operations
457262,1134,5.NF.B.4a,Interpret & Compute Products of Fractions and Whole Numbers
421967,1134,5.NF.B.4a,Interpret & Compute Products of Fractions and Whole Numbers
421838,1134,5.NF.B.4a,Interpret & Compute Products of Fractions and Whole Numbers
348598,1134,5.NF.B.4a,Interpret & Compute Products of Fractions and Whole Numbers
348818,1134,5.NF.B.4a,Interpret & Compute Products of Fractions and Whole Numbers
348936,1134,5.NF.B.4a,Interpret & Compute Products of Fractions and Whole Numbers
348711,1134,5.NF.B.4a,Interpret & Compute Products of Fractions and Whole Numbers
475491,1135,6.G.A.4,Represent 3D Figures Using Nets to Find Surface Area
115625,1135,6.G.A.4,Represent 3D Figures Using Nets to Find Surface Area
60186,1135,6.G.A.4,Represent 3D Figures Using Nets to Find Surface Area
79708,1135,6.G.A.4,Represent 3D Figures Using Nets to Find Surface Area
502515,1135,6.G.A.4,Represent 3D Figures Using Nets to Find Surface Area
54974,1135,6.G.A.4,Represent 3D Figures Using Nets to Find Surface Area
274073,1135,6.G.A.4,Represent 3D Figures Using Nets to Find Surface Area
349598,1135,6.G.A.4,Represent 3D Figures Using Nets to Find Surface Area
502164,1135,6.G.A.4,Represent 3D Figures Using Nets to Find Surface Area
115025,1135,6.G.A.4,Represent 3D Figures Using Nets to Find Surface Area
273669,1135,6.G.A.4,Represent 3D Figures Using Nets to Find Surface Area
406876,1135,6.G.A.4,Represent 3D Figures Using Nets to Find Surface Area
272246,1135,6.G.A.4,Represent 3D Figures Using Nets to Find Surface Area
637195,1135,6.G.A.4,Represent 3D Figures Using Nets to Find Surface Area
115789,1135,6.G.A.4,Represent 3D Figures Using Nets to Find Surface Area
558257,1135,6.G.A.4,Represent 3D Figures Using Nets to Find Surface Area
248279,1135,6.G.A.4,Represent 3D Figures Using Nets to Find Surface Area
14173,1135,6.G.A.4,Represent 3D Figures Using Nets to Find Surface Area
273879,1135,6.G.A.4,Represent 3D Figures Using Nets to Find Surface Area
295992,1135,6.G.A.4,Represent 3D Figures Using Nets to Find Surface Area
55545,1135,6.G.A.4,Represent 3D Figures Using Nets to Find Surface Area
168559,1135,6.G.A.4,Represent 3D Figures Using Nets to Find Surface Area
115150,1135,6.G.A.4,Represent 3D Figures Using Nets to Find Surface Area
502927,1135,6.G.A.4,Represent 3D Figures Using Nets to Find Surface Area
349875,1135,6.G.A.4,Represent 3D Figures Using Nets to Find Surface Area
115417,1135,6.G.A.4,Represent 3D Figures Using Nets to Find Surface Area
79262,1135,6.G.A.4,Represent 3D Figures Using Nets to Find Surface Area
295788,1135,6.G.A.4,Represent 3D Figures Using Nets to Find Surface Area
389120,1136,7.EE.B.4a,Solve 2-Step Equations
388622,1136,7.EE.B.4a,Solve 2-Step Equations
11331,1136,7.EE.B.4a,Solve 2-Step Equations
118504,1136,7.EE.B.4a,Solve 2-Step Equations
314711,1136,7.EE.B.4a,Solve 2-Step Equations
104742,1136,7.EE.B.4a,Solve 2-Step Equations
257823,1136,7.EE.B.4a,Solve 2-Step Equations
55274,1136,7.EE.B.4a,Solve 2-Step Equations
162424,1136,7.EE.B.4a,Solve 2-Step Equations
48612,1136,7.EE.B.4a,Solve 2-Step Equations
196520,1136,7.EE.B.4a,Solve 2-Step Equations
156040,1136,7.EE.B.4a,Solve 2-Step Equations
90188,1136,7.EE.B.4a,Solve 2-Step Equations
308259,1136,7.EE.B.4a,Solve 2-Step Equations
186074,1136,7.EE.B.4a,Solve 2-Step Equations
54241,1136,7.EE.B.4a,Solve 2-Step Equations
180669,1136,7.EE.B.4a,Solve 2-Step Equations
168704,1136,7.EE.B.4a,Solve 2-Step Equations
64354,1136,7.EE.B.4a,Solve 2-Step Equations
247400,1136,7.EE.B.4a,Solve 2-Step Equations
344535,1136,7.EE.B.4a,Solve 2-Step Equations
10359,1136,7.EE.B.4a,Solve 2-Step Equations
156315,1136,7.EE.B.4a,Solve 2-Step Equations
10737,1136,7.EE.B.4a,Solve 2-Step Equations
178070,1136,7.EE.B.4a,Solve 2-Step Equations
11235,1136,7.EE.B.4a,Solve 2-Step Equations
67861,1136,7.EE.B.4a,Solve 2-Step Equations
11131,1136,7.EE.B.4a,Solve 2-Step Equations
11040,1136,7.EE.B.4a,Solve 2-Step Equations
347162,1136,7.EE.B.4a,Solve 2-Step Equations
54233,1136,7.EE.B.4a,Solve 2-Step Equations
247823,1136,7.EE.B.4a,Solve 2-Step Equations
156598,1136,7.EE.B.4a,Solve 2-Step Equations
674289,1136,7.EE.B.4a,Solve 2-Step Equations
168477,1136,7.EE.B.4a,Solve 2-Step Equations
308414,1136,7.EE.B.4a,Solve 2-Step Equations
129703,1136,7.EE.B.4a,Solve 2-Step Equations
54349,1136,7.EE.B.4a,Solve 2-Step Equations
124948,1137,7.EE.B.4b,"Solve, Graph & Interpret 2-Step Inequalities"
189877,1137,7.EE.B.4b,"Solve, Graph & Interpret 2-Step Inequalities"
124074,1137,7.EE.B.4b,"Solve, Graph & Interpret 2-Step Inequalities"
104597,1137,7.EE.B.4b,"Solve, Graph & Interpret 2-Step Inequalities"
124637,1137,7.EE.B.4b,"Solve, Graph & Interpret 2-Step Inequalities"
163692,1137,7.EE.B.4b,"Solve, Graph & Interpret 2-Step Inequalities"
129703,1137,7.EE.B.4b,"Solve, Graph & Interpret 2-Step Inequalities"
237641,1137,7.EE.B.4b,"Solve, Graph & Interpret 2-Step Inequalities"
124358,1137,7.EE.B.4b,"Solve, Graph & Interpret 2-Step Inequalities"
237440,1137,7.EE.B.4b,"Solve, Graph & Interpret 2-Step Inequalities"
70471,1137,7.EE.B.4b,"Solve, Graph & Interpret 2-Step Inequalities"
85212,1137,7.EE.B.4b,"Solve, Graph & Interpret 2-Step Inequalities"
316024,1138,8.NS.A.1,Understand & Approximate Rational & Irrational Numbers
74236,1138,8.NS.A.1,Understand & Approximate Rational & Irrational Numbers
103419,2277,6.SP.B.4,"Display Numerical Data Using Dot Plots, Histograms & Box Plots"
150918,2277,6.SP.B.4,"Display Numerical Data Using Dot Plots, Histograms & Box Plots"
193572,2277,6.SP.B.4,"Display Numerical Data Using Dot Plots, Histograms & Box Plots"
125866,2277,6.SP.B.4,"Display Numerical Data Using Dot Plots, Histograms & Box Plots"
285834,2277,6.SP.B.4,"Display Numerical Data Using Dot Plots, Histograms & Box Plots"
57280,2277,6.SP.B.4,"Display Numerical Data Using Dot Plots, Histograms & Box Plots"
283170,2277,6.SP.B.4,"Display Numerical Data Using Dot Plots, Histograms & Box Plots"
57030,2277,6.SP.B.4,"Display Numerical Data Using Dot Plots, Histograms & Box Plots"
21754,2277,6.SP.B.4,"Display Numerical Data Using Dot Plots, Histograms & Box Plots"
591536,2277,6.SP.B.4,"Display Numerical Data Using Dot Plots, Histograms & Box Plots"
188925,2277,6.SP.B.4,"Display Numerical Data Using Dot Plots, Histograms & Box Plots"
21866,2277,6.SP.B.4,"Display Numerical Data Using Dot Plots, Histograms & Box Plots"
10007,2279,7.G.B.5,Use Facts About Angles to Write & Solve Equations
96584,2279,7.G.B.5,Use Facts About Angles to Write & Solve Equations
9804,2279,7.G.B.5,Use Facts About Angles to Write & Solve Equations
319333,2279,7.G.B.5,Use Facts About Angles to Write & Solve Equations
504723,2279,7.G.B.5,Use Facts About Angles to Write & Solve Equations
319240,2279,7.G.B.5,Use Facts About Angles to Write & Solve Equations
96780,2279,7.G.B.5,Use Facts About Angles to Write & Solve Equations
149928,2281,7.G.B.6,"Find Area, Volume & Surface Area of 2D/3D Objects"
145971,2283,8.G.A.3,Describe the Effect of Transformations on 2D Figures
309708,2283,8.G.A.3,Describe the Effect of Transformations on 2D Figures
145792,2283,8.G.A.3,Describe the Effect of Transformations on 2D Figures
146131,2283,8.G.A.3,Describe the Effect of Transformations on 2D Figures
175643,2283,8.G.A.3,Describe the Effect of Transformations on 2D Figures
170317,2283,8.G.A.3,Describe the Effect of Transformations on 2D Figures
28184,2283,8.G.A.3,Describe the Effect of Transformations on 2D Figures
81610,2283,8.G.A.3,Describe the Effect of Transformations on 2D Figures
239691,2283,8.G.A.3,Describe the Effect of Transformations on 2D Figures
77888,2284,8.G.A.5,Use Informal Arguments to Establish Facts about Angles for Similar Triangles
239815,2284,8.G.A.5,Use Informal Arguments to Establish Facts about Angles for Similar Triangles
