Exercise_A,Exercise_B,Similarity_avg,Similarity_raw,Difficulty_avg,Difficulty_raw,Prerequisite_avg,Prerequisite_raw
radius_diameter_and_circumference,arithmetic_word_problems_1,1.857142857,1_4_1_1_1_1_2_1_1_1_3_1_3_5,2.857142857,4_5_1_1_1_1_7_1_1_4_2_5_2_5,3,1_6_1_1_1_3_2_1_9_2_3_2_8_2
radius_diameter_and_circumference,parts_of_circles,6.785714286,6_9_6_6_7_8_7_8_8_8_4_6_5_7,2.428571429,3_5_1_3_2_1_5_1_1_1_1_2_5_3,7.285714286,6_7_7_6_8_8_9_5_9_9_7_7_5_9
radius_diameter_and_circumference,perimeter_of_squares_and_rectangles,3.571428571,2_6_4_1_1_2_4_4_7_2_3_4_4_6,2.285714286,2_5_1_1_1_1_3_2_1_1_5_2_3_4,5,2_6_5_4_2_8_3_5_9_5_5_3_7_6
vertex_of_a_parabola,solving_quadratics_by_taking_the_square_root,5.923076923,6_7_6_7_8_4_5_4_3_6_6_8_7,3.307692308,3_3_3_1_2_2_4_4_4_3_5_5_4,5.846153846,5_8_7_7_6_2_6_5_6_7_3_7_7
vertex_of_a_parabola,completing_the_square_1,5.692307692,7_5_7_8_3_4_5_5_3_6_7_7_7,3.307692308,2_3_3_4_2_2_4_4_5_3_4_4_3,5.461538462,6_4_6_8_2_2_5_6_5_6_7_7_7
vertex_of_a_parabola,graphing_parabolas_1,6.692307692,6_9_7_9_7_8_6_5_4_5_6_7_8,4.846153846,6_8_4_1_3_6_4_4_4_5_7_6_5,6.230769231,3_6_7_7_8_8_6_6_7_6_3_6_8
vertex_of_a_parabola,addition_2,1.692307692,1_1_1_1_1_1_3_2_3_2_2_2_2,1.076923077,1_1_1_1_1_1_2_1_1_1_1_1_1,2.692307692,2_1_1_5_1_1_4_2_3_9_2_3_1
vertex_of_a_parabola,parabola_intuition_3,5.461538462,6_8_8_3_3_7_6_3_3_6_3_7_8,6.307692308,7_7_8_7_7_9_4_8_5_5_8_4_3,4.538461538,4_7_4_3_2_3_6_3_6_5_2_6_8
triangle_types,triangle_angles_sum,6.727272727,7_6_6_5_6_8_7_8_5_9_7,4.545454545,5_7_3_5_5_5_1_6_6_1_6,6,7_7_3_4_8_8_4_5_6_9_5
triangle_types,angle_addition_postulate,5.363636364,7_7_6_3_1_8_1_4_6_9_7,7,7_7_9_8_7_5_9_8_8_1_8,3.454545455,2_6_2_1_2_7_1_3_6_7_1
triangle_types,vertical_angles,4.272727273,5_7_2_1_2_7_2_6_2_7_6,3.272727273,5_3_7_1_2_5_1_5_2_1_4,4.454545455,5_7_6_1_2_6_1_4_3_7_7
triangle_types,representing_numbers,2.272727273,2_7_3_1_1_4_1_1_3_1_1,2.454545455,3_7_1_6_1_1_1_3_2_1_1,2.181818182,2_6_2_1_1_1_1_1_6_2_1
solving_quadratics_by_taking_the_square_root,solving_quadratics_by_factoring,7.222222222,8_8_9_8_7_1_8_8_8,5.222222222,3_7_5_5_4_9_5_5_4,6.444444444,6_1_9_9_7_1_8_9_8
solving_quadratics_by_taking_the_square_root,angle_bisector_theorem,1.444444444,1_1_1_1_1_1_1_3_3,5.333333333,6_7_4_3_6_9_2_6_5,1.777777778,3_1_1_1_1_1_1_2_5
solving_quadratics_by_taking_the_square_root,factoring_polynomials_1,6,4_7_6_2_6_7_6_8_8,5.111111111,1_7_7_3_6_9_3_6_4,4.333333333,4_1_5_1_7_1_6_7_7
solving_quadratics_by_taking_the_square_root,triangle_angles_sum,1.222222222,1_1_2_1_1_1_1_1_2,1.777777778,1_1_1_1_4_5_1_1_1,1.222222222,1_1_1_1_1_1_1_1_3
solving_quadratics_by_taking_the_square_root,completing_the_square_1,7.444444444,6_8_8_9_8_8_6_8_6,4.555555556,1_7_6_5_6_5_4_4_3,7,6_1_7_9_8_9_7_8_8
solving_quadratics_by_taking_the_square_root,multiplying_polynomials,5,5_7_7_2_6_1_3_6_8,4,7_2_2_4_4_5_3_4_5,5.555555556,3_6_7_2_6_9_2_7_8
solving_quadratics_by_taking_the_square_root,multiplying_expressions_1,5.333333333,6_7_7_2_7_1_3_7_8,3.444444444,6_1_3_3_4_3_3_4_4,5.777777778,4_7_6_2_7_9_2_6_9
identifying_points_2,functions_1,6.4,8_6_6_8_4_8_6_4_8_6,5.9,4_6_7_6_8_6_8_2_5_7,4.7,7_7_5_8_2_4_2_3_6_3
identifying_points_2,graphing_points,7.7,7_8_7_8_9_9_8_8_7_6,3,2_5_1_3_5_5_1_1_3_4,7.2,8_6_4_8_9_9_8_6_7_7
identifying_points_2,interpreting_linear_equations,7.2,7_7_9_8_3_9_7_7_8_7,4.6,2_5_6_5_9_5_5_1_4_4,6.8,8_7_7_8_3_9_5_6_7_8
identifying_points_2,identifying_points_1,8.3,7_7_9_8_9_9_8_8_9_9,3.5,2_5_1_5_5_5_2_1_5_4,8.1,8_6_9_8_9_9_8_8_7_9
identifying_points_2,linear_equations_1,5.1,6_4_6_6_8_3_2_5_4_7,4.6,6_4_3_6_7_4_6_1_5_4,4.4,4_6_6_4_4_3_3_2_4_8
identifying_points_1,graphing_points,8.555555556,8_9_9_9_9_8_9_8_8,3.222222222,1_1_5_5_3_4_1_5_4,8,8_9_9_9_9_9_9_2_8
identifying_points_1,interpreting_linear_equations,6.111111111,8_8_2_8_9_6_7_1_6,7,6_7_9_5_5_6_9_8_8,3.777777778,3_4_1_9_7_6_1_1_2
identifying_points_1,slope_of_a_line,4.555555556,3_6_2_4_6_5_6_3_6,8,9_9_9_6_8_7_9_7_8,2.333333333,2_1_2_4_2_5_1_2_2
identifying_points_1,graphing_points_2,8.333333333,7_9_9_9_9_8_9_8_7,4.444444444,5_5_5_5_4_5_1_5_5,7.444444444,7_7_9_9_8_8_8_4_7
identifying_points_1,linear_equations_1,4.111111111,2_5_6_3_6_2_4_3_6,7,6_8_9_7_6_7_5_8_7,3.222222222,2_5_2_4_5_2_5_2_2
dividing_decimals_2,dividing_decimals_1,7.571428571,9_7_8_8_5_8_8,4.714285714,5_4_5_5_5_5_4,6.571428571,6_8_3_9_5_7_8
dividing_decimals_2,dividing_decimals,7.428571429,8_7_8_7_6_8_8,6.857142857,7_7_6_8_6_7_7,3.571428571,3_3_4_5_4_3_3
dividing_decimals_2,division_4,6.857142857,8_6_7_6_5_8_8,5,4_4_7_8_5_3_4,6.142857143,7_7_5_3_5_8_8
dividing_decimals_2,dividing_decimals_0.5,7.285714286,8_7_7_6_7_8_8,3.714285714,5_3_3_4_5_4_2,5.857142857,6_6_6_5_5_7_6
creating_box_and_whisker_plots,average_word_problems,4.272727273,3_1_6_5_1_6_3_5_6_3_8,2.818181818,4_1_1_4_3_2_3_2_2_3_6,5.272727273,4_1_9_6_1_7_4_6_8_7_5
creating_box_and_whisker_plots,mean_median_and_mode,5.454545455,7_1_7_6_2_6_3_5_8_6_9,2,1_1_1_4_1_1_2_1_1_5_4,6,6_1_9_6_2_6_5_9_7_6_9
creating_box_and_whisker_plots,order_of_operations,1.363636364,1_1_1_2_1_1_2_1_1_1_3,2.818181818,4_1_1_5_2_1_3_2_2_4_6,2.272727273,1_1_2_3_1_1_6_4_1_1_4
creating_box_and_whisker_plots,exploring_mean_and_median,5.363636364,8_2_7_4_1_6_3_7_7_6_8,4.363636364,3_7_1_7_5_5_3_5_3_4_5,5.090909091,8_3_9_3_1_5_4_5_6_7_5
reading_bar_charts_3,place_value,2,1_3_1_2_1_1_1_6_2,1.666666667,1_1_1_2_4_1_1_2_2,3.222222222,2_4_1_8_1_1_1_7_4
reading_bar_charts_3,exploring_mean_and_median,5,6_4_3_7_3_8_1_7_6,4.666666667,2_3_3_5_6_2_6_8_7,4.555555556,6_5_2_5_6_8_1_6_2
reading_bar_charts_3,telling_time_comparing,2.444444444,2_5_1_2_1_1_1_7_2,3.444444444,7_3_1_2_7_1_1_1_8,3.444444444,2_5_1_8_1_1_1_9_3
reading_bar_charts_3,mean_median_and_mode,3.777777778,6_3_1_7_7_5_1_2_2,2.555555556,4_1_1_5_3_5_1_1_2,4.777777778,6_4_1_7_6_7_1_9_2
reading_bar_charts_3,reading_tables_2,6.222222222,7_4_6_5_7_8_5_6_8,3.555555556,5_4_2_2_4_7_2_1_5,5.777777778,7_4_5_7_7_6_5_6_5
reading_bar_charts_3,variance,4.555555556,6_4_1_7_2_5_1_8_7,7.111111111,2_6_9_5_8_9_9_7_9,2.777777778,6_4_1_6_1_1_1_4_1
estimation_with_decimals,rounding_whole_numbers,7.6,9_8_8_8_8_6_8_6_7_8,4,2_2_5_5_2_7_5_4_5_3,7.1,8_8_8_8_8_5_5_6_7_8
estimation_with_decimals,metric_weight_unit_conversion,2.8,1_1_1_1_3_4_4_4_3_6,3.6,1_6_4_1_2_2_6_4_4_6,3.7,1_1_2_2_5_8_5_5_3_5
estimation_with_decimals,rounding_numbers,7.2,2_8_9_9_8_6_9_6_6_9,3.5,2_4_5_5_2_3_5_2_4_3,7.1,9_8_9_8_7_5_6_6_4_9
estimation_with_decimals,metric_area_unit_conversion,2.6,3_1_1_1_2_3_2_4_3_6,4.5,4_6_7_1_2_5_6_4_4_6,3,2_1_2_2_2_5_4_4_3_5
multiplying_fractions_word_problems,multiplying_mixed_numbers_1,6.111111111,6_6_4_7_7_4_4_9_8,4.888888889,3_7_6_4_5_4_7_4_4,6.444444444,6_5_5_7_7_6_5_9_8
multiplying_fractions_word_problems,arithmetic_word_problems_2,6.222222222,6_4_7_7_6_4_5_9_8,5,3_5_5_4_5_4_6_7_6,5.444444444,6_5_8_6_6_5_6_3_4
multiplying_fractions_word_problems,multiplying_fractions,7.444444444,8_7_9_7_7_6_5_9_9,4.111111111,3_4_5_3_6_4_5_3_4,7.666666667,8_7_9_7_7_7_6_9_9
multiplying_fractions_word_problems,multiplying_fractions_0.5,7.555555556,9_6_9_7_9_6_5_9_8,3,3_2_5_2_4_3_4_1_3,7.777777778,7_7_9_6_9_8_6_9_9
multiplying_fractions_word_problems,simplifying_fractions,5.444444444,5_5_6_2_7_6_3_8_7,1.888888889,1_1_1_2_3_2_2_1_4,6.111111111,4_6_6_2_7_8_6_9_7
multiplying_fractions_word_problems,congruent_angles,1.222222222,2_1_1_1_1_2_1_1_1,3.111111111,1_5_1_6_2_3_3_4_3,1.444444444,2_1_1_1_1_2_1_2_2
volume_container,volume_box_cover,7,6_5_9_7_5_8_9,6.285714286,3_8_7_4_8_9_5,5.857142857,5_3_9_8_6_1_9
volume_container,volume_box,8,8_7_9_8_6_9_9,5.285714286,4_5_7_4_5_7_5,7.285714286,9_8_7_9_8_1_9
volume_container,area_of_squares_and_rectangles,5.714285714,6_4_7_6_3_8_6,1.571428571,2_1_1_2_2_1_2,5.571428571,6_5_7_3_5_9_4
volume_container,same_side_exterior_angles_2,1.428571429,3_1_1_1_1_2_1,5.285714286,2_7_6_6_7_7_2,2.142857143,3_1_2_1_1_5_2
volume_container,area_of_triangles_1,3.571428571,4_1_7_1_1_7_4,2.428571429,2_2_1_3_1_5_3,4,5_1_8_1_1_8_4
volume_container,volume_space,7.714285714,6_7_9_8_6_9_9,5.571428571,6_5_7_4_5_7_5,6.714285714,4_8_7_9_8_2_9
systems_of_equations_with_substitution,solutions_to_systems_of_equations,8.555555556,9_8_9_9_8_8_8_9_9,5.333333333,5_5_5_5_5_6_7_5_5,7.333333333,8_7_9_9_8_4_7_9_5
systems_of_equations_with_substitution,graphing_systems_of_equations,6.444444444,6_6_4_9_2_8_7_9_7,6.111111111,6_5_5_8_4_7_6_7_7,5,4_6_6_9_2_3_8_3_4
systems_of_equations_with_substitution,systems_of_equations_word_problems,7.222222222,7_4_8_7_7_8_6_9_9,7.333333333,7_6_7_8_8_7_8_9_6,4.333333333,4_4_5_9_2_3_5_3_4
systems_of_equations_with_substitution,similar_triangles_review,1.333333333,1_3_1_1_1_1_1_2_1,3.333333333,1_4_4_6_6_2_1_5_1,2.444444444,2_2_1_2_1_1_1_9_3
systems_of_equations_with_substitution,exponents_1,1.666666667,1_3_1_2_1_1_1_3_2,3.333333333,1_6_1_6_2_7_1_5_1,1.777777778,2_3_1_2_1_1_1_2_3
systems_of_equations_with_substitution,systems_of_equations,8.333333333,9_8_7_9_9_9_8_8_8,4.666666667,5_5_5_5_5_2_5_5_5,8.222222222,9_8_9_9_9_8_9_9_4
systems_of_equations_with_substitution,graphing_linear_equations,4.777777778,2_6_3_6_1_7_3_8_7,5.111111111,6_5_2_8_2_7_2_7_7,4.111111111,3_4_2_8_1_3_5_8_3
finding_axis_of_symmetry,logical_arguments_deductive_reasoning,2.090909091,1_3_1_1_1_1_1_2_6_5_1,5.818181818,6_7_7_7_7_3_2_7_6_5_7,3.181818182,1_3_1_1_3_1_6_4_8_5_2
finding_axis_of_symmetry,axis_of_symmetry,8.454545455,9_8_9_9_9_9_8_8_7_8_9,3.545454545,5_5_5_1_5_5_1_2_3_3_4,8.272727273,9_6_9_9_9_9_9_8_7_7_9
finding_axis_of_symmetry,judging_axis_of_symmetry,7.454545455,8_8_8_9_8_6_8_7_6_6_8,3.727272727,5_5_6_1_5_5_1_2_5_3_3,7.727272727,9_7_7_9_9_7_9_7_6_6_9
finding_axis_of_symmetry,similar_triangles_1,2.454545455,2_3_1_1_5_1_2_3_2_3_4,5.636363636,6_6_8_7_6_8_7_2_5_4_3,3.090909091,1_4_1_2_3_1_3_8_3_3_5
place_value,adding_decimals,5,5_5_6_7_6_2_6_3_8_3_3_6,7,6_9_8_8_6_8_7_5_8_6_7_6,2.666666667,5_1_1_2_4_1_3_3_2_3_4_3
place_value,adding_decimals_2,5.166666667,6_6_7_7_6_2_6_4_8_2_2_6,7,6_9_7_7_6_8_6_6_8_7_8_6,2.75,5_1_2_2_4_1_4_4_1_2_4_3
place_value,division_3,2.5,4_5_3_2_1_1_3_2_2_2_2_3,7.583333333,7_9_8_8_6_9_8_6_9_8_7_6,2.083333333,5_1_1_2_1_1_4_3_1_1_3_2
place_value,hundred_million_adding_and_subtracting,5.166666667,6_7_7_8_7_1_4_3_7_2_4_6,7.166666667,6_9_7_7_8_9_5_7_7_7_8_6,3.333333333,6_1_2_3_4_1_4_3_2_2_7_5
reading_bar_charts_1,creating_bar_charts_1,7.538461538,8_9_8_8_1_8_9_7_9_7_9_7_8,5.846153846,2_6_6_9_9_6_5_7_5_6_5_4_6,5.692307692,8_9_6_1_2_5_9_4_8_6_4_8_4
reading_bar_charts_1,reading_stem_and_leaf_plots,5.153846154,6_5_7_2_6_6_1_3_8_6_4_7_6,6.615384615,7_5_7_8_5_7_8_7_8_6_7_7_4,3.769230769,4_6_6_1_6_4_1_3_2_5_3_3_5
reading_bar_charts_1,reading_tables_1,7.230769231,9_5_9_3_9_7_6_9_9_6_8_6_8,5.076923077,5_5_5_6_5_5_5_5_5_6_6_4_4,6.230769231,5_6_9_4_8_7_5_6_8_6_3_6_8
reading_bar_charts_1,logarithms_2,1.384615385,3_1_1_1_1_1_1_1_2_3_1_1_1,7.923076923,6_9_9_9_9_8_9_2_9_7_9_8_9,1.615384615,6_1_1_1_1_1_1_2_1_3_1_1_1
reading_bar_charts_1,reading_tables_2,4.692307692,4_5_7_3_9_6_5_4_1_6_3_2_6,5.769230769,6_6_1_8_6_5_6_6_8_5_8_8_2,4.307692308,4_4_8_2_3_7_5_4_2_6_2_3_6
divisibility_intuition,scientific_notation,1.8,1_3_2_1_1_2_2_1_3_2,5.7,7_6_8_2_8_8_2_3_6_7,2.2,3_3_2_1_1_2_3_1_3_3
divisibility_intuition,division_2.9,4.5,1_8_5_2_4_4_7_1_6_7,3.9,9_5_1_1_4_3_5_1_6_4,4.1,1_5_8_1_6_3_6_1_4_6
divisibility_intuition,number_line_2,3.2,4_3_9_1_1_4_2_1_4_3,2.5,1_2_1_1_2_5_4_1_5_3,4,2_7_9_1_1_4_6_1_4_5
divisibility_intuition,adding_subtracting_mixed_numbers_1,2.5,3_2_5_1_1_2_4_1_2_4,5,6_2_8_7_4_2_5_7_6_3,2.8,2_8_2_1_1_2_4_1_3_4
divisibility_intuition,division_1.5,5.9,5_8_5_2_7_8_7_2_7_8,3,3_5_1_1_6_2_3_1_5_3,5,7_5_2_1_6_8_8_2_5_6
divisibility_intuition,division_2,6.2,7_8_5_2_7_8_6_3_8_8,5,7_3_8_2_6_3_7_2_6_6,4.1,4_8_2_1_6_7_3_2_3_5
divisibility_intuition,divisibility_tests,6.7,5_8_8_5_7_8_6_4_8_8,5.6,3_7_8_3_7_4_7_5_6_6,4.7,6_3_2_6_6_7_4_5_4_4
axis_of_symmetry,judging_axis_of_symmetry,8.375,8_9_7_9_9_9_8_8,4.375,3_5_5_5_5_5_5_2,8.125,6_9_8_9_8_9_7_9
axis_of_symmetry,addition_1,1,1_1_1_1_1_1_1_1,2.125,1_1_2_1_5_1_5_1,1.75,2_4_1_1_2_1_2_1
axis_of_symmetry,multiplying_radicals,1.25,1_1_1_1_3_1_1_1,7.875,6_8_9_8_7_9_9_7,1.375,2_1_1_1_3_1_1_1
axis_of_symmetry,dividing_decimals,1,1_1_1_1_1_1_1_1,7.25,7_7_8_5_7_9_8_7,1.375,1_1_1_1_2_1_2_2
axis_of_symmetry,congruent_triangles_2,4.875,8_2_1_8_8_1_7_4,6,3_6_7_7_6_8_5_6,4,6_2_1_3_9_1_6_4
axis_of_symmetry,similar_triangles_2,3.25,3_2_1_8_3_1_4_4,6.375,6_7_8_6_5_9_6_4,3.625,2_2_1_6_7_1_4_6
axis_of_symmetry,similar_triangles_1,3.25,4_1_1_6_5_1_6_2,5.5,2_7_6_7_5_8_7_2,3.125,4_1_1_5_4_1_3_6
measuring_segments,points_lines_and_planes,3.916666667,3_6_4_8_1_1_2_1_9_6_3_3,7.5,7_8_8_9_9_7_9_6_9_7_3_8,2.333333333,3_5_1_1_3_4_1_1_1_1_5_2
measuring_segments,number_line_2,7,8_6_8_7_7_7_2_9_9_7_7_7,4.666666667,4_2_2_7_5_6_7_5_2_6_4_6,5.333333333,8_7_8_3_4_4_1_8_8_1_8_4
measuring_segments,midpoint_of_a_segment,6.166666667,7_6_7_6_4_7_4_7_8_4_6_8,6.916666667,6_7_7_8_8_7_7_9_1_8_6_9,3.416666667,4_3_4_3_2_3_2_4_9_1_4_2
measuring_segments,area_of_a_circle,1.75,2_3_1_2_1_1_3_1_1_2_2_2,7.583333333,8_8_8_7_9_7_7_7_9_8_7_6,1.583333333,2_4_1_3_1_1_1_1_1_1_2_1
measuring_segments,recognizing_rays_lines_and_line_segments,3.916666667,3_3_4_5_2_4_2_6_2_6_3_7,2.916666667,4_5_1_3_2_1_5_2_1_5_2_4,6.833333333,7_6_7_9_7_8_4_7_7_8_4_8
judging_axis_of_symmetry,finding_axis_of_symmetry,8,9_7_8_8_7_9_8_8,5.375,5_5_7_7_6_1_5_7,6.5,9_8_4_6_5_9_7_4
judging_axis_of_symmetry,axis_of_symmetry,8.375,9_9_8_8_8_9_7_9,5.5,5_5_6_6_5_7_5_5,7.5,9_9_7_8_7_4_7_9
judging_axis_of_symmetry,parabola_intuition_3,2.75,1_1_1_1_6_8_2_2,7.625,9_9_8_9_8_2_8_8,2.375,1_1_1_1_4_8_2_1
judging_axis_of_symmetry,similar_triangles_1,3.5,9_3_1_1_4_4_3_3,6.5,5_6_7_7_7_9_5_6,2.625,7_2_1_1_3_1_4_2
square_roots_2,exponents_2,3.153846154,4_2_3_3_3_7_2_2_2_3_2_2_6,5.846153846,6_8_8_6_9_4_8_7_5_4_2_2_7,3.615384615,4_2_5_3_3_6_1_2_4_3_8_4_2
square_roots_2,exponents_1,3.615384615,3_2_5_2_3_8_1_2_3_2_3_6_7,3.076923077,2_1_8_2_7_3_1_1_3_3_4_4_1,4.076923077,7_2_3_2_3_7_2_4_6_2_6_6_3
square_roots_2,simplifying_radicals,6.923076923,5_9_7_6_9_6_7_9_6_6_5_7_8,4.538461538,6_5_7_4_5_4_2_3_5_4_3_7_4,6.153846154,3_9_3_6_8_6_7_8_7_7_6_3_7
square_roots_2,square_roots,7.230769231,7_9_8_7_9_9_9_9_5_4_4_7_7,3.230769231,2_3_1_6_7_3_3_1_6_4_1_1_4,7.384615385,7_8_8_7_3_9_8_9_6_6_9_8_8
factoring_polynomials_by_grouping_1,writing_fractions_1,3,3_5_1_6_3_1_1_3_3_6_3_3_1,1.615384615,2_4_1_1_1_2_1_1_2_1_2_2_1,3.846153846,7_6_2_4_6_2_1_2_4_8_3_4_1
factoring_polynomials_by_grouping_1,factoring_polynomials_1,7.846153846,9_8_8_7_9_7_7_8_8_9_7_7_8,4.461538462,4_5_5_2_5_6_3_2_5_5_6_5_5,6.769230769,8_6_7_8_9_7_7_3_8_6_3_7_9
factoring_polynomials_by_grouping_1,factoring_polynomials_2,7.846153846,9_8_8_7_9_7_7_7_9_8_7_8_8,4.846153846,5_5_5_2_5_6_3_7_5_5_5_5_5,6.230769231,6_6_7_8_6_4_7_4_8_6_3_7_9
factoring_difference_of_squares_1,multiplying_expressions_1,6.454545455,4_8_7_6_8_5_7_8_4_7_7,5.181818182,5_5_3_7_4_6_6_4_2_8_7,5.454545455,6_7_7_6_8_4_7_9_2_1_3
factoring_difference_of_squares_1,factoring_difference_of_squares_2,8.272727273,8_9_8_9_9_6_7_9_9_9_8,6.363636364,7_5_7_5_6_6_8_5_6_9_6,5.363636364,3_4_8_5_8_4_9_6_7_1_4
factoring_difference_of_squares_1,factoring_polynomials_1,7.454545455,7_8_8_7_8_7_8_9_5_7_8,6.454545455,5_5_6_7_6_6_7_7_8_9_5,5.818181818,7_6_8_6_8_4_5_5_5_1_9
factoring_difference_of_squares_1,multiplying_expressions_0.5,7.090909091,4_8_6_7_8_6_7_9_8_7_8,5.636363636,4_5_8_6_4_4_5_5_6_9_6,6.636363636,5_7_6_7_8_6_9_9_8_1_7
factoring_difference_of_squares_1,multiplying_polynomials,5.818181818,4_7_4_5_7_6_5_9_4_6_7,6.181818182,4_7_8_7_7_5_7_5_2_9_7,3.909090909,4_3_7_6_4_6_4_3_2_1_3
factoring_difference_of_squares_3,factoring_difference_of_squares_1,7.714285714,7_8_9_9_8_8_6_7_8_5_8_8_9_8,3.642857143,1_6_1_4_6_3_4_5_2_4_2_4_5_4,7.571428571,9_8_8_9_9_8_8_6_8_6_4_7_7_9
factoring_difference_of_squares_3,factoring_difference_of_squares_2,7.785714286,8_9_9_9_8_9_7_7_6_4_8_8_9_8,3.857142857,5_4_2_5_4_3_4_4_2_3_5_4_5_4,7.428571429,7_7_9_9_6_9_9_7_3_6_8_7_8_9
factoring_difference_of_squares_3,multiplying_expressions_0.5,5.5,4_6_7_6_5_6_4_5_7_4_4_4_7_8,3.428571429,5_2_1_4_5_2_4_3_3_2_3_5_5_4,5.785714286,6_6_4_7_7_5_6_4_8_6_5_4_7_6
herons_formula,areas_of_circles_and_sectors,3,1_4_2_3_6_3_2_3,4.125,6_4_3_4_3_4_4_5,4.125,1_2_3_5_7_3_7_5
herons_formula,shaded_areas,3.5,1_5_3_2_6_2_2_7,4.25,4_3_4_2_7_5_3_6,4.125,1_5_4_5_3_5_6_4
herons_formula,angles_2,2,1_1_2_1_4_3_2_2,3.5,6_3_2_2_2_7_3_3,3.375,1_1_3_1_8_3_7_3
multiplying_expressions_0.5,multiplying_polynomials,7.166666667,7_8_9_8_4_7,6.666666667,7_7_7_6_6_7,4.5,4_7_3_7_3_3
multiplying_expressions_0.5,multiplying_expressions_1,8.5,9_8_9_9_8_8,5.666666667,6_4_5_6_7_6,7,7_9_7_9_6_4
multiplying_expressions_0.5,adding_and_subtracting_polynomials,4.5,3_6_7_1_3_7,3.833333333,4_3_1_6_6_3,5.166666667,5_6_7_2_4_7
multiplying_expressions_0.5,recognizing_conic_sections,1.666666667,1_1_3_1_2_2,1.666666667,1_2_3_1_1_2,2,1_1_3_1_5_1
reading_stem_and_leaf_plots,divisibility,2,2_1_1_4_1_2_4_1,7,5_8_6_6_9_9_6_7,2.375,2_1_1_3_1_2_5_4
reading_stem_and_leaf_plots,simplifying_radicals,1.25,1_1_1_1_1_1_2_2,6.25,1_7_7_7_8_6_7_7,1.625,2_1_1_2_1_1_3_2
reading_stem_and_leaf_plots,reading_tables_1,6.625,6_2_8_9_5_6_9_8,3.625,3_1_4_3_5_3_5_5,6.5,6_3_8_9_7_7_7_5
reading_stem_and_leaf_plots,reading_tables_2,5,4_2_8_8_1_4_9_4,4.5,5_6_4_5_5_2_6_3,5.125,3_3_8_8_1_6_4_8
reading_stem_and_leaf_plots,reading_bar_charts_1,6.375,6_2_8_9_5_7_9_5,4.25,6_5_4_3_5_2_5_4,7,6_5_8_8_6_6_9_8
reading_stem_and_leaf_plots,telling_time_0.5,3.25,3_1_1_6_1_8_5_1,2.75,6_1_3_3_3_4_1_1,3.5,3_1_1_7_1_7_7_1
absolute_value_of_complex_numbers,adding_and_subtracting_complex_numbers,5.444444444,4_3_4_3_7_7_8_6_7,2.666666667,1_1_2_2_4_2_6_2_4,5.444444444,4_2_4_5_8_8_3_7_8
absolute_value_of_complex_numbers,imaginary_unit_powers,4.888888889,3_2_2_2_6_8_6_7_8,3,5_1_3_3_5_1_2_3_4,5.333333333,3_1_4_5_8_9_4_7_7
absolute_value_of_complex_numbers,pythagorean_theorem_1,5,7_5_7_6_2_6_1_3_8,3,1_3_3_6_4_3_2_3_2,3.333333333,6_2_3_1_2_7_1_6_2
absolute_value_of_complex_numbers,the_complex_plane,5.555555556,8_1_3_2_7_8_6_7_8,2.777777778,1_1_2_2_3_3_6_5_2,5.222222222,9_1_3_3_7_7_4_6_7
order_of_operations,perimeter_1,3.3,1_3_3_5_2_3_3_3_4_6,2.3,2_1_1_1_2_4_1_6_2_3,4.6,1_1_7_8_2_1_9_5_7_5
order_of_operations,properties_of_numbers_1,4.6,6_3_8_5_5_3_4_3_4_5,3.2,3_1_1_8_3_2_1_6_3_4,5.7,6_6_7_1_7_5_8_4_7_6
order_of_operations,properties_of_numbers_2,5.1,6_3_3_7_6_5_2_5_7_7,2,1_1_1_3_2_1_1_7_1_2,6.4,3_5_7_8_6_7_8_6_8_6
order_of_operations,multiplying_and_dividing_negative_numbers,4.4,6_4_4_2_3_2_2_8_7_6,4.5,5_2_1_6_4_4_7_5_5_6,4.8,6_6_6_2_6_3_3_6_6_4
lhopitals_rule,limits_2,6.888888889,7_6_7_5_7_8_6_8_8,5,4_5_9_8_3_3_5_4_4,6.111111111,7_5_3_2_8_9_6_7_8
lhopitals_rule,derivatives_1,5.888888889,7_7_7_5_6_6_1_8_6,6.222222222,4_5_9_7_6_3_9_7_6,5.333333333,7_5_7_4_4_7_1_8_5
time_word_problem_4,subtraction_3,5.75,6_6_6_7_3_5_6_5_3_9_6_7,2.833333333,3_1_3_4_2_1_2_5_2_5_3_3,5.083333333,3_5_7_7_4_5_6_5_1_6_6_6
time_word_problem_4,time_units_transformation_1,6.333333333,4_7_6_6_4_6_4_8_8_8_7_8,3.5,2_1_3_5_6_1_4_5_2_6_4_3,6.5,3_8_7_5_7_7_6_7_7_6_8_7
time_word_problem_4,telling_time_2,5.166666667,4_6_4_4_2_3_6_7_6_6_7_7,2,1_1_3_4_4_1_1_3_1_2_2_1,5.25,4_3_7_6_6_2_8_8_3_7_7_2
time_word_problem_4,time_word_problem_2,7.916666667,8_9_6_6_8_8_9_9_9_7_8_8,5,5_5_5_5_6_3_5_5_5_7_5_4,6.75,8_9_5_5_7_9_6_8_9_3_5_7
inscribed_angles_3,inscribed_angles_2,8.1,6_9_9_9_9_8_8_7_8_8,4.5,3_5_3_5_5_6_4_5_5_4,7.6,6_9_9_8_9_4_9_5_8_9
inscribed_angles_3,inscribed_angles_1,8,6_9_8_9_9_8_7_7_8_9,4,4_5_1_5_5_3_3_6_5_3,7.5,6_9_8_8_9_7_8_4_8_8
inscribed_angles_3,circles_and_arcs,3.7,4_3_1_4_4_4_1_6_3_7,6,6_7_6_8_8_3_6_5_4_7,3.3,4_2_1_2_3_6_1_5_6_3
vertical_angles,complementary_and_supplementary_angles,6.583333333,8_7_7_6_5_9_3_8_7_6_6_7,4.833333333,3_7_7_6_5_5_2_5_5_6_5_2,5.666666667,8_4_7_6_7_9_4_6_5_4_4_4
vertical_angles,angle_addition_postulate,5.333333333,7_6_4_2_6_5_6_4_6_5_6_7,7,4_8_9_8_9_8_8_6_7_8_3_6,3.333333333,6_3_2_1_3_3_3_3_3_2_6_5
vertical_angles,vertical_angles_2,7.166666667,7_7_9_8_9_5_7_4_8_6_8_8,6.416666667,5_7_8_5_7_7_5_6_6_7_6_8,4.916666667,7_5_6_7_7_4_7_3_2_3_7_1
vertical_angles,angle_types,4.083333333,2_7_3_2_5_8_2_3_4_3_4_6,2.666666667,2_2_2_1_6_3_1_1_7_3_3_1,4.916666667,1_8_1_4_9_8_3_8_7_4_5_1
vertical_angles,writing_expressions_1,1.75,1_3_1_1_1_4_1_1_3_2_2_1,5.916666667,1_5_9_7_7_4_5_5_8_6_5_9,2.666666667,3_5_1_1_1_3_1_5_5_4_2_1
time_word_problem_2,arithmetic_word_problems_1,6,6_7_4_9_3_9_4,2.428571429,5_1_4_1_1_1_4,5.142857143,4_6_2_8_4_9_3
time_word_problem_2,subtraction_3,5.714285714,8_7_3_2_4_9_7,2.142857143,5_1_4_1_1_1_2,5.428571429,7_6_2_6_2_9_6
time_word_problem_2,time_units_transformation_1,7.428571429,8_8_8_8_5_8_7,2.285714286,1_2_4_1_2_1_5,7.142857143,9_6_8_7_4_9_7
time_word_problem_2,telling_time_comparing,7.285714286,8_9_7_8_4_7_8,5.142857143,5_4_4_2_5_9_7,5.857142857,8_7_8_7_6_2_3
time_word_problem_2,telling_time,7,8_9_7_3_8_8_6,1.571428571,1_1_2_1_1_1_4,7.142857143,7_6_8_7_7_9_6
time_word_problem_3,arithmetic_word_problems_1,5.1,2_1_5_8_7_3_6_9_6_4,3.2,2_3_2_2_7_2_3_5_3_3,4.9,1_1_3_7_8_6_3_9_5_6
time_word_problem_3,telling_time_2,5.4,6_7_6_4_3_2_4_8_6_8,2.7,1_3_1_1_9_1_1_5_3_2,5.1,3_6_5_3_8_6_2_9_6_3
time_word_problem_3,time_word_problem_1,8,9_9_9_8_5_7_7_9_9_8,3.8,5_5_4_2_4_3_2_5_5_3,7.8,8_9_9_8_6_7_7_9_7_8
dividing_fractions_word_problems,dividing_fractions,6.923076923,8_9_7_3_8_4_8_6_6_8_7_7_9,4.384615385,3_4_7_8_5_3_3_2_5_3_6_4_4,6.538461538,7_9_7_3_9_4_9_6_5_8_3_6_9
dividing_fractions_word_problems,simplifying_fractions,4,8_6_1_3_4_3_3_3_3_2_3_6_7,2,2_1_1_1_1_2_3_1_2_5_3_2_2,3.846153846,7_2_1_2_2_4_5_3_9_2_4_5_4
dividing_fractions_word_problems,dividing_fractions_0.5,7.153846154,9_8_7_9_9_3_5_8_7_8_5_7_8,2.769230769,2_1_2_5_5_3_3_2_2_2_3_3_3,7.538461538,9_8_7_9_9_6_7_8_7_8_6_7_7
dividing_fractions_word_problems,multiplying_fractions_0.5,4.923076923,9_3_2_3_8_4_6_2_4_6_6_4_7,2.461538462,1_1_2_3_4_2_3_2_3_2_4_3_2,4.692307692,9_3_2_3_9_4_8_2_8_2_4_4_3
adding_fractions,equivalent_fractions_2,5,8_3_5_2_3_5_5_8_4_4_8,3.181818182,5_2_1_2_7_3_1_3_5_2_4,5,5_5_4_6_2_5_2_7_5_7_7
adding_fractions,converting_mixed_numbers_and_improper_fractions,5.454545455,4_6_4_6_4_5_4_8_4_7_8,3,3_4_1_1_4_3_2_1_5_5_4,6.363636364,7_6_3_7_5_7_4_9_5_8_9
adding_fractions,adding_fractions_with_common_denominators,7.727272727,8_8_8_9_8_7_7_9_4_8_9,1.636363636,2_1_1_1_3_3_1_1_2_1_2,7.545454545,8_9_7_9_7_7_5_9_7_8_7
adding_fractions,adding_and_subtracting_fractions,7.636363636,7_8_9_8_8_7_7_8_5_9_8,6.090909091,5_6_5_9_6_6_6_8_5_5_6,4.727272727,5_6_9_2_4_4_6_1_5_6_4
adding_fractions,simplifying_fractions,5.272727273,6_2_5_3_6_6_5_8_4_6_7,2.727272727,6_4_1_1_4_3_1_2_3_2_3,6.272727273,5_6_6_8_6_6_3_8_6_7_8
simplifying_expressions_with_exponents,exponents_2,5.625,4_7_4_8_9_4_2_7,2.5,6_2_2_3_1_2_2_2,5.125,4_7_2_8_9_5_2_4
simplifying_expressions_with_exponents,scientific_notation_intuition,2.875,2_6_1_2_1_2_3_6,2.25,4_2_1_4_2_1_1_3,3.625,3_8_1_4_3_1_6_3
simplifying_expressions_with_exponents,exponent_rules,7.375,3_8_6_8_9_8_9_8,3.5,6_2_1_4_5_2_4_4,7.125,4_7_5_8_8_9_7_9
simplifying_expressions_with_exponents,exponents_1,4.625,1_7_1_3_9_2_7_7,1.75,1_2_1_1_1_1_6_1,4.75,2_8_2_6_9_2_6_3
divisibility_0.5,divisibility_intuition,6.363636364,8_6_8_3_7_6_6_9_4_5_8,3.909090909,2_3_7_1_2_5_6_1_8_3_5,6.272727273,8_7_6_6_4_6_6_9_3_5_9
divisibility_0.5,composite_numbers,6.272727273,7_6_7_2_3_6_8_8_7_7_8,4.272727273,7_3_2_4_4_5_5_5_3_5_4,6.272727273,4_6_8_5_3_6_8_7_6_7_9
divisibility_0.5,division_2,5.818181818,7_6_7_6_4_6_4_8_3_6_7,2.545454545,3_3_1_4_2_3_3_1_1_4_3,5.636363636,8_6_6_7_7_7_6_8_2_3_2
divisibility_0.5,divisibility_tests,6.636363636,8_4_8_6_8_7_4_8_6_6_8,4.363636364,4_4_2_1_7_4_6_3_4_6_7,6.181818182,8_6_7_6_8_7_5_8_6_4_3
divisibility_0.5,prime_numbers,6.727272727,8_6_8_6_3_6_7_8_7_7_8,3.909090909,7_3_2_1_4_5_4_5_3_5_4,5.818181818,3_6_7_5_4_6_7_7_6_5_8
comparing_absolute_values,absolute_value,8.3,9_9_7_8_9_9_9_8_8_7,3.8,5_2_4_5_5_5_5_1_3_3,8.1,8_9_7_9_8_9_9_8_7_7
comparing_absolute_values,absolute_value_add_sub,6.9,8_8_6_8_8_4_6_7_6_8,7.3,7_7_7_8_7_7_9_7_7_7,4.8,4_5_7_8_4_4_2_5_6_3
comparing_absolute_values,adding_and_subtracting_negative_numbers,4.5,6_7_6_6_4_2_1_3_4_6,4.8,6_6_5_5_5_6_6_2_3_4,4.1,4_6_6_8_2_2_2_3_4_4
comparing_absolute_values,adding_negative_numbers,4.9,7_8_7_7_4_2_1_3_4_6,4.4,6_4_5_1_5_6_6_3_5_3,4.2,4_6_6_7_2_4_2_4_3_4
corresponding_angles_2,alternate_interior_angles_2,8.222222222,9_7_9_8_8_8_8_9_8,5.222222222,5_5_5_5_5_6_6_5_5,7.666666667,6_7_9_8_9_8_8_5_9
corresponding_angles_2,congruent_angles,7.444444444,4_6_7_8_9_9_7_9_8,2.555555556,2_2_1_6_5_2_3_1_1,7.111111111,8_7_7_8_9_8_7_9_1
corresponding_angles_2,parallel_lines_1,7.555555556,8_6_7_8_8_7_8_9_7,4,4_2_1_6_5_7_5_5_1,6.666666667,6_7_8_8_9_7_8_6_1
corresponding_angles_2,parallel_lines_2,7.666666667,8_6_9_6_8_7_8_9_8,4.888888889,5_2_5_6_5_6_5_5_5,7.555555556,6_8_9_7_9_7_7_6_9
corresponding_angles_2,alternate_interior_angles,8.222222222,8_8_9_8_8_8_8_9_8,4.333333333,5_5_5_5_5_2_5_5_2,6.888888889,5_7_9_8_9_9_9_5_1
areas_of_kites,triangle_inequality_theorem,2.166666667,1_3_1_2_5_1,4.333333333,6_6_2_4_4_4,2,2_3_1_1_4_1
areas_of_kites,areas_of_rhombi,8,8_8_7_9_8_8,5.166666667,6_5_5_5_5_5,8.166666667,8_8_8_9_7_9
areas_of_kites,angles_1,1.666666667,2_1_1_1_3_2,5.5,1_9_4_8_7_4,2.166666667,2_4_1_1_3_2
areas_of_kites,solid_geometry,5,7_8_1_6_3_5,5.5,7_5_6_7_2_6,4.5,5_6_1_7_5_3
areas_of_kites,angles_2,1.833333333,2_1_1_1_3_3,6.166666667,2_9_6_8_7_5,1.5,1_1_1_1_3_2
l_ml_time_div,subtraction_2,1.5,3_1_2_2_1_1_1_1,1.375,1_1_2_1_2_1_1_2,1.5,1_1_1_1_1_1_1_5
l_ml_time_div,expressions_with_unknown_variables,1.625,4_1_3_1_1_1_1_1,7.375,5_7_6_8_7_8_9_9,1.375,3_1_1_1_1_1_1_2
l_ml_time_div,linear_equations_4,1.375,3_1_2_1_1_1_1_1,8.125,6_7_9_9_7_9_9_9,1.25,3_1_1_1_1_1_1_1
l_ml_time_div,l_ml_word_problem,7.5,7_8_8_7_8_8_7_7,3.875,5_1_4_5_4_3_5_4,8.25,6_8_9_8_8_9_9_9
l_ml_time_div,l_ml_transform,8.125,8_8_8_8_9_8_7_9,2.875,2_1_2_3_5_2_3_5,8.25,6_8_9_8_9_9_8_9
absolute_value,comparing_absolute_values,8.3,9_8_8_8_7_8_9_9_9_8,5.3,5_5_5_6_7_3_5_5_6_6,4.8,4_9_6_4_4_6_5_3_3_4
absolute_value,negative_number_word_problems,4.1,1_1_2_4_7_5_5_3_7_6,6.9,7_9_7_7_6_6_8_5_8_6,3,2_1_1_4_4_6_2_5_2_3
absolute_value,adding_negative_numbers,4.8,3_1_1_6_6_3_8_9_6_5,5.8,6_7_5_5_5_5_6_6_7_6,3.8,3_1_2_5_6_6_5_4_3_3
absolute_value,absolute_value_add_sub,7.9,9_8_7_8_7_7_9_9_7_8,7.3,6_8_9_7_7_7_9_7_7_6,2.9,1_2_4_3_3_7_1_2_3_3
absolute_value,adding_and_subtracting_negative_numbers,4.9,2_1_2_6_6_3_8_9_7_5,5.2,6_7_5_5_2_3_5_6_7_6,3.1,3_1_1_4_6_4_3_3_3_3
domain_and_range_0.5,functions_1,7.222222222,7_6_8_5_7_9_8_7_8,3.666666667,2_3_5_2_6_5_1_3_6,5.777777778,9_5_8_5_7_5_5_4_4
domain_and_range_0.5,linear_equations_3,3.444444444,1_1_3_1_5_8_3_4_5,3.555555556,1_1_9_1_6_3_2_3_6,4,3_1_3_1_6_7_3_7_5
domain_and_range_0.5,functions_2,6.444444444,7_6_6_4_5_8_8_6_8,6,4_7_7_9_7_8_3_3_6,4.555555556,7_5_3_3_7_2_3_7_4
domain_and_range_0.5,direct_and_inverse_variation,2.777777778,1_2_3_1_4_8_2_2_2,4.777777778,1_6_8_7_6_4_5_3_3,3.333333333,1_1_4_1_3_7_4_6_3
area_of_squares_and_rectangles,volume_box,6,7_4_7_6_7_3_9_5,7.125,7_7_7_8_7_7_7_7,3,4_3_3_3_3_2_4_2
area_of_squares_and_rectangles,perimeter_of_combined_shapes,5.75,5_5_6_6_6_5_9_4,5,4_8_6_2_5_6_6_3,6.5,6_7_4_7_8_6_7_7
area_of_squares_and_rectangles,area_1,8.75,9_9_8_9_9_9_9_8,4.75,3_5_5_5_5_5_5_5,8.5,9_9_9_9_8_9_7_8
area_of_squares_and_rectangles,order_of_operations,3,2_2_1_6_3_1_6_3,6.25,5_8_7_3_6_9_5_7,3.125,2_1_1_4_7_1_7_2
area_of_squares_and_rectangles,fractions_on_the_number_line_1,1.75,3_1_1_1_2_1_3_2,3.25,5_3_3_1_3_4_5_2,2.375,2_1_1_1_4_1_6_3
area_of_squares_and_rectangles,alternate_exterior_angles,2,3_1_1_1_2_1_4_3,3.625,5_5_6_1_1_5_5_1,2.375,3_1_1_1_3_1_5_4
functions_2,functions_1,7.9,6_8_8_8_9_9_9_6_8_8,3.3,4_4_1_4_3_2_4_5_2_4,8.2,7_8_8_9_9_9_9_6_8_9
functions_2,linear_equations_2,3.5,4_7_2_2_1_2_6_3_3_5,3.6,3_3_1_2_5_1_2_8_7_4,4.4,7_7_2_2_1_2_8_6_3_6
functions_2,linear_equations_3,3.7,5_7_2_4_1_2_3_5_4_4,3.5,6_2_1_4_5_1_2_5_5_4,3.6,3_7_2_4_1_2_4_4_4_5
functions_2,even_and_odd_functions,5.2,5_6_5_2_4_3_8_5_6_8,5.5,4_4_6_6_7_8_5_5_7_3,5.3,7_7_2_3_6_4_8_5_2_9
functions_2,domain_and_range_0.5,6.1,5_7_6_8_6_5_8_3_6_7,3.1,4_2_2_3_4_1_2_7_3_3,6.6,6_7_5_7_6_6_8_7_7_7
solid_geometry,addition_1,3.111111111,1_7_2_1_1_1_3_6_6,1.333333333,1_3_2_1_1_1_1_1_1,3.333333333,1_7_8_1_1_1_3_7_1
solid_geometry,recognizing_rays_lines_and_line_segments,2.444444444,1_5_1_1_2_1_3_7_1,2.111111111,7_2_1_1_1_1_2_3_1,3.888888889,2_6_8_1_1_1_7_6_3
solid_geometry,areas_of_kites,5.444444444,5_8_5_2_1_4_8_8_8,3,3_2_5_1_3_2_2_5_4,6.111111111,5_8_9_3_1_5_8_7_9
solid_geometry,angles_2,2.444444444,2_1_2_1_2_1_3_6_4,4.333333333,2_8_8_1_4_1_3_6_6,2.333333333,2_2_2_1_1_1_4_4_4
solid_geometry,metric_area_unit_comparison,2.333333333,2_2_2_1_1_1_2_5_5,3.555555556,4_3_1_3_6_2_4_5_4,3.777777778,2_7_8_1_1_1_4_4_6
solid_geometry,shaded_areas,5.666666667,3_7_5_5_3_5_8_8_7,3.333333333,2_1_1_3_4_3_4_5_7,5.777777778,3_9_9_5_1_6_8_7_4
congruency_postulates,same_side_exterior_angles_2,2.5,2_1_1_1_2_5_4_4,3.5,7_1_3_2_2_2_6_5,2.25,1_1_2_1_2_4_4_3
congruency_postulates,congruent_triangles_2,5.875,5_7_9_4_3_6_6_7,4.125,3_4_4_2_3_5_6_6,4.25,3_8_7_3_3_2_4_4
congruency_postulates,decimals_on_the_number_line_1,1.875,1_1_1_1_4_5_1_1,2.125,1_2_1_1_1_7_1_3,1.75,1_1_1_1_4_3_2_1
congruency_postulates,areas_of_kites,1.875,2_1_1_1_2_3_3_2,3.125,2_3_3_2_2_6_3_4,2.75,3_1_3_1_3_5_4_2
congruency_postulates,angles_2,3.5,4_1_7_2_2_4_3_5,5.625,3_6_7_2_7_5_8_7,2.5,3_1_3_2_2_5_2_2
dividing_fractions,fractions_cut_and_copy_1,6.111111111,4_4_7_2_7_8_8_8_7,6,9_8_2_8_7_9_1_6_4,3.888888889,1_3_8_1_8_1_4_3_6
dividing_fractions,multiplying_fractions_word_problems,6.444444444,3_8_5_8_7_5_7_7_8,3.555555556,2_6_4_4_5_2_1_4_4,5.444444444,1_7_4_6_7_8_3_6_7
dividing_fractions,multiplying_fractions,6.444444444,6_8_6_7_7_2_6_8_8,3,1_5_3_2_4_2_3_4_3,6.777777778,8_8_6_6_8_8_5_6_6
dividing_fractions,dividing_fractions_0.5,8.555555556,9_9_8_9_8_9_9_7_9,4.444444444,4_5_5_5_5_4_3_5_4,8.666666667,9_9_9_9_9_8_9_7_9
dividing_fractions,multiplying_fractions_0.5,6.777777778,6_8_6_7_8_4_7_7_8,2.666666667,1_5_3_1_5_2_2_3_2,6,7_8_6_5_7_8_3_6_4
chain_rule_1,derivative_intuition,4,1_6_6_3_2_7_3,4.857142857,5_5_4_4_8_3_5,4.714285714,1_7_7_4_3_7_4
chain_rule_1,derivatives_1,3.714285714,2_3_6_1_3_7_4,4.714285714,5_8_4_1_8_3_4,4.142857143,1_3_7_1_4_7_6
recognizing_conic_sections,parabola_intuition_1,3.846153846,3_1_7_7_4_2_5_1_2_1_3_7_7,7.076923077,7_9_7_4_9_7_6_9_8_8_7_5_6,3.769230769,3_1_3_8_4_4_6_1_2_2_4_6_5
recognizing_conic_sections,multiplying_expressions_0.5,2.230769231,2_1_2_1_2_6_4_1_1_1_2_3_3,7,7_9_3_4_9_7_6_9_9_8_7_7_6,2.846153846,3_1_3_1_6_4_5_1_1_1_4_4_3
recognizing_conic_sections,adding_and_subtracting_polynomials,1.846153846,3_1_2_1_3_1_4_1_1_1_1_3_2,7.384615385,7_9_7_7_9_7_7_9_8_8_4_8_6,2.307692308,3_1_3_1_3_1_4_1_1_2_4_4_2
recognizing_conic_sections,decimals_on_the_number_line_2,1.846153846,4_1_4_1_1_1_5_1_1_1_1_2_1,4,2_6_2_2_5_2_3_9_7_8_1_4_1,2.769230769,7_1_6_1_1_1_6_2_1_2_3_4_1
direct_and_inverse_variation,new_definitions_1,4.454545455,7_7_3_6_1_1_1_6_9_4_4,4.818181818,4_5_7_2_5_6_2_4_3_7_8,4.181818182,7_6_4_7_1_1_1_7_7_3_2
direct_and_inverse_variation,linear_equations_2,5,7_6_7_3_9_1_1_5_9_3_4,3.272727273,2_3_3_2_5_2_1_4_1_7_6,5.363636364,7_6_7_7_9_1_1_5_9_3_4
direct_and_inverse_variation,linear_equations_3,4.727272727,7_7_7_3_5_1_1_6_9_4_2,3.909090909,3_6_3_2_9_3_1_5_1_4_6,5.090909091,8_7_7_6_6_1_1_7_9_2_2
direct_and_inverse_variation,linear_inequalities,4.181818182,8_6_2_4_4_1_1_5_9_3_3,4.363636364,4_6_3_3_5_4_1_6_3_8_5,4,7_7_4_3_6_1_1_5_6_2_2
evaluating_expressions_2,linear_equations_1,6,6_6_7_2_9_7_7_3_7,3.333333333,3_6_7_3_1_4_2_1_3,5.222222222,5_3_1_2_9_7_8_5_7
evaluating_expressions_2,adding_decimals_2,2.111111111,2_6_1_2_2_1_2_1_2,2.333333333,1_7_3_1_1_3_1_2_2,2.666666667,2_3_1_1_8_1_1_1_6
evaluating_expressions_2,multiplying_radicals,1.333333333,1_3_1_1_1_1_1_1_2,5.555555556,2_6_7_7_9_6_1_7_5,1.666666667,3_3_1_1_1_1_1_1_3
evaluating_expressions_2,adding_and_subtracting_fractions,2.333333333,1_6_1_2_1_1_5_1_3,3.777777778,2_4_7_8_1_3_2_4_3,3.444444444,2_7_1_1_8_1_5_1_5
evaluating_expressions_2,evaluating_expressions_1,8.333333333,5_9_7_9_9_9_9_9_9,2.555555556,3_2_3_2_1_5_1_3_3,8.444444444,5_8_9_9_9_9_9_9_9
evaluating_expressions_2,writing_expressions_1,5.777777778,2_7_7_3_8_6_7_5_7,3.888888889,1_3_3_6_1_6_5_6_4,6.222222222,1_7_9_5_9_7_5_7_6
evaluating_expressions_2,division_4,1.888888889,4_4_1_1_1_1_2_1_2,4,3_3_7_8_1_4_1_7_2,2.777777778,3_7_1_1_8_1_1_1_2
mean_median_and_mode,time_units_transformation_2,1.3,2_2_1_1_1_1_1_1_1_2,5.5,5_6_3_5_8_7_5_5_5_6,3,3_4_1_1_8_1_4_1_3_4
mean_median_and_mode,exploring_mean_and_median,5.1,4_4_6_2_1_7_8_3_8_8,6.4,7_6_6_8_9_6_4_6_7_5,4.4,2_4_3_3_2_7_7_4_4_8
mean_median_and_mode,creating_box_and_whisker_plots,4.8,4_3_7_2_2_7_6_3_8_6,6.4,5_7_7_8_9_6_4_6_5_7,4.3,5_3_1_3_2_6_7_4_8_4
mean_median_and_mode,parabola_intuition_3,1.6,2_2_1_1_1_1_4_1_1_2,8.2,8_7_9_9_9_7_6_9_9_9,1.6,1_2_1_1_1_1_5_1_1_2
mean_median_and_mode,order_of_operations,1.7,3_2_1_1_1_1_2_1_3_2,6.2,6_7_7_7_1_7_6_9_5_7,3.3,2_2_1_1_8_1_7_1_6_4
mean_median_and_mode,multiplying_fractions,1.8,4_2_1_1_1_1_4_1_1_2,5.4,6_7_6_6_1_6_3_7_6_6,2.6,2_2_1_1_8_1_4_1_3_3
multiplication_0.5,ratio_discount,5.666666667,2_7_9_5_8_6_1_7_6,7.888888889,7_9_8_8_8_7_8_8_8,1.888888889,2_1_1_2_1_1_1_7_1
multiplication_0.5,addition_2,2.555555556,4_5_2_1_1_1_1_4_4,4.111111111,1_5_3_7_1_4_7_4_5,5.222222222,5_6_7_1_9_6_2_6_5
multiplication_0.5,arithmetic_word_problems_1,2.333333333,4_7_1_1_1_1_1_3_2,4.555555556,1_7_1_6_8_4_5_4_5,4,4_3_6_1_2_6_3_6_5
multiplication_0.5,combining_like_terms_with_two_variables,3.555555556,4_6_8_1_2_1_1_7_2,8.333333333,8_9_9_9_9_6_9_7_9,1.555555556,4_1_1_1_1_1_1_2_2
multiplication_0.5,arithmetic_word_problems_2,7.111111111,7_9_7_7_8_6_6_6_8,7.222222222,6_9_7_6_8_7_7_7_8,2.777777778,4_1_1_5_1_1_5_6_1
multiplication_0.5,multiplication_1,9,9_9_9_9_9_9_9_9_9,6,5_8_8_5_8_5_5_5_5,5.888888889,8_2_1_9_1_9_9_9_5
multiplication_0.5,representing_numbers,5.555555556,5_7_6_2_8_7_2_8_5,4.777777778,6_3_3_6_9_3_6_6_1,5.444444444,4_7_8_3_1_7_3_8_8
adding_and_subtracting_radicals,exponents_1,2.333333333,3_4_2_1_2_1_3_1_4,2.222222222,1_3_1_1_1_1_3_5_4,3.222222222,2_7_1_1_3_1_5_5_4
adding_and_subtracting_radicals,simplifying_radicals,7.555555556,6_8_9_7_6_9_7_9_7,3.111111111,3_2_2_3_2_2_5_5_4,7.555555556,8_8_9_6_6_9_5_9_8
adding_and_subtracting_radicals,pythagorean_theorem_1,3.555555556,2_7_1_1_2_5_6_1_7,3.777777778,3_6_8_2_2_6_2_1_4,3.111111111,1_4_1_1_3_3_5_1_9
adding_and_subtracting_radicals,square_roots_2,5.444444444,6_7_6_2_7_8_4_2_7,4,5_3_2_3_4_1_5_9_4,5.444444444,5_7_5_3_2_7_5_8_7
adding_and_subtracting_radicals,radical_equations,6,6_7_3_7_4_7_3_9_8,7.444444444,6_7_9_7_7_7_8_9_7,4.111111111,4_3_1_4_2_8_2_9_4
telling_time_0.5,telling_time,8.5,8_8_9_9_9_9_9_8_8_8,6,5_8_5_5_5_6_7_5_6_8,6.1,8_4_8_9_9_9_1_8_3_2
telling_time_0.5,representing_numbers,3.3,1_7_3_3_1_1_3_5_6_3,4.3,5_3_5_5_4_9_1_5_5_1,4.3,2_7_6_3_1_2_9_6_6_1
limits_1,quadratic_equation,4.5,3_3_3_2_8_5_6_6,4,2_5_3_9_1_5_4_3,4,2_2_3_1_9_5_4_6
limits_1,imaginary_unit_powers,2.125,1_2_1_1_1_3_4_4,2.875,1_5_3_1_1_6_4_2,3,1_1_1_1_6_6_3_5
limits_1,limits_2,7.875,8_9_9_8_8_5_8_8,5,6_5_4_4_8_5_3_5,5,4_3_8_7_1_5_7_5
exploring_mean_and_median,equivalent_fractions,3,2_7_1_7_1_4_1_3_4_1_2,2.727272727,3_5_1_2_3_1_1_2_5_1_6,3.636363636,6_6_1_7_1_6_1_1_4_6_1
exploring_mean_and_median,mean_median_and_mode,6.181818182,2_6_5_7_8_6_5_6_7_8_8,3,3_3_1_5_4_1_1_1_8_1_5,6.818181818,7_7_6_7_8_7_2_7_8_9_7
exploring_mean_and_median,number_properties_terminology_1,2.727272727,3_5_2_1_1_6_1_2_3_3_3,2.636363636,3_4_1_1_4_4_1_2_2_2_5,3.636363636,6_7_2_1_1_6_1_2_5_7_2
exploring_mean_and_median,order_of_operations,3.090909091,2_4_2_2_1_4_1_3_5_6_4,3.181818182,2_3_1_1_7_2_4_2_6_1_6,3.909090909,7_7_1_3_1_6_1_3_4_7_3
exploring_mean_and_median,divisibility,2.272727273,2_3_1_3_1_7_1_3_2_1_1,4.181818182,2_4_3_1_4_4_8_3_5_8_4,3.181818182,6_7_1_2_1_7_1_4_3_2_1
slope_of_a_line,identifying_points_2,5.7,7_6_6_7_3_3_9_3_7_6,2.9,2_3_1_5_1_4_5_1_3_4,5.8,8_7_5_6_5_7_8_1_7_4
slope_of_a_line,interpreting_linear_equations,6.2,7_6_7_6_6_7_8_2_8_5,3,2_4_1_5_5_3_1_1_5_3,5.8,8_6_5_6_6_7_8_1_8_3
slope_of_a_line,systems_of_equations_word_problems,3.3,2_5_2_2_3_1_8_1_6_3,4.8,6_4_6_3_8_7_4_1_7_2,3.5,2_7_3_7_1_1_8_1_3_2
scaling_vectors,adding_vectors,6.375,6_6_5_8_7_6_6_7,5.75,5_4_8_7_7_5_5_5,5.75,6_7_2_8_4_4_7_8
scaling_vectors,linear_equations_1,2.25,1_1_2_2_1_5_1_5,2,1_1_2_3_3_1_1_4,2.875,2_1_8_3_1_2_1_5
scaling_vectors,systems_of_equations_with_elimination_0.5,1.5,1_1_2_1_1_1_1_4,4,3_7_1_4_6_2_4_5,3.25,2_1_8_5_1_4_1_4
scaling_vectors,exploring_mean_and_median,2.25,3_1_2_2_1_1_1_7,3.875,2_8_1_6_4_1_6_3,3.25,2_1_8_3_1_1_1_9
scaling_vectors,division_2.9,1.125,1_1_2_1_1_1_1_1,2.5,5_6_1_2_3_1_1_1,2.25,2_1_8_3_1_1_1_1
ordering_fractions,comparing_fractions_1,7.75,5_5_9_8_9_9_9_8,4.25,3_4_5_5_4_4_4_5,7.5,6_7_9_3_9_9_8_9
ordering_fractions,comparing_fractions_2,8.25,6_7_9_8_9_9_9_9,3.875,1_6_5_5_4_4_2_4,8,5_6_9_8_9_9_9_9
ordering_fractions,ordering_numbers,7,7_4_8_6_8_8_8_7,6,8_5_5_8_6_5_8_3,5.625,4_6_9_3_4_9_4_6
ordering_fractions,multiplying_polynomials,1.875,1_2_1_2_1_1_6_1,7.75,9_6_8_8_7_7_9_8,1.625,1_3_1_2_1_1_3_1
ordering_fractions,simplifying_fractions,5.75,4_6_6_6_6_3_8_7,2.875,2_4_1_7_2_1_3_3,5.25,4_6_5_3_6_4_8_6
ordering_fractions,identifying_points_1,2.125,2_4_1_3_1_1_4_1,3.75,3_6_2_3_4_1_4_7,3,6_4_1_8_1_1_2_1
reading_pictographs_2,reading_pictographs_1,8.8,9_8_9_9_9_9_9_9_9_8,4.2,5_2_5_2_4_5_5_4_5_5,8,8_8_5_9_9_9_9_9_9_5
reading_pictographs_2,supplementary_angles,1.8,4_5_1_1_1_1_1_2_1_1,4.5,8_8_1_3_4_2_7_3_1_8,1.4,2_2_1_1_1_1_1_2_1_2
reading_pictographs_2,reading_tables_1,5.5,7_2_2_4_7_7_6_8_5_7,3.1,5_1_1_3_3_2_6_3_1_6,6.4,7_8_5_7_8_5_7_8_5_4
reading_pictographs_2,volume_space,1.8,4_4_1_1_2_1_1_2_1_1,7.1,8_8_8_5_7_7_7_6_6_9,1.6,3_2_3_1_1_1_1_2_1_1
reading_pictographs_2,reading_tables_2,6.3,6_2_6_7_8_6_7_8_5_8,4.9,7_8_1_3_4_5_7_4_4_6,5.4,5_2_2_7_7_6_7_9_5_4
metric_area_unit_comparison,integers_multiply_decimals2,2.666666667,3_1_1_5_1_5,3,2_2_3_2_4_5,3,6_1_1_2_1_7
metric_area_unit_comparison,rounding_whole_numbers,2.5,6_1_1_1_1_5,2.666666667,4_3_2_1_3_3,2.666666667,6_1_1_1_1_6
metric_area_unit_comparison,metric_area_unit_conversion,7.5,7_7_9_8_5_9,4.5,2_5_5_3_8_4,7.5,7_8_9_9_4_8
metric_area_unit_comparison,ordering_negative_numbers,2.5,4_1_2_5_1_2,4,4_3_3_8_4_2,1.833333333,3_1_1_2_1_3
metric_area_unit_comparison,rounding_numbers,2.166666667,4_1_1_1_1_5,2.5,2_3_3_1_3_3,2.5,4_1_1_1_1_7
area_of_triangles_1,volume_of_rectangular_boxes,4.727272727,3_4_7_7_3_3_4_8_3_7_3,5,2_7_3_7_4_1_6_7_6_6_6,3.818181818,2_3_8_3_4_3_5_2_4_7_1
area_of_triangles_1,recognizing_rays_lines_and_line_segments,2,3_2_6_2_1_1_1_1_1_3_1,1.636363636,2_2_2_2_1_1_1_1_1_4_1,2.363636364,3_3_7_1_1_1_1_1_4_3_1
area_of_triangles_1,properties_of_numbers_1,1.909090909,2_2_5_1_1_1_1_2_1_3_2,3.181818182,6_2_1_4_6_1_1_2_1_6_5,2.909090909,2_7_8_1_1_1_1_3_3_4_1
area_of_triangles_1,area_of_squares_and_rectangles,5.727272727,3_4_7_8_4_3_5_7_8_7_7,3,1_2_2_5_4_1_3_1_5_5_4,6.818181818,4_7_8_9_7_6_8_3_8_7_8
area_of_triangles_1,area_1,6.272727273,4_6_8_8_6_4_5_6_9_6_7,2.727272727,1_2_1_5_3_1_3_2_5_3_4,6.545454545,6_7_9_9_7_1_8_2_8_7_8
arithmetic_word_problems_2,arithmetic_word_problems_1,3.111111111,2_3_1_1_3_7_4_3_4,2.222222222,2_3_1_2_4_3_2_1_2,5.111111111,3_5_6_2_4_7_6_8_5
arithmetic_word_problems_2,arithmetic_word_problems,7.555555556,7_9_9_8_8_6_5_8_8,6.777777778,8_5_7_9_8_6_3_8_7,4.444444444,4_9_3_2_7_3_6_2_4
arithmetic_word_problems_2,multiplication_1.5,7,9_3_9_9_9_5_5_7_7,4.333333333,5_4_5_3_5_3_5_3_6,5.555555556,6_4_3_8_8_7_4_6_4
arithmetic_word_problems_2,multiplication_2,7.444444444,9_6_9_7_9_6_7_7_7,4.777777778,5_4_5_7_5_3_5_5_4,5.888888889,7_4_4_5_8_7_4_6_8
arithmetic_word_problems_2,division_1.5,6.777777778,7_6_7_4_8_7_5_9_8,4,1_1_5_7_5_3_5_5_4,5.555555556,5_4_4_3_8_7_5_6_8
divisibility_tests,divisibility_intuition,5.636363636,4_6_6_7_6_4_1_6_8_6_8,3.727272727,6_4_1_2_6_4_2_5_5_3_3,6.636363636,6_5_7_7_5_6_8_5_9_7_8
divisibility_tests,divisibility_0.5,6.545454545,7_7_9_7_7_5_2_8_9_3_8,4.909090909,3_3_5_3_5_4_9_7_6_6_3,6,7_6_8_7_6_6_1_7_5_6_7
divisibility_tests,division_2,5.636363636,6_9_6_7_8_5_1_8_2_3_7,3.909090909,3_2_2_2_1_5_9_5_8_2_4,5.909090909,7_8_4_7_7_5_1_9_2_7_8
divisibility_tests,composite_numbers,4.727272727,6_7_1_6_2_6_2_4_8_3_7,4.727272727,3_3_2_5_4_5_7_6_7_7_3,4.909090909,7_6_1_5_3_5_3_6_3_6_9
divisibility_tests,prime_numbers,5,7_7_1_6_2_5_2_6_9_3_7,4.545454545,6_3_1_3_4_5_7_5_6_6_4,4.818181818,7_6_1_6_3_6_3_6_4_4_7
one_step_inequalities,linear_equations_1,7.25,7_8_7_8_7_8_5_8,3.375,3_4_4_2_4_4_2_4,7.125,5_9_6_7_8_9_5_8
one_step_inequalities,square_roots_2,2.625,3_1_1_1_6_1_6_2,5.125,5_7_4_2_7_7_3_6,2.5,2_1_1_1_3_1_6_5
one_step_inequalities,linear_inequalities,8.125,8_7_9_9_8_8_8_8,6.375,5_6_6_9_6_6_7_6,5.375,8_5_7_3_4_6_8_2
one_step_inequalities,compound_inequalities,7.375,6_7_8_8_8_6_7_9,7.5,7_7_8_9_7_8_7_7,3.125,3_3_3_1_3_3_6_3
one_step_inequalities,exploring_angle_pairs_1,1.25,2_1_1_1_2_1_1_1,3.25,4_6_4_1_4_2_3_2,1.625,3_1_1_1_3_1_1_2
one_step_inequalities,inequalities_on_a_number_line,5.5,3_3_7_8_7_2_7_7,3.75,5_4_3_2_5_3_4_4,5.5,3_3_6_9_8_1_7_7
telling_time_2,arithmetic_word_problems_1,2,6_1_1_1_1_1_1_3_3_2,3.9,4_4_6_1_3_4_7_2_2_6,3,6_1_1_3_2_1_2_6_7_1
telling_time_2,telling_time,7.8,6_9_9_9_8_8_9_5_6_9,4.3,4_3_5_2_3_5_9_5_3_4,7,6_9_9_8_8_9_1_5_6_9
telling_time_2,time_terminology,4.8,4_1_7_7_6_5_6_4_2_6,2.8,5_4_5_1_3_4_1_2_1_2,6.4,6_5_5_9_5_5_9_6_8_6
telling_time_2,time_word_problem_1,5.9,6_2_5_6_6_6_8_4_8_8,6.4,3_6_7_7_7_7_9_5_5_8,4,7_2_2_4_4_5_1_6_7_2
telling_time_2,telling_time_0.5,7.8,6_9_9_9_7_8_9_5_7_9,4.2,5_4_5_1_3_5_8_5_2_4,7,5_9_9_9_6_9_2_5_7_9
adding_decimals_0.5,adding_decimals,8.25,9_8_9_9_5_9_9_8,5,5_5_4_6_4_5_5_6,6.5,9_5_9_4_8_9_5_3
adding_decimals_0.5,addition_4,6.25,6_8_7_6_7_2_8_6,5.5,6_5_4_5_4_9_7_4,4.5,5_5_6_7_4_3_3_3
adding_decimals_0.5,decimals_on_the_number_line_1,3.875,3_4_3_3_6_1_5_6,2,3_3_2_3_2_1_1_1,4.875,6_7_2_7_3_2_9_3
adding_decimals_0.5,decimals_on_the_number_line_2,4.125,3_4_2_6_6_1_6_5,2.625,3_4_2_2_2_1_4_3,4.75,6_6_3_8_3_1_6_5
permutations_1,linear_equations_1,2,1_2_1_1_2_1_1_7_2_2,2.6,4_2_1_6_2_1_1_1_4_4,3.6,2_7_1_1_8_1_1_4_6_5
permutations_1,counting_1,3.4,1_8_1_2_7_2_2_7_3_1,2.6,3_3_2_1_5_2_1_3_5_1,3.6,3_7_1_2_7_2_2_7_3_2
permutations_1,counting_2,5.3,3_7_7_6_3_7_7_7_3_3,4.4,3_7_6_5_2_3_5_6_5_2,5.5,3_3_6_6_7_6_8_6_4_6
permutations_1,graphing_systems_of_equations,1.9,2_2_1_1_3_1_1_3_1_4,5.3,2_2_5_9_8_3_9_6_6_3,2.5,3_7_1_1_3_2_1_2_3_2
permutations_1,recognizing_fractions,2.2,3_2_1_1_2_1_1_3_6_2,1.3,3_1_1_1_1_1_1_2_1_1,3.6,3_8_1_1_8_1_1_6_6_1
permutations_1,arithmetic_sequences_3,3.2,6_2_1_2_6_1_1_7_1_5,5.6,3_7_7_8_5_2_9_4_7_4,3.6,6_3_1_1_7_3_1_6_2_6
solutions_to_systems_of_equations,systems_of_equations_with_elimination_0.5,6.3,6_3_7_9_7_6_9_5_3_8,3.6,4_4_3_1_6_2_4_5_3_4,6.8,6_4_6_9_7_7_7_5_8_9
solutions_to_systems_of_equations,systems_of_equations_with_substitution,6.6,6_2_9_9_7_9_8_5_3_8,4.2,4_4_5_3_6_5_1_5_4_5,7.1,6_4_9_9_5_9_9_5_7_8
solutions_to_systems_of_equations,graphing_systems_of_equations,6.7,4_2_8_9_8_8_7_5_8_8,5.3,3_5_5_3_6_5_9_5_6_6,5.5,7_2_9_8_6_9_1_5_3_5
solutions_to_systems_of_equations,graphing_linear_equations,4.4,4_1_4_4_7_4_2_4_7_7,4.6,5_2_2_1_6_6_8_6_5_5,4.8,5_1_3_9_5_5_2_6_7_5
perimeter_of_squares_and_rectangles,linear_equations_4,2.25,3_3_1_3_1_1_5_1,7.5,9_4_9_7_7_9_6_9,1.875,1_3_1_3_1_1_3_2
perimeter_of_squares_and_rectangles,perimeter_1,7.75,7_7_7_7_8_9_9_8,5,5_5_5_5_5_5_5_5,7.5,7_6_8_5_8_9_9_8
perimeter_of_squares_and_rectangles,properties_of_numbers_1,2.75,5_3_1_3_1_1_6_2,5.125,6_6_5_2_6_4_5_7,3,3_3_1_8_1_1_5_2
perimeter_of_squares_and_rectangles,perimeter_deduction,7.125,7_6_8_6_7_7_9_7,5.375,5_5_5_5_6_5_6_6,6.5,7_6_9_5_7_8_6_4
perimeter_of_squares_and_rectangles,radius_and_diameter,4,4_4_5_3_3_4_6_3,4,1_5_5_2_6_3_5_5,5.375,3_6_6_8_4_6_6_4
perimeter_of_squares_and_rectangles,parts_of_circles,2.75,6_3_1_1_1_1_7_2,3.5,5_5_2_2_5_3_4_2,4.375,7_5_1_8_1_1_9_3
perimeter_of_squares_and_rectangles,order_of_operations,3.875,4_6_2_3_1_1_8_6,5.875,7_5_7_2_7_7_4_8,3.5,2_6_1_8_1_1_8_1
radical_equations,simplifying_radicals,6,5_6_6_4_7_7_7,2.285714286,1_2_3_2_1_4_3,5.714285714,4_8_4_5_5_7_7
radical_equations,adding_and_subtracting_radicals,6.857142857,7_7_7_4_9_7_7,3,1_2_4_2_4_4_4,6.571428571,6_7_4_7_6_7_9
radical_equations,square_roots_2,5.857142857,7_4_6_3_7_7_7,3.285714286,1_8_2_5_1_3_3,5.142857143,5_4_3_5_6_6_7
radical_equations,square_roots,6.571428571,8_7_6_5_6_7_7,1.857142857,1_1_4_1_1_3_2,5.571428571,6_7_4_4_4_6_8
multiplying_mixed_numbers_1,dividing_fractions,7.076923077,8_6_8_8_8_7_4_6_7_8_8_6_8,5.307692308,2_6_6_5_5_6_4_4_5_7_5_7_7,5.846153846,7_6_7_7_8_7_3_7_5_4_5_6_4
multiplying_mixed_numbers_1,simplifying_fractions,6.769230769,6_6_8_9_9_7_8_2_5_8_7_6_7,2.846153846,1_2_5_1_2_2_5_2_6_3_2_4_2,6.307692308,6_7_7_8_8_7_7_3_7_3_8_5_6
multiplying_mixed_numbers_1,multiplying_fractions,7.538461538,8_8_8_9_9_4_8_8_7_7_7_7_8,3.076923077,2_3_3_1_5_4_3_2_5_1_3_5_3,7.538461538,8_8_9_6_9_6_8_8_5_8_7_7_9
multiplying_mixed_numbers_1,multiplying_fractions_word_problems,7.076923077,7_6_8_7_9_6_8_6_6_8_6_7_8,3.923076923,2_4_4_1_4_3_6_3_2_7_4_6_5,5.461538462,7_3_7_5_9_6_3_6_7_2_4_7_5
angle_bisector_theorem,triangle_angles_sum,3.3,6_1_2_3_3_2_2_3_3_8,1.4,2_1_1_1_1_1_1_2_1_3,5.8,7_4_3_7_5_1_6_8_8_9
angle_bisector_theorem,chain_rule_1,1.4,4_1_1_1_1_1_1_2_1_1,7.8,7_8_8_9_5_7_9_8_8_9,1.5,3_1_1_2_1_1_1_2_2_1
angle_bisector_theorem,triangle_inequality_theorem,2.8,6_1_2_3_1_3_1_4_2_5,3.6,4_3_2_8_1_4_1_5_3_5,4.4,6_2_1_3_3_5_6_5_8_5
angle_bisector_theorem,triangle_angles_1,4.6,7_2_5_5_3_2_5_2_7_8,2.1,3_2_1_2_5_1_1_2_2_2,6,7_2_3_6_8_2_7_8_9_8
logarithms_2,logarithms_1,5.615384615,6_7_5_3_9_8_5_2_2_4_7_8_7,4.769230769,2_1_6_6_5_5_4_8_7_5_3_6_4,6.307692308,7_7_5_7_9_6_6_2_6_5_7_7_8
logarithms_2,exponents_3,4.153846154,4_1_4_2_3_6_4_2_6_5_4_6_7,5.615384615,4_7_4_7_5_3_8_8_5_6_6_6_4,4.153846154,6_2_7_2_3_4_3_2_7_4_3_5_6
logarithms_2,exponents_1,3.615384615,4_1_3_1_3_3_1_2_5_5_6_6_7,3.307692308,2_1_5_2_5_1_1_2_5_3_8_5_3,3.846153846,7_1_5_1_4_1_3_2_5_7_6_5_3
converting_decimals_to_fractions_1,time_units_transformation_2,3.375,4_1_1_5_2_1_6_7,4.5,3_6_2_2_6_5_5_7,3.125,4_1_1_5_3_1_6_4
converting_decimals_to_fractions_1,recognizing_fractions_0.5,6.5,3_6_7_7_7_5_9_8,3,1_4_1_3_5_2_6_2,6.875,6_6_8_7_7_6_7_8
converting_decimals_to_fractions_1,systems_of_equations_with_elimination,2,3_1_1_1_2_1_6_1,7.5,6_8_9_8_8_9_5_7,2.125,3_1_1_1_2_1_6_2
converting_decimals_to_fractions_1,adding_and_subtracting_fractions,4.25,4_1_5_3_5_3_8_5,5.875,1_6_9_3_7_8_5_8,3,4_1_3_2_3_2_7_2
converting_decimals_to_fractions_1,converting_decimals_to_fractions_2,8.125,6_9_8_9_8_7_9_9,6.375,6_6_5_8_6_7_7_6,5.875,5_7_8_3_6_5_6_7
converting_decimals_to_fractions_1,evaluating_expressions_1,2.125,3_1_1_2_2_1_6_1,5.75,5_6_5_6_6_6_5_7,2.375,2_1_1_2_3_1_6_3
converting_decimals_to_fractions_1,converting_fractions_to_decimals,7.625,7_8_7_9_8_6_9_7,6,4_5_8_5_5_7_8_6,6.875,4_9_7_9_9_6_4_7
converting_decimals_to_fractions_2,converting_fractions_to_decimals,6,7_9_4_7_8_4_5_6_5_4_4_6_7_8,4.714285714,5_2_4_6_4_6_7_5_3_3_5_5_6_5,6.071428571,6_8_7_7_7_5_5_6_6_5_5_5_7_6
converting_decimals_to_fractions_2,converting_decimals_to_fractions_1,8.142857143,7_9_9_9_8_9_9_7_7_9_7_8_8_8,3.571428571,5_2_5_1_3_5_2_5_4_1_5_3_5_4,7.714285714,7_9_9_9_7_9_9_7_8_7_6_7_7_7
converting_decimals_to_fractions_2,division_3,4,4_1_2_7_6_3_1_5_4_4_4_7_4_4,4.142857143,1_2_2_3_4_7_6_6_3_4_7_4_7_2,4,3_1_2_7_7_2_2_5_6_5_3_6_5_2
converting_decimals_to_fractions_2,converting_decimals_to_percents,6.857142857,8_7_7_9_8_9_4_6_4_6_8_6_7_7,3.214285714,5_1_4_1_5_5_1_6_4_1_2_3_3_4,5.928571429,6_7_8_3_8_7_3_6_4_6_6_4_7_8
similar_triangles_review,solving_similar_triangles_2,5.909090909,5_8_7_6_7_6_5_3_5_7_6,7.181818182,5_1_9_8_9_4_9_8_9_8_9,3.636363636,5_8_7_2_4_4_2_3_2_2_1
similar_triangles_review,similar_triangles_2,7.545454545,7_7_9_7_9_6_5_9_8_8_8,4.727272727,5_3_5_5_5_5_7_5_6_1_5,6.727272727,6_5_9_7_9_6_3_6_6_8_9
similar_triangles_review,similar_triangles_1,8.090909091,7_7_9_7_9_7_7_9_9_9_9,4.818181818,5_3_5_5_5_5_5_5_5_5_5,7.636363636,7_7_9_7_9_6_6_8_9_7_9
similar_triangles_review,solving_similar_triangles_1,7,8_7_6_6_8_6_4_9_7_8_8,4.636363636,6_3_1_3_7_5_2_5_7_3_9,6,6_6_8_6_4_5_7_8_8_7_1
conditional_statements_2,telling_time_0.5,1.555555556,1_1_1_1_1_3_2_3_1,2.111111111,2_1_1_2_1_2_3_6_1,2.333333333,1_1_2_2_1_8_2_3_1
division_1.4,division_0.9,7.909090909,9_7_9_6_9_5_8_8_9_8_9,4.181818182,5_1_4_3_5_5_5_5_5_5_3,7.363636364,9_7_6_7_9_5_9_5_8_8_8
division_1.4,division_0.5,8.272727273,9_8_9_9_9_5_8_9_9_8_8,4.545454545,5_2_5_5_5_5_5_5_5_5_3,7.363636364,9_8_5_8_9_5_9_5_8_8_7
division_1.4,arithmetic_word_problems_2,6.181818182,9_2_4_3_7_7_8_7_7_7_7,5.636363636,6_7_7_3_5_5_5_4_7_6_7,4.909090909,7_2_1_7_6_5_9_6_3_4_4
division_1.4,division_1,7.727272727,9_8_9_7_9_5_9_8_5_7_9,4.181818182,5_1_5_4_5_5_5_4_5_3_4,7.454545455,9_9_5_8_9_5_9_6_7_7_8
compound_inequalities,one_step_inequalities,7.416666667,7_7_8_9_9_8_7_6_5_6_8_9,2.916666667,2_1_4_4_1_2_2_6_3_3_4_3,7.083333333,7_7_8_8_7_7_7_5_6_7_7_9
compound_inequalities,new_definitions_1,2.25,2_1_1_1_1_2_7_2_2_3_2_3,6,6_3_3_4_8_5_8_7_6_8_5_9,2.416666667,3_1_1_1_1_3_3_7_3_2_3_1
compound_inequalities,linear_inequalities,7.583333333,7_9_8_9_8_8_8_6_5_7_7_9,3.666666667,2_3_4_3_2_3_3_5_4_6_5_4,7.333333333,7_8_8_9_7_9_8_6_6_4_7_9
compound_inequalities,inequalities_on_a_number_line,5.5,7_7_6_6_7_5_4_2_3_4_7_8,2.75,2_1_3_3_1_1_2_6_2_3_5_4,5.416666667,7_5_7_8_6_5_3_3_4_3_6_8
absolute_values_meaning,number_line_2,3.846153846,4_1_8_3_5_6_1_3_6_4_4_2_3,2.769230769,4_1_2_5_2_3_2_4_4_3_3_2_1,4.230769231,4_1_7_4_7_7_1_4_6_4_6_3_1
absolute_values_meaning,adding_negative_numbers,3.307692308,3_1_7_3_2_2_2_3_2_6_4_2_6,3.153846154,3_1_7_5_1_3_1_1_5_3_3_5_3,3.923076923,4_1_7_3_9_6_2_3_5_3_3_2_3
absolute_values_meaning,absolute_value_add_sub,6.923076923,6_8_7_6_5_8_8_6_9_7_7_5_8,6.692307692,6_6_9_6_5_4_8_7_9_7_7_6_7,4.538461538,4_7_3_4_5_8_6_7_1_6_2_3_3
absolute_values_meaning,multiplying_and_dividing_negative_numbers,3.076923077,5_1_7_5_3_2_2_1_1_4_6_2_1,4.615384615,5_1_8_6_3_6_1_5_7_5_7_3_3,3.153846154,4_2_7_6_4_2_2_2_4_2_3_2_1
absolute_values_meaning,adding_and_subtracting_negative_numbers,3.461538462,4_2_8_3_2_3_3_2_1_6_4_3_4,3.615384615,4_2_9_4_1_4_3_1_5_3_3_5_3,4.846153846,5_7_8_4_9_6_2_3_5_5_3_2_4
area_of_a_circle,area_of_squares_and_rectangles,5.333333333,6_5_6_7_6_2_6_2_8,2.111111111,2_2_1_1_1_2_4_2_4,6.555555556,6_8_8_7_7_5_6_3_9
area_of_a_circle,recognizing_fractions_0.5,2,3_2_4_1_2_1_1_1_3,2.444444444,1_2_3_3_1_8_2_1_1,3,3_8_4_3_4_1_1_1_2
area_of_a_circle,recognizing_rays_lines_and_line_segments,1.111111111,1_2_1_1_1_1_1_1_1,1.333333333,1_1_1_4_1_1_1_1_1,2.444444444,1_8_1_3_3_1_1_1_3
area_of_a_circle,ratio_word_problems,1.777777778,4_2_1_1_2_1_1_1_3,5.666666667,1_8_5_5_6_7_6_7_6,3,4_8_5_1_3_1_1_1_3
area_of_a_circle,completing_the_square_1,1.777777778,2_2_4_1_2_1_1_1_2,7.111111111,5_8_6_8_8_8_6_8_7,1.777777778,2_2_5_1_1_1_1_1_2
area_of_a_circle,surface_area_of_rectangular_boxes,5.111111111,6_5_6_6_4_3_6_2_8,4.444444444,3_2_6_3_3_7_6_3_7,5.333333333,6_9_5_7_6_3_6_4_2
area_of_a_circle,area_1,5.444444444,6_5_6_7_4_5_6_2_8,2.555555556,3_2_3_1_1_4_4_2_3,6.222222222,6_8_6_6_8_7_6_3_6
counting_2,counting_1,6.636363636,8_6_5_8_4_6_9_8_4_6_9,3.363636364,3_2_1_2_3_1_6_5_6_4_4,5.636363636,6_7_3_8_6_5_4_6_3_5_9
counting_2,arithmetic_sequences_3,5.545454545,7_6_7_3_3_1_8_7_7_4_8,6.272727273,4_7_6_8_5_9_8_7_5_3_7,3.272727273,4_2_5_2_3_1_2_5_6_4_2
counting_2,adding_and_subtracting_fractions,2.909090909,1_6_1_2_1_1_2_6_7_1_4,4.090909091,4_6_2_2_6_3_7_2_3_2_8,2.909090909,1_4_1_2_1_1_3_7_8_3_1
counting_2,exponents_1,1.727272727,1_6_1_2_1_1_1_3_1_1_1,3,2_5_1_1_1_1_7_2_2_2_9,3.090909091,1_5_1_2_2_1_3_7_7_3_2
adding_subtracting_mixed_numbers_1,subtracting_fractions,7.769230769,9_9_6_7_8_9_8_7_8_6_8_8_8,3.076923077,3_3_4_6_3_5_1_1_5_3_2_2_2,7.769230769,9_9_6_5_8_9_9_9_7_7_8_8_7
adding_subtracting_mixed_numbers_1,adding_subtracting_mixed_numbers_0.5,8.230769231,9_9_8_8_9_9_9_9_8_6_8_7_8,3.923076923,4_2_4_5_4_5_2_5_5_2_2_7_4,8,8_9_6_7_9_9_8_9_6_8_8_8_9
adding_subtracting_mixed_numbers_1,adding_and_subtracting_fractions,7.461538462,7_8_7_7_8_8_4_9_7_7_9_8_8,3.076923077,3_4_3_3_3_4_1_3_5_2_2_3_4,7.846153846,7_9_7_7_8_9_9_9_6_6_8_8_9
volume_box_cover,volume_box_nocover,8,8_9_7_8_6_9_9_8_8_8_8,4.636363636,5_3_5_4_6_2_5_2_5_5_9,7,4_9_9_9_4_9_8_9_8_7_1
volume_box_cover,volume_box,7.727272727,8_9_6_8_7_9_7_8_7_8_8,4.090909091,5_3_5_4_5_3_3_3_4_5_5,7.727272727,6_9_9_9_6_9_7_7_7_7_9
volume_box_cover,area_of_squares_and_rectangles,6,8_6_7_4_6_5_7_9_6_5_3,2.545454545,2_1_5_3_7_1_2_1_2_3_1,6.090909091,8_6_8_6_7_2_9_7_6_6_2
volume_box_cover,volume_container,6.909090909,7_6_8_8_7_7_3_9_8_5_8,4.181818182,2_1_5_6_5_4_4_4_5_5_5,6.272727273,7_5_2_7_6_8_4_8_7_6_9
equivalent_fractions_2,simplifying_fractions,7.5,7_8_7_6_8_8_8_9_7_7,4.4,4_7_7_2_3_5_2_4_6_4,7.7,8_9_8_5_7_8_7_9_7_9
equivalent_fractions_2,equivalent_fractions,8.7,8_9_8_9_8_9_9_9_9_9,4.8,4_5_2_5_7_5_5_5_5_5,8.8,8_9_9_9_9_9_9_9_8_9
equivalent_fractions_2,division_1.5,4.5,5_3_6_6_4_1_4_7_4_5,4.3,3_9_3_3_5_4_5_2_5_4,4.9,7_7_7_3_5_1_4_7_3_5
equivalent_fractions_2,recognizing_fractions_0.5,6.4,5_9_7_5_6_6_5_7_7_7,2.4,3_1_8_1_3_1_2_1_3_1,5.9,7_8_8_3_7_6_4_4_6_6
cube_roots,exponents_2,5.846153846,8_7_4_8_4_3_4_9_8_7_4_4_6,5.769230769,7_5_8_2_4_7_8_6_8_8_2_5_5,4.153846154,6_4_2_8_6_3_2_3_2_2_7_5_4
cube_roots,exponents_3,6.384615385,7_6_4_7_7_6_4_9_6_8_4_8_7,7.076923077,8_6_8_9_7_7_7_7_8_5_6_7_7,3.307692308,6_4_2_2_4_3_2_3_2_4_3_7_1
cube_roots,exponents_1,4.461538462,2_8_3_8_3_3_5_1_6_4_4_5_6,2.615384615,2_5_2_1_2_2_5_1_2_3_2_2_5,5.076923077,3_6_2_8_7_3_6_4_8_4_8_6_1
cube_roots,square_roots,6.692307692,8_8_7_7_6_6_8_1_7_8_4_9_8,2.769230769,3_5_2_1_2_3_5_1_1_2_2_5_4,8.076923077,6_8_8_9_7_6_9_9_9_8_8_9_9
multiplying_fractions_0.5,converting_mixed_numbers_and_improper_fractions,4.375,5_4_1_3_5_4_6_7,4,2_5_7_3_1_5_5_4,5.125,4_3_4_6_5_5_7_7
multiplying_fractions_0.5,greatest_common_divisor,2.875,3_1_2_1_3_1_8_4,6.75,5_8_6_7_8_9_5_6,2.5,3_1_1_1_1_1_9_3
multiplying_fractions_0.5,multiplying_fractions,8.875,8_9_9_9_9_9_9_9,5.5,5_5_5_5_6_5_6_7,7.375,7_9_5_8_9_9_9_3
multiplying_fractions_0.5,dividing_fractions_0.5,7.75,7_7_8_7_8_9_8_8,5.875,5_5_6_6_8_5_5_7,6.125,8_6_8_4_4_9_7_3
multiplying_fractions_0.5,congruent_segments,1.875,4_1_1_1_1_1_4_2,3.125,5_6_1_2_1_3_5_2,2.625,5_1_2_1_1_1_7_3
multiplying_fractions_0.5,fractions_on_the_number_line_1,3.5,3_2_4_2_4_1_6_6,1.5,1_1_1_2_1_1_3_2,3.875,4_1_4_3_4_2_7_6
multiplying_fractions_0.5,simplifying_fractions,5.25,7_3_6_7_5_1_8_5,3.125,4_2_4_4_1_2_5_3,6.25,7_2_9_7_6_3_9_7
perimeter_1,perimeter_of_squares_and_rectangles,7.833333333,7_9_7_8_8_8,5.166666667,5_5_5_5_6_5,8.166666667,6_9_8_9_9_8
perimeter_1,recognizing_fractions_0.5,1.666666667,1_1_1_1_4_2,3.166666667,4_2_4_4_4_1,1.666666667,2_1_1_1_3_2
perimeter_1,distributive_property,2,2_1_1_1_3_4,4.833333333,1_3_7_4_7_7,1.833333333,2_1_1_1_2_4
perimeter_1,comparing_fractions_1,1,1_1_1_1_1_1,5.833333333,2_9_6_6_6_6,1.333333333,1_1_1_1_2_2
perimeter_1,perimeter_deduction,8,7_7_9_8_9_8,5.166666667,5_5_5_5_6_5,8.166666667,7_8_9_9_8_8
perimeter_1,order_of_operations,1.833333333,1_1_1_1_4_3,7.5,7_8_8_8_7_7,2,2_1_1_1_4_3
perimeter_1,domain_and_range_0.5,1.333333333,2_1_1_1_2_1,8.333333333,8_9_7_9_8_9,1.5,1_1_1_1_3_2
quadrilateral_angles,triangle_types,4.444444444,4_7_3_3_1_6_2_8_6,2.555555556,3_7_1_1_3_1_1_3_3,4.222222222,6_6_2_2_1_7_1_7_6
quadrilateral_angles,quadrilateral_types,6,5_7_6_7_7_6_3_6_7,3.777777778,4_3_1_2_7_6_2_6_3,5.666666667,7_6_4_7_4_5_5_5_8
quadrilateral_angles,angles_of_a_polygon,5.444444444,7_8_7_6_1_3_4_6_7,4.777777778,5_3_1_1_7_7_7_6_6,4.222222222,5_6_3_6_1_2_6_5_4
quadrilateral_angles,angles_2,6,7_6_6_5_1_9_7_7_6,6.555555556,6_7_7_2_7_8_7_8_7,4.222222222,3_7_4_4_2_3_6_6_3
counting_1,dividing_fractions_word_problems,3.444444444,7_1_5_6_1_1_1_7_2,6,5_6_2_8_7_7_6_6_7,3.333333333,5_1_9_3_1_3_1_4_3
counting_1,number_line_2,3.222222222,3_1_2_2_1_9_1_4_6,3.333333333,6_1_1_2_6_5_1_3_5,4.888888889,5_1_8_6_1_9_1_6_7
counting_1,counting_2,5.222222222,5_5_5_7_7_3_2_4_9,6.333333333,3_8_2_8_7_7_9_7_6,4.555555556,6_3_9_3_4_3_1_3_9
counting_1,exponents_2,1.777777778,1_1_2_2_1_1_1_6_1,7.555555556,3_9_8_9_7_5_9_9_9,1.444444444,2_1_2_1_1_1_1_2_2
counting_1,division_4,4,2_1_5_7_1_7_1_9_3,6.333333333,7_9_1_4_7_7_8_7_7,3.444444444,2_1_9_4_1_4_1_7_2
counting_1,exponents_1,1.444444444,1_1_2_2_1_1_1_3_1,3.777777778,1_3_1_6_3_5_2_4_9,2.222222222,1_1_8_2_1_1_1_4_1
counting_1,multiplying_and_dividing_negative_numbers,3.888888889,6_1_5_7_1_1_1_8_5,4.111111111,2_2_1_6_6_5_2_6_7,3.444444444,6_1_8_4_1_1_1_6_3
number_line_2,division_0.9,3.25,2_4_6_1_8_1_3_1,4.875,7_6_5_6_1_4_3_7,1.875,2_2_1_1_4_1_2_2
number_line_2,number_line_3,7.5,7_9_9_8_4_8_7_8,5,5_6_5_6_1_5_5_7,4.875,5_5_1_8_4_7_7_2
number_line_2,subtracting_decimals_0.5,4,4_3_4_4_2_2_6_7,5.625,6_6_7_6_1_7_6_6,2.625,4_2_1_3_2_1_4_4
number_line_2,hundred_million_adding_and_subtracting,3.625,7_3_6_1_1_1_4_6,6.875,7_8_9_8_1_9_7_6,2.125,3_2_2_1_1_1_4_3
number_line_2,subtracting_decimals,3.75,4_2_4_6_1_2_5_6,6.375,7_7_9_7_1_8_6_6,2.125,2_2_1_2_1_1_4_4
exponent_rules,exponents_2,6.818181818,6_3_7_7_5_5_8_9_9_8_8,5.181818182,5_7_8_6_8_4_5_3_1_3_7,5.181818182,6_5_2_5_3_7_8_7_4_7_3
exponent_rules,scientific_notation_intuition,3.727272727,2_2_2_4_2_6_3_2_7_3_8,3.272727273,6_6_2_3_4_2_3_3_1_4_2,4.545454545,3_3_4_3_5_7_5_6_4_4_6
exponent_rules,exponents_1,5.545454545,6_3_3_7_5_5_6_8_4_6_8,1.909090909,1_1_1_2_1_5_3_1_1_2_3,6,6_5_8_3_6_5_6_9_3_6_9
exponent_rules,simplifying_expressions_with_exponents,6.181818182,8_5_8_7_1_6_5_6_7_7_8,7.454545455,7_9_6_6_9_7_6_9_8_8_7,3.454545455,4_6_4_5_1_3_6_1_2_3_3
exponent_rules,exponents_3,6.181818182,6_3_4_7_5_6_7_8_9_4_9,6.545454545,7_7_8_7_8_2_6_7_8_5_7,4.636363636,6_5_2_4_2_8_6_3_8_4_3
converting_decimals_to_percents,percentage_word_problems_2,5.222222222,5_5_5_4_1_5_7_7_8,7.888888889,8_9_9_6_8_9_8_7_7,2.444444444,1_1_4_4_1_1_3_4_3
converting_decimals_to_percents,converting_percents_to_decimals,7.555555556,7_9_6_8_8_9_5_7_9,5,5_5_1_5_7_5_7_5_5,7.444444444,7_9_6_8_5_9_7_7_9
converting_decimals_to_percents,markup_and_commission_word_problems,6.111111111,7_5_3_6_5_8_7_7_7,7.888888889,7_8_9_9_6_7_8_8_9,2.333333333,2_2_1_2_4_2_2_4_2
converting_decimals_to_percents,converting_decimals_to_fractions_1,7.111111111,7_7_4_8_9_8_7_7_7,5.111111111,5_4_6_3_6_6_2_8_6,7.222222222,7_7_7_8_9_8_8_6_5
converting_decimals_to_percents,converting_decimals_to_fractions_2,6.333333333,7_3_6_8_8_5_6_7_7,6.666666667,5_7_9_4_9_6_5_8_7,4.444444444,6_2_4_8_2_3_8_3_4
measuring_angles,area_of_triangles_1,2.545454545,1_3_1_2_4_1_1_6_6_1_2,5.818181818,3_6_6_7_6_4_7_7_6_6_6,3.181818182,1_4_1_3_4_1_3_4_6_5_3
measuring_angles,congruent_segments,2.272727273,1_3_1_3_3_1_1_3_4_2_3,3.636363636,4_5_2_3_5_2_7_2_5_2_3,3.454545455,1_4_3_5_3_1_3_6_6_2_4
measuring_angles,measuring_segments,2.909090909,1_4_2_3_3_1_1_7_5_2_3,3.818181818,2_6_4_3_5_3_6_2_5_2_4,3.909090909,1_4_4_5_4_2_4_8_4_3_4
measuring_angles,exploring_angle_pairs_1,4.454545455,3_6_1_4_7_5_2_7_6_2_6,5.272727273,3_6_7_3_5_6_4_5_6_6_7,5,4_5_1_7_8_4_6_6_6_5_3
measuring_angles,recognizing_rays_lines_and_line_segments,2,1_3_1_1_2_1_1_3_5_1_3,2.818181818,1_5_3_1_3_2_1_7_3_2_3,4.090909091,1_4_2_2_4_2_8_7_6_4_5
triangle_angles_sum,angles_1,5.181818182,6_7_5_2_4_5_7_3_6_4_8,5.727272727,6_6_8_2_3_5_7_6_7_7_6,4,4_4_4_3_5_3_5_3_3_5_5
triangle_angles_sum,angle_addition_postulate,6.090909091,6_7_7_8_3_7_4_8_4_5_8,7.272727273,7_7_9_7_9_7_8_6_6_6_8,3.090909091,4_3_2_1_1_4_3_4_4_5_3
triangle_angles_sum,triangle_types,5.363636364,8_9_6_3_3_6_6_3_6_2_7,4.636363636,5_5_5_8_7_2_5_2_7_3_2,5.272727273,4_9_7_1_2_7_7_7_3_4_7
triangle_angles_sum,number_line_2,1.454545455,1_1_1_2_1_1_1_4_1_2_1,3.454545455,5_1_3_2_3_5_2_5_7_3_2,1.909090909,1_1_1_2_3_1_1_6_2_1_2
triangle_angles_sum,triangle_angles_1,6.454545455,8_6_7_7_6_6_8_3_7_5_8,6.272727273,7_7_5_9_6_7_5_6_7_7_3,5.181818182,4_3_9_1_4_4_9_4_4_6_9
division_2.9,divisibility_intuition,5,2_2_2_7_8_5_7_8_1_8,5.2,1_2_6_6_6_6_5_5_8_7,4.7,2_8_5_1_7_5_8_7_1_3
division_2.9,radius_diameter_and_circumference,2.3,3_2_1_1_2_1_1_7_1_4,5.7,4_8_3_7_8_6_6_2_7_6,2.7,5_2_6_1_1_1_1_6_1_3
division_2.9,arithmetic_word_problems_1,1.9,3_1_2_1_3_1_1_3_1_3,2.5,4_1_5_1_1_2_6_1_1_3,4.5,5_9_5_1_6_1_4_6_1_7
division_2.9,division_1.5,7.8,5_8_8_8_9_8_8_8_8_8,3,2_2_2_2_3_5_4_2_2_6,7.4,4_8_7_8_9_9_8_8_9_4
division_2.9,graphing_parabolas_0.5,1.5,3_2_1_1_1_1_1_3_1_1,7.8,5_8_7_7_9_9_8_7_9_9,1.8,2_2_5_1_1_1_1_3_1_1
division_2.9,division_2,7.5,5_6_8_7_9_7_8_9_8_8,3.9,2_2_5_2_4_5_4_5_4_6,7.5,6_9_9_8_8_8_8_8_7_4
trigonometry_0.5,distance_formula,2.666666667,3_1_3_1_1_6_1_6_2,4.333333333,4_6_7_4_1_3_9_4_1,2.777777778,2_1_5_1_1_6_1_6_2
trigonometry_0.5,systems_of_equations_with_elimination_0.5,1.444444444,2_1_1_1_1_2_1_2_2,4,4_8_1_4_2_4_8_3_2,2.222222222,3_1_1_1_1_4_1_2_6
trigonometry_0.5,factoring_difference_of_squares_3,1.888888889,4_1_1_1_1_4_1_1_3,5.444444444,3_8_9_4_5_5_9_4_2,2.333333333,3_1_1_1_1_5_1_2_6
trigonometry_0.5,linear_equations_2,2.111111111,2_1_4_1_1_2_1_3_4,3.666666667,3_3_4_2_6_5_6_2_2,3.111111111,3_1_4_1_1_6_1_4_7
trigonometry_0.5,pythagorean_theorem_1,4.555555556,6_1_3_1_7_7_1_7_8,3.666666667,1_7_3_4_3_4_8_1_2,3.888888889,4_1_5_2_7_5_1_7_3
trigonometry_0.5,degrees_to_radians,2.777777778,3_1_2_1_1_4_1_7_5,5.777777778,9_6_6_4_7_3_7_4_6,3,4_1_3_1_1_6_1_6_4
trigonometry_0.5,trigonometry_1,8.888888889,9_9_9_9_9_9_9_8_9,5.444444444,5_5_5_6_5_6_5_6_6,7.333333333,9_8_9_8_9_4_9_7_3
triangle_angles_1,graphing_parabolas_1,1.6,2_1_1_1_3,7.2,3_8_9_9_7,1.6,3_1_1_1_2
triangle_angles_1,angle_bisector_theorem,4.4,7_2_3_2_8,7.4,6_8_8_8_7,2.8,4_1_2_3_4
triangle_angles_1,angle_addition_postulate,5.2,7_6_4_2_7,7.8,7_7_9_9_7,2.4,4_3_1_1_3
triangle_angles_1,proportions_2,1.2,1_1_1_1_2,7.2,6_6_9_9_6,1.2,2_1_1_1_1
triangle_angles_1,angles_1,6.2,7_6_6_5_7,5.4,5_7_7_6_2,5.6,9_4_5_4_6
triangle_angles_1,triangle_types,7.2,9_7_7_6_7,4,5_4_5_5_1,7.4,9_8_6_7_7
triangle_angles_1,vertical_angles,5.4,6_6_5_3_7,3.2,3_2_5_1_5,5,7_6_3_4_5
markup_and_commission_word_problems,percentage_word_problems_1,7.1,8_3_8_6_9_9_8_5_7_8,5.1,6_3_5_6_5_5_5_5_7_4,6.3,4_6_6_7_8_5_7_5_7_8
markup_and_commission_word_problems,discount_tax_and_tip_word_problems,7.4,9_3_8_7_9_9_8_5_8_8,4.7,5_2_5_5_5_5_5_5_5_5,6.9,8_6_8_6_9_5_8_5_7_7
markup_and_commission_word_problems,converting_percents_to_decimals,5.4,4_5_7_4_8_6_6_3_5_6,2.1,1_1_4_3_1_1_2_2_5_1,7.4,8_9_8_7_9_8_8_7_6_4
markup_and_commission_word_problems,converting_decimals_to_fractions_2,4.2,3_4_6_2_2_8_4_3_4_6,3.8,7_2_6_3_6_1_4_2_5_2,5.4,4_7_5_4_4_9_6_8_5_2
volume_space,volume_container_hight,6.909090909,4_6_6_8_8_9_4_6_8_9_8,5.636363636,6_7_1_5_6_6_2_8_7_9_5,5.090909091,3_6_5_8_4_7_2_3_8_1_9
volume_space,volume_box,8.636363636,8_9_9_8_9_8_9_9_9_9_8,4.909090909,5_5_5_5_5_5_5_8_5_1_5,7.818181818,7_6_9_4_9_7_9_8_9_9_9
volume_space,surface_area_of_rectangular_boxes,5.181818182,4_5_6_4_4_7_3_4_8_9_3,4.272727273,3_8_1_1_6_5_7_5_6_1_4,5.636363636,5_3_5_6_6_7_5_7_8_9_1
volume_space,area_of_squares_and_rectangles,6.636363636,8_7_6_8_6_8_6_6_6_9_3,2.545454545,2_8_1_5_2_1_1_3_3_1_1,5.818181818,8_7_4_8_6_7_4_7_8_4_1
volume_space,area_1,7,8_8_6_6_6_8_6_8_8_9_4,2.454545455,2_6_1_5_3_1_1_3_3_1_1,6.545454545,8_8_4_7_7_7_4_8_9_9_1
shaded_areas,areas_of_circles_and_sectors,4.1,3_5_1_7_3_2_8_3_3_6,5.4,5_9_7_3_3_8_3_5_6_5,4.1,5_4_1_6_2_3_8_3_4_5
shaded_areas,circles_and_arcs,2.6,4_3_1_1_2_2_7_1_2_3,5,5_3_7_1_7_8_4_5_5_5,3.2,5_2_1_2_2_1_7_5_6_1
shaded_areas,herons_formula,4.2,5_6_1_1_3_5_8_1_4_8,6.1,3_8_7_8_9_9_3_5_5_4,4.2,3_4_1_2_1_2_8_5_7_9
shaded_areas,area_of_parallelograms,4.9,4_7_4_9_6_5_1_2_4_7,2.9,2_1_2_1_9_1_2_2_8_1,4.9,4_8_2_8_5_4_3_6_8_1
shaded_areas,sectors_as_fraction_of_circles_1,3.1,5_1_1_3_3_1_7_2_5_3,3,5_1_3_1_3_4_3_2_5_3,2.9,4_1_1_3_2_1_7_3_6_1
graphing_inequalities,permutations_1,2.090909091,2_2_2_1_1_3_1_4_3_2_2,4.818181818,7_1_3_3_6_3_7_7_8_3_5,2.545454545,2_2_7_1_1_4_1_3_2_3_2
graphing_inequalities,graphing_systems_of_equations,7.181818182,6_8_6_8_6_7_8_8_9_5_8,4.818181818,6_4_7_6_4_4_7_5_1_4_5,6.272727273,4_7_7_3_4_6_7_7_9_6_9
graphing_inequalities,graphing_linear_equations,7.545454545,8_7_7_9_7_6_9_8_9_5_8,3.909090909,4_4_6_5_3_4_5_3_1_4_4,7.727272727,7_8_7_9_8_6_9_7_9_6_9
prime_factorization,composite_numbers,6.727272727,3_8_7_8_5_9_7_7_6_6_8,3.454545455,8_6_2_3_1_1_5_2_2_4_4,7.181818182,7_4_7_8_6_7_8_8_8_7_9
prime_factorization,divisibility_0.5,7,9_8_8_6_9_8_7_4_6_4_8,3.545454545,5_2_5_4_1_2_6_3_4_3_4,6.727272727,7_8_6_6_7_6_7_7_6_5_9
prime_factorization,divisibility,5.727272727,9_7_9_3_4_4_7_3_6_3_8,5.909090909,7_7_7_7_7_6_8_2_7_3_4,4.727272727,6_3_6_2_3_3_7_7_3_5_7
prime_factorization,prime_numbers,7.363636364,8_9_8_8_2_9_8_8_7_6_8,3,3_5_1_3_2_2_2_5_2_4_4,6.909090909,6_7_7_8_8_6_7_2_9_7_9
volume_box_nocover,volume_container_hight,6.25,7_7_3_8_3_7_3_8_7_7_7_8,4.166666667,2_3_4_2_8_6_3_3_4_6_6_3,6.333333333,6_7_6_8_3_6_4_7_6_7_7_9
volume_box_nocover,volume_box,7.916666667,8_8_8_9_6_9_8_8_8_7_8_8,4.416666667,2_5_4_3_8_5_3_5_4_5_5_4,6.333333333,7_5_8_8_2_9_8_5_6_7_2_9
volume_box_nocover,area_of_squares_and_rectangles,5.25,5_7_2_2_6_7_5_8_6_6_5_4,1.833333333,1_2_1_1_1_4_2_2_3_2_2_1,6.5,7_7_6_7_9_5_6_8_8_8_5_2
volume_box_nocover,volume_space,8,8_8_9_9_4_9_8_9_8_6_9_9,4.25,3_5_5_6_2_5_3_5_4_4_5_4,7.333333333,7_5_9_7_7_9_8_5_7_7_8_9
ratio_discount,ratio_word_problems,5.444444444,7_3_2_9_7_1_6_7_7,6.222222222,3_7_9_5_6_7_8_5_6,4.222222222,7_3_3_6_4_2_2_6_5
ratio_discount,expressing_ratios_as_fractions,5.222222222,6_4_1_8_6_2_6_7_7,3.333333333,2_2_3_4_3_3_7_3_3,4.888888889,7_3_1_8_7_2_3_7_6
ratio_discount,ratio_money,6.777777778,7_7_7_9_7_2_6_8_8,6.666666667,6_7_8_5_7_8_8_5_6,4.666666667,4_8_5_6_3_3_2_7_4
recognizing_rays_lines_and_line_segments,congruent_segments,5.2,7_6_8_6_6_6_1_2_7_4_4_8_3_4_6,6.066666667,5_5_6_6_6_7_3_6_6_7_9_5_7_7_6,3.866666667,6_4_9_4_4_3_3_2_6_2_1_5_3_3_3
recognizing_rays_lines_and_line_segments,volume_of_rectangular_boxes_3,1.733333333,1_3_1_1_3_1_1_1_2_1_1_6_2_1_1,7.466666667,8_5_9_9_7_9_6_7_7_8_9_7_7_8_6,1.8,1_4_1_1_3_1_2_1_4_1_1_2_2_2_1
recognizing_rays_lines_and_line_segments,area_of_a_circle,1.466666667,1_1_1_1_3_1_1_1_1_1_1_4_2_1_2,7.8,9_8_7_7_7_8_9_9_8_7_8_7_9_8_6,1.666666667,1_1_1_1_3_1_1_1_2_1_2_3_2_2_3
recognizing_rays_lines_and_line_segments,area_of_squares_and_rectangles,1.933333333,1_4_1_1_3_1_1_1_2_1_2_6_1_1_3,6.4,6_5_4_6_7_5_7_7_7_6_8_7_8_7_6,2.2,1_4_1_1_3_1_2_1_5_1_2_3_2_3_3
proportions_1,expressing_ratios_as_fractions,6.636363636,5_8_8_8_4_5_9_6_6_6_8,4.272727273,4_5_7_3_2_2_5_7_4_4_4,6.272727273,7_8_3_8_5_7_8_3_6_6_8
proportions_1,ratio_word_problems,6.818181818,8_3_7_7_6_5_9_7_9_6_8,5.454545455,7_7_8_4_3_5_5_7_3_4_7,5.454545455,7_4_2_8_5_5_9_3_8_6_3
proportions_1,simplifying_fractions,5.454545455,2_8_8_4_2_6_8_6_4_4_8,2.909090909,1_5_1_4_1_2_3_2_4_6_3,5.909090909,2_8_8_4_5_7_9_8_4_4_6
proportions_1,proportions_2,7.909090909,8_9_9_7_7_7_9_8_8_7_8,6.545454545,6_6_6_7_8_6_6_8_7_6_6,3.909090909,7_6_4_4_4_4_3_2_2_4_3
proportions_1,writing_proportions,7,6_6_9_8_6_5_9_8_9_4_7,5.181818182,8_7_1_6_7_5_5_8_3_3_4,5.545454545,5_3_9_4_4_5_9_2_7_6_7
fractions_on_the_number_line_1,number_line_2,7.636363636,9_8_8_7_7_8_8_8_7_7_7,4.636363636,5_5_5_1_6_5_4_4_5_4_7,6.636363636,9_7_7_8_4_7_6_7_6_8_4
fractions_on_the_number_line_1,equivalent_fractions,5.545454545,6_5_6_4_7_6_2_7_7_4_7,4.545454545,5_6_3_6_5_5_2_5_2_7_4,5.545454545,4_5_4_3_7_5_8_6_8_4_7
fractions_on_the_number_line_1,order_of_operations,3.181818182,1_6_2_4_3_1_2_7_4_3_2,6.272727273,8_6_8_7_6_9_1_7_6_4_7,3.181818182,1_4_1_3_4_1_9_3_3_4_2
fractions_on_the_number_line_1,recognizing_fractions_0.5,7.545454545,9_7_7_9_6_9_3_9_8_8_8,3.818181818,5_5_5_5_3_5_1_5_1_5_2,7.272727273,9_5_6_5_7_9_9_6_8_8_8
angle_addition_postulate,vertical_angles,5.357142857,4_6_4_6_4_6_8_3_3_9_6_6_4_6,2.5,2_5_1_2_1_3_5_1_1_5_3_3_2_1,5.214285714,7_6_4_8_5_6_9_3_3_5_7_3_6_1
angle_addition_postulate,triangle_types,4.857142857,6_6_2_6_3_3_8_6_4_3_7_6_2_6,2.5,3_4_1_2_1_3_4_1_3_1_5_3_3_1,4.857142857,7_7_4_6_2_3_8_2_4_8_5_7_4_1
angle_addition_postulate,exploring_angle_pairs_1,6,4_7_5_6_6_7_9_7_6_8_7_3_4_5,2.857142857,2_3_2_2_5_3_5_2_3_2_3_2_3_3,6,7_7_7_7_5_6_9_3_6_8_7_6_4_2
angle_addition_postulate,midpoint_of_a_segment,4.857142857,7_6_2_4_6_6_5_1_6_6_6_3_4_6,3.714285714,4_5_2_3_5_5_5_1_5_1_5_3_3_5,5,8_6_4_4_8_2_4_1_5_9_6_3_5_5
proportions_2,proportions_1,8.153846154,8_9_9_9_9_8_9_9_8_6_6_8_8,3.153846154,5_4_3_4_1_3_2_2_4_4_3_2_4,8,6_9_9_9_9_7_9_8_8_7_6_8_9
proportions_2,expressing_ratios_as_fractions,5.153846154,7_2_6_7_7_3_6_8_4_3_4_3_7,2.230769231,2_1_4_3_4_1_1_3_3_2_2_2_1,5.384615385,7_1_6_8_7_3_5_8_3_3_7_8_4
proportions_2,simplifying_fractions,4.615384615,7_2_6_7_6_3_6_4_2_4_4_2_7,2.076923077,2_1_2_3_2_2_1_1_5_2_2_3_1,4.923076923,8_1_7_7_6_3_5_6_5_3_8_3_2
parallel_lines_2,congruent_angles,6.454545455,7_7_7_8_4_5_8_1_8_7_9,3.090909091,2_2_2_4_2_5_5_2_3_3_4,6.909090909,5_7_8_8_3_5_9_8_7_7_9
parallel_lines_2,corresponding_angles_2,5.727272727,7_7_8_3_6_7_1_1_8_7_8,4.090909091,4_4_3_4_3_3_5_5_5_4_5,7.545454545,8_8_8_7_8_5_9_5_8_8_9
parallel_lines_2,alternate_exterior_angles_2,5.909090909,7_8_8_7_5_4_1_1_8_7_9,4.818181818,5_6_2_6_3_5_5_5_7_4_5,6.818181818,9_7_8_3_6_5_9_5_7_7_9
parallel_lines_2,congruency_postulates,2,1_1_1_3_1_2_1_4_2_2_4,6.727272727,7_9_9_6_4_7_8_7_8_7_2,2.363636364,1_1_1_5_1_5_1_3_2_3_3
multiplying_expressions_1,graphing_points,1.666666667,3_2_1_1_2_1_1_3_1,1.777777778,5_1_1_1_2_2_1_2_1,3.555555556,2_8_1_2_8_1_1_4_5
multiplying_expressions_1,converting_mixed_numbers_and_improper_fractions,1.666666667,2_2_1_2_2_1_1_3_1,2.666666667,1_2_1_8_2_3_2_4_1,3,1_8_1_3_8_1_1_3_1
multiplying_expressions_1,factoring_difference_of_squares_1,6.444444444,7_4_6_7_7_7_5_7_8,5.888888889,7_7_2_8_7_6_4_7_5,4.555555556,4_3_5_3_3_4_6_4_9
multiplying_expressions_1,scientific_notation,2.666666667,3_4_1_6_3_1_1_3_2,4.444444444,1_7_1_7_8_6_1_6_3,2.666666667,2_2_1_4_3_1_1_3_7
multiplying_expressions_1,multiplying_expressions_0.5,8.222222222,8_8_8_8_8_8_8_9_9,4.555555556,6_6_3_6_5_4_4_4_3,7.222222222,7_3_9_7_5_9_8_8_9
multiplying_expressions_1,multiplying_polynomials,7.222222222,2_7_8_9_8_9_7_7_8,6.111111111,9_7_5_6_5_6_6_6_5,5.555555556,2_3_8_4_5_7_6_6_9
multiplying_expressions_1,adding_and_subtracting_polynomials,5,4_6_3_8_8_4_2_4_6,4,6_2_2_6_7_3_2_3_5,5.111111111,7_8_5_6_3_3_3_6_5
alternate_interior_angles_2,direct_and_inverse_variation,2.2,2_6_1_1_1_3_1_2_3_2,5.8,1_3_9_7_9_2_9_8_7_3,2.4,4_6_1_1_1_3_1_2_4_1
alternate_interior_angles_2,corresponding_angles_2,6.4,7_8_8_8_6_4_8_2_5_8,4.5,4_4_5_3_5_4_5_5_5_5,7.1,6_9_9_8_7_4_7_7_5_9
alternate_interior_angles_2,parallel_lines_1,6.7,3_9_9_7_7_8_2_7_8_7,2.5,5_4_1_4_2_2_1_3_2_1,6.2,3_9_9_7_6_8_5_7_7_1
alternate_interior_angles_2,parallel_lines_2,6,8_9_8_7_6_4_3_2_5_8,5.7,5_5_5_4_6_9_6_7_5_5,6.2,7_8_9_8_7_2_4_3_5_9
alternate_interior_angles_2,alternate_interior_angles,7.5,8_9_9_9_9_9_2_6_6_8,3.5,5_3_4_5_2_2_8_1_3_2,7.3,7_9_9_9_9_8_8_6_7_1
division_4,dividing_decimals_1,8.1,9_7_7_9_7_9_9_8_8_8,5.3,4_5_7_6_4_3_8_5_4_7,5.5,5_8_8_4_7_6_2_3_8_4
division_4,time_units_transformation_1,3.7,7_7_1_2_1_1_3_6_4_5,3.1,6_3_3_1_4_1_1_3_3_6,2.9,4_6_1_1_2_1_4_4_3_3
division_4,division_2,8.6,9_9_9_9_8_9_9_8_8_8,2.3,3_2_5_1_4_1_1_2_2_2,7.9,9_9_9_6_9_7_9_8_7_6
division_4,division_3,8.2,9_9_9_9_8_9_9_6_7_7,3.6,4_1_5_5_3_4_1_6_5_2,7.3,8_9_9_7_8_6_7_6_7_6
division_4,multiplication_4,6.3,7_6_7_8_4_9_8_3_4_7,3.8,3_2_5_6_5_5_1_3_5_3,7.2,7_8_7_8_7_9_7_6_6_7
congruent_triangles_2,congruent_triangles_1,7.666666667,9_8_2_9_9_9_5_9_9,4.555555556,5_6_2_6_5_5_5_5_2,7.777777778,8_7_8_8_9_9_6_8_7
congruent_triangles_2,congruency_postulates,6.333333333,6_5_4_9_6_7_3_8_9,4.333333333,7_8_1_5_7_1_5_4_1,6.888888889,5_4_8_8_4_9_7_9_8
congruent_triangles_2,absolute_value_equations,1.555555556,1_1_2_2_1_1_1_2_3,6.111111111,5_9_2_8_4_7_9_4_7,2.666666667,2_1_8_1_1_3_1_4_3
congruent_triangles_2,parallel_lines_2,5.111111111,6_7_5_6_1_9_2_2_8,4.222222222,1_7_2_6_3_5_7_4_3,5.222222222,5_5_8_3_3_9_3_3_8
congruent_triangles_2,degrees_to_radians,2.555555556,4_1_2_3_1_3_1_2_6,6.555555556,6_9_2_8_6_5_9_7_7,3.888888889,6_1_8_2_3_9_1_2_3
congruent_triangles_2,probability_1,1.111111111,1_1_2_1_1_1_1_1_1,5.666666667,4_7_3_7_7_5_9_6_3,2.444444444,4_2_8_2_1_1_1_1_2
angles_1,absolute_value_add_sub,2.25,1_1_1_1_1_8_4_1,5.125,4_3_4_9_7_3_5_6,3.125,6_1_1_1_1_8_4_3
angles_1,angle_addition_postulate,6.5,7_5_7_5_5_8_7_8,7,7_8_6_8_9_7_6_5,5,3_3_7_2_2_9_6_8
angles_1,multiplying_expressions_0.5,1.25,2_1_1_1_1_2_1_1,6,4_6_4_8_6_8_5_7,1.5,2_1_1_2_1_2_2_1
angles_1,exponents_1,1.5,4_1_1_1_1_1_2_1,3.625,1_1_2_9_1_3_5_7,2.5,7_1_1_1_1_2_4_3
angles_1,triangle_angles_1,6.375,7_5_6_5_5_8_7_8,4.125,5_3_3_8_2_4_4_4,6.25,7_5_6_3_6_7_7_9
angles_1,angles_2,8.125,8_8_9_7_9_7_9_8,6.75,7_7_6_8_5_7_8_6,5.625,3_7_8_4_9_6_4_4
angles_1,triangle_types,3.875,6_1_1_4_1_4_6_8,3,5_1_2_6_1_4_4_1,3.75,8_1_1_3_3_3_7_4
multiplying_fractions,multiplying_mixed_numbers_1,7,6_9_9_8_9_7_6_8_6_8_5_4_4_8_8,6.533333333,6_6_8_7_5_7_9_7_6_5_5_6_8_7_6,4.6,4_4_4_6_4_5_2_6_4_7_5_4_4_7_3
multiplying_fractions,simplifying_fractions,5.066666667,2_8_2_3_7_8_6_7_2_2_5_5_7_6_6,3.733333333,1_3_1_2_6_5_2_2_7_2_8_7_3_5_2,4.8,3_8_3_2_4_7_4_4_6_2_7_3_6_6_7
multiplying_fractions,adding_and_subtracting_negative_numbers,2.933333333,1_5_1_6_1_3_4_1_3_2_3_3_3_4_4,2.666666667,1_3_4_1_1_1_5_1_2_2_7_2_3_3_4,3.133333333,2_6_1_2_1_3_3_1_1_2_7_7_4_6_1
multiplying_fractions,dividing_fractions_0.5,6.866666667,8_8_5_6_8_9_4_8_6_7_8_4_7_7_8,6.066666667,5_6_7_6_6_5_7_7_5_7_7_6_5_5_7,5.533333333,7_4_6_4_3_6_3_7_8_6_8_4_7_7_3
multiplying_fractions,multiplying_fractions_0.5,8.533333333,8_8_9_9_9_9_7_9_8_9_9_9_9_8_8,4.8,5_5_5_5_5_5_3_5_5_5_5_5_5_5_4,7.6,7_7_9_9_7_9_7_9_9_7_5_5_8_8_8
hundred_million_adding_and_subtracting,number_line_2,3.8,3_3_1_1_1_1_9_6_6_7,3.1,2_3_1_3_8_1_2_4_3_4,4.1,6_5_1_1_5_2_7_6_4_4
hundred_million_adding_and_subtracting,place_value,6,9_5_7_6_9_4_4_6_3_7,1.7,1_1_1_3_1_1_1_3_2_3,6.2,9_8_8_7_9_1_6_8_2_4
hundred_million_adding_and_subtracting,subtracting_decimals_0.5,6.7,9_8_3_2_8_8_9_7_6_7,3.6,5_1_5_3_5_1_3_4_4_5,5,4_7_7_3_6_7_7_1_3_5
hundred_million_adding_and_subtracting,decimals_on_the_number_line_2,3.9,2_3_3_1_4_5_8_3_5_5,3.9,2_3_1_4_7_1_8_7_2_4,3,3_5_3_1_4_4_2_1_3_4
angles_2,triangle_types,3.583333333,4_7_2_1_2_2_3_2_5_6_3_6,2.333333333,1_3_1_2_1_2_8_1_2_1_4_2,4.25,8_7_1_1_2_3_5_7_3_7_5_2
angles_2,vertical_angles,6.833333333,7_7_4_6_7_9_8_6_6_7_7_8,2.833333333,4_2_1_1_1_2_4_1_1_9_4_4,5.916666667,6_7_3_3_5_8_7_6_2_9_7_8
angles_2,angles_1,8,8_7_9_9_8_8_7_8_7_9_8_8,4.166666667,5_4_2_5_3_3_5_5_3_5_5_5,7.666666667,7_7_9_9_9_7_8_5_7_9_7_8
angles_2,areas_of_trapezoids,2.166666667,2_3_1_1_1_2_3_2_4_2_3_2,3.416666667,1_7_2_3_8_2_2_2_5_2_5_2,2.5,1_3_1_1_1_2_4_6_1_6_3_1
variance,plotting_the_line_of_best_fit,3.1,1_1_1_4_4_1_2_6_4_7,3.5,3_3_2_4_2_9_2_3_3_4,4.3,1_1_1_7_7_1_7_6_5_7
variance,mean_median_and_mode,3.3,1_1_1_5_6_1_3_4_3_8,1.9,1_1_1_2_1_1_5_3_2_2,4.8,1_1_1_5_8_9_5_6_5_7
variance,creating_box_and_whisker_plots,3.7,1_2_1_5_6_1_8_4_2_7,3.1,1_5_1_2_2_2_7_4_3_4,4.2,1_1_1_5_7_9_3_5_4_6
variance,exploring_mean_and_median,4.7,2_6_1_5_6_1_7_7_4_8,2.7,1_7_2_2_1_1_5_3_3_2,5.4,1_6_1_4_8_9_5_8_6_6
dividing_fractions_0.5,dividing_fractions_word_problems,7.666666667,7_6_8_9_8_8,6.5,7_6_7_8_5_6,4.5,4_5_4_3_8_3
dividing_fractions_0.5,multiplying_fractions_0.5,7.666666667,8_6_7_8_8_9,3.833333333,5_2_4_3_5_4,8.333333333,8_7_8_9_9_9
dividing_fractions_0.5,equivalent_fractions,4.333333333,3_2_6_5_2_8,2.666666667,5_1_3_1_1_5,4.333333333,5_3_4_5_4_5
dividing_fractions_0.5,multiplying_fractions,7.5,8_6_7_8_8_8,3.833333333,5_2_4_3_5_4,7.666666667,6_7_8_8_8_9
dividing_fractions_0.5,writing_proportions,4.166666667,5_1_6_4_1_8,6.5,6_9_6_1_9_8,2.5,3_1_4_4_1_2
dividing_fractions_0.5,fraction_word_problems_1,4.333333333,5_1_4_6_2_8,2.833333333,1_6_2_3_4_1,3.166666667,4_1_3_5_3_3
dividing_fractions_0.5,simplifying_fractions,4.166666667,3_1_6_7_1_7,1.5,1_1_3_1_1_2,4.833333333,4_2_6_8_2_7
representing_numbers,number_line,5.454545455,4_5_6_4_2_9_6_4_8_6_6,4.818181818,4_4_4_5_6_5_3_4_7_5_6,4.090909091,3_5_5_4_1_5_7_6_3_5_1
representing_numbers,addition_2,4.545454545,4_3_7_4_2_7_4_4_3_4_8,5.363636364,4_3_7_5_1_9_7_3_6_6_8,3.363636364,4_2_4_5_2_1_4_7_2_5_1
ordering_numbers,ordering_fractions,7.5,9_8_8_7_8_8_9_8_9_6_4_6,4.333333333,3_5_1_3_5_6_3_1_7_3_6_9,7,9_9_9_7_7_9_9_9_3_7_5_1
ordering_numbers,metric_area_unit_conversion,2.666666667,1_1_4_2_2_1_1_7_1_3_4_5,5,5_3_9_3_7_8_5_1_1_5_7_6,4.166666667,3_1_2_5_3_1_5_8_7_4_7_4
ordering_numbers,comparing_fractions_2,7.25,9_8_7_5_8_7_9_9_8_7_5_5,2.833333333,3_2_1_2_3_3_1_1_2_3_5_8,7.083333333,9_9_9_7_9_7_9_9_4_7_5_1
dividing_decimals_0.5,area_of_squares_and_rectangles,2.333333333,1_4_1_1_1_6,2.5,1_1_3_4_4_2,1.833333333,1_1_1_1_1_6
dividing_decimals_0.5,division_word_problems_2,6.333333333,3_7_7_7_7_7,5.333333333,6_2_6_4_7_7,4.5,3_7_4_6_5_2
dividing_decimals_0.5,properties_of_numbers_1,1.333333333,1_1_1_1_1_3,3.5,1_5_2_2_4_7,1.166666667,1_1_1_1_1_2
dividing_decimals_0.5,converting_fractions_to_decimals,7.5,4_9_7_8_8_9,5.666666667,3_6_6_5_7_7,5,3_2_7_8_6_4
dividing_decimals_0.5,division_3,7.5,7_8_7_7_7_9,4.333333333,5_1_8_4_6_2,6.5,7_7_5_7_5_8
dividing_decimals_0.5,systems_of_equations_with_substitution,1.333333333,2_1_1_1_1_2,7.833333333,5_9_9_7_9_8,1.166666667,2_1_1_1_1_1
dividing_decimals_0.5,multiplication_2,4.166666667,3_7_3_1_3_8,2.666666667,1_2_4_4_3_2,3.5,3_3_3_1_2_9
expressions_with_unknown_variables,linear_equations_3,5.272727273,6_3_7_7_2_7_7_5_2_6_6,3.727272727,2_1_2_7_2_7_3_4_3_6_4,5,6_2_8_4_3_3_6_5_4_6_8
expressions_with_unknown_variables,linear_equations_4,4.909090909,6_3_7_6_2_7_6_3_3_5_6,4.636363636,3_2_3_6_3_6_4_7_5_6_6,4.636363636,4_2_7_4_4_3_4_6_7_6_4
expressions_with_unknown_variables,pythagorean_theorem_1,1.636363636,1_1_1_2_1_1_3_3_1_2_2,4.272727273,4_2_2_5_2_7_3_7_6_5_4,2.909090909,1_1_6_2_1_1_3_7_4_1_5
same_side_exterior_angles_2,same_side_interior_angles_2,7.818181818,9_8_9_7_8_6_8_9_6_8_8,4.818181818,5_5_5_5_5_5_5_5_3_5_5,7.181818182,7_5_9_7_8_6_9_5_7_7_9
same_side_exterior_angles_2,congruent_angles,7.454545455,9_8_8_8_7_6_8_9_4_8_7,3.818181818,2_6_6_6_7_4_4_1_1_4_1,7,9_5_8_7_7_7_7_9_7_8_3
same_side_exterior_angles_2,alternate_interior_angles,7.454545455,8_7_9_7_8_6_7_9_7_7_7,3.545454545,3_3_5_1_5_4_2_5_5_5_1,6.363636364,7_7_8_8_8_6_6_5_5_7_3
same_side_exterior_angles_2,parallel_lines_2,7.909090909,8_8_9_7_8_6_9_9_8_7_8,4.909090909,4_5_5_5_5_5_5_5_5_5_5,7.636363636,8_6_9_8_8_6_9_5_8_8_9
same_side_exterior_angles_2,corresponding_angles_2,7.818181818,7_8_9_8_8_6_8_9_7_8_8,3.909090909,3_5_5_1_5_5_5_1_3_5_5,7.818181818,8_5_9_9_8_6_9_9_7_7_9
quadratic_equation,solving_quadratics_by_taking_the_square_root,5.846153846,6_5_6_9_7_2_5_7_5_4_6_7_7,3.615384615,2_2_6_1_3_1_6_2_5_6_4_4_5,6.153846154,7_6_4_8_7_2_6_7_8_4_6_7_8
quadratic_equation,limits_1,2.615384615,2_2_2_1_4_1_1_2_2_3_4_3_7,5.538461538,8_2_4_4_8_1_8_3_9_7_4_7_7,2.538461538,2_2_2_3_2_1_4_2_1_2_5_4_3
quadratic_equation,solving_quadratics_by_factoring_2,6.153846154,6_7_7_3_9_3_4_8_7_4_6_8_8,4,2_2_4_4_5_1_7_3_5_5_4_5_5,6.384615385,7_7_7_8_9_2_3_8_7_5_6_7_7
surface_area_of_cylinders,areas_of_circles_and_sectors,4.2,4_3_4_5_3_6_3_5_3_6,5,7_4_4_7_5_3_4_3_7_6,4.4,5_4_4_5_1_7_4_7_3_4
surface_area_of_cylinders,area_of_parallelograms,4.1,6_3_2_8_4_3_3_4_4_4,1.7,1_2_4_2_1_1_2_2_1_1,4.4,6_2_1_7_7_2_3_7_7_2
surface_area_of_cylinders,solid_geometry,6.1,6_8_6_7_8_5_4_5_7_5,5.2,7_5_4_7_5_6_3_5_5_5,6,6_8_4_6_8_6_4_7_6_5
surface_area_of_cylinders,volume_of_cylinders,6.9,8_6_7_8_7_7_6_5_8_7,4.2,3_4_4_6_5_4_4_5_5_2,6.9,7_7_6_8_9_8_6_5_6_7
properties_of_numbers_1,number_properties_terminology_1,6.444444444,7_6_6_8_7_2_9_5_8,4.888888889,5_6_4_3_5_4_9_3_5,6.222222222,6_6_8_8_8_3_1_7_9
properties_of_numbers_1,division_4,2.777777778,5_2_3_1_2_5_2_2_3,6.777777778,5_8_9_8_9_7_9_2_4,3,5_3_3_1_1_2_1_4_7
properties_of_numbers_1,decimals_on_the_number_line_1,2.222222222,6_1_1_1_1_2_2_3_3,3.111111111,3_1_5_2_5_3_4_3_2,2.555555556,7_1_4_1_1_2_1_4_2
properties_of_numbers_1,multiplying_and_dividing_negative_numbers,4,6_2_4_3_1_5_7_2_6,5.444444444,4_8_5_8_6_6_3_3_6,3.444444444,6_3_3_1_1_4_8_2_3
properties_of_numbers_1,properties_of_numbers_2,5.444444444,5_5_6_4_4_5_8_4_8,3.222222222,3_6_1_2_5_3_1_5_3,5.666666667,7_4_3_7_6_6_2_7_9
telling_time_comparing,speed_equal_to_distance_divide_time,4,8_1_2_1_1_9_6,7.142857143,5_8_9_6_9_6_7,3.428571429,8_1_2_1_1_7_4
telling_time_comparing,arithmetic_word_problems_1,3.142857143,4_1_6_2_1_1_7,3,1_5_5_4_1_2_3,3.571428571,5_1_6_2_1_2_8
telling_time_comparing,writing_expressions_1,1.285714286,2_1_1_1_1_1_2,6.714285714,1_6_7_7_9_9_8,1.285714286,1_1_2_1_1_1_2
telling_time_comparing,division_0.5,1.857142857,2_1_1_1_1_3_4,1.142857143,1_1_1_2_1_1_1,2.857142857,2_1_2_1_1_9_4
telling_time_comparing,telling_time,4,6_3_2_6_1_3_7,2.285714286,3_1_6_3_1_1_1,5.714285714,7_3_6_6_2_8_8
telling_time_comparing,telling_time_2,4.857142857,6_5_2_6_6_2_7,3.285714286,3_2_8_3_2_3_2,5.285714286,6_6_4_6_7_1_7
telling_time_comparing,time_word_problem_2,6.285714286,5_5_3_8_8_7_8,4.857142857,7_2_8_6_5_1_5,6.428571429,4_6_6_7_8_9_5
linear_equations_1,graphing_points,3,3_6_2_2_2_1_1_2_1_7_6,2.181818182,1_3_1_1_1_4_1_2_4_3_3,4.181818182,3_6_7_8_2_1_1_3_1_6_8
linear_equations_1,multiplying_mixed_numbers_1,3.272727273,1_3_7_5_1_1_1_5_1_7_4,4.545454545,3_6_4_8_6_4_1_4_8_4_2,3.363636364,2_4_7_2_1_1_1_7_1_8_3
linear_equations_1,converting_decimals_to_percents,2.818181818,1_3_7_5_1_1_1_3_1_6_2,3.909090909,2_6_5_8_3_4_1_5_2_5_2,2.727272727,3_3_5_2_1_1_1_4_1_7_2
linear_equations_1,combining_like_terms_with_two_variables,5,3_7_6_3_2_6_5_6_3_7_7,6.727272727,5_7_5_8_8_6_9_4_9_5_8,3.818181818,2_6_4_1_3_6_2_6_2_7_3
linear_equations_1,multiplication_1,3.545454545,2_3_7_5_1_1_1_4_2_6_7,1.818181818,1_6_2_2_1_2_1_2_1_1_1,4.363636364,2_3_7_8_1_8_1_7_1_9_1
linear_equations_1,combining_like_terms_1,5.727272727,4_6_7_2_2_7_8_7_4_9_7,3.272727273,1_3_2_2_2_4_7_3_6_3_3,6.272727273,5_7_8_8_3_8_3_8_3_9_7
linear_equations_1,one_step_equations,7,8_7_7_2_6_8_9_8_5_8_9,3.181818182,5_4_1_2_5_4_1_3_5_1_4,7.909090909,8_7_8_8_7_9_9_8_6_9_8
surface_area_of_rectangular_boxes,areas_of_trapezoids,6.875,6_6_9_6_7_8_6_7,3.75,3_3_4_3_4_6_5_2,5.75,5_4_7_7_6_7_7_3
surface_area_of_rectangular_boxes,volume_box,5.5,6_2_9_7_8_5_4_3,6.125,7_8_7_4_4_6_7_6,4.25,4_3_4_7_7_2_6_1
surface_area_of_rectangular_boxes,area_of_squares_and_rectangles,7.375,7_7_9_7_7_9_6_7,2.75,1_2_5_2_3_4_3_2,7,7_8_9_7_8_9_7_1
surface_area_of_rectangular_boxes,area_1,8,8_7_9_7_8_9_9_7,2.5,1_1_4_2_2_4_5_1,7,7_8_9_7_7_9_8_1
significant_figures_1,ordering_numbers,2.833333333,1_3_2_1_6_2_1_6_1_1_4_6,6.75,1_7_8_7_7_7_9_7_9_9_7_3,2.5,2_4_2_2_1_1_1_4_1_1_5_6
significant_figures_1,scientific_notation,4.333333333,3_6_5_1_6_3_3_6_9_1_5_4,6.25,1_7_8_1_6_7_8_8_5_9_8_7,3.583333333,3_7_2_2_4_2_2_6_9_1_2_3
significant_figures_1,scientific_notation_intuition,5.25,2_8_4_3_7_6_4_7_9_1_6_6,5.916666667,6_6_8_1_5_7_6_8_5_7_6_6,4.833333333,3_7_8_4_5_3_3_7_9_1_4_4
significant_figures_1,exponents_2,2,2_3_2_1_3_3_1_1_1_1_3_3,7,3_8_8_5_4_8_8_6_9_9_8_8,2.083333333,1_3_2_4_6_2_1_1_1_1_2_1
significant_figures_1,multiplying_and_dividing_scientific_notation,3.416666667,1_5_2_2_7_4_1_6_7_1_1_4,7.583333333,7_7_8_7_7_7_7_8_8_9_9_7,2.833333333,4_5_2_2_1_1_1_6_7_1_1_3
significant_figures_1,subtraction_4,2.75,2_4_2_4_1_4_1_6_1_1_1_6,4.833333333,1_6_1_6_7_6_7_5_5_7_1_6,3.583333333,3_4_8_6_1_2_1_7_1_1_2_7
same_side_interior_angles_2,same_side_exterior_angles,7.666666667,8_6_8_7_8_9,4.166666667,5_2_5_2_6_5,7.666666667,8_7_9_6_7_9
same_side_interior_angles_2,alternate_interior_angles_2,7.333333333,8_5_7_7_8_9,5,7_3_5_5_5_5,7.666666667,8_6_8_8_8_8
same_side_interior_angles_2,quadratic_equation,1.5,1_1_1_1_4_1,7.333333333,5_9_6_9_8_7,1.5,1_1_1_1_2_3
same_side_interior_angles_2,corresponding_angles_2,7,8_5_7_6_7_9,4.333333333,5_2_5_5_4_5,7.833333333,8_6_8_7_9_9
same_side_interior_angles_2,parallel_lines_2,8.666666667,9_9_7_9_9_9,5,5_5_5_5_5_5,8.666666667,9_9_8_9_8_9
same_side_interior_angles_2,parallel_lines_1,7,9_4_7_6_7_9,2.833333333,3_1_5_1_3_4,6.5,6_3_8_5_8_9
same_side_interior_angles_2,dividing_decimals_2,1.166666667,1_1_1_1_2_1,3.333333333,8_1_4_1_2_4,1.333333333,1_1_1_1_3_1
least_common_multiple_and_greatest_common_divisor_word_problems,prime_factorization,4.714285714,4_2_2_8_3_7_7,3.285714286,1_3_1_3_5_6_4,5.142857143,2_3_2_8_5_7_9
least_common_multiple_and_greatest_common_divisor_word_problems,composite_numbers,4.142857143,4_1_1_7_3_5_8,2.714285714,1_2_1_2_6_4_3,4.571428571,2_2_1_6_6_6_9
least_common_multiple_and_greatest_common_divisor_word_problems,least_common_multiple,7.428571429,7_8_6_9_7_7_8,3.142857143,2_4_3_2_4_4_3,7.571428571,6_8_7_9_6_8_9
least_common_multiple_and_greatest_common_divisor_word_problems,prime_numbers,4.142857143,4_1_1_6_3_6_8,2.285714286,1_1_1_1_6_4_2,4.285714286,2_1_1_6_4_7_9
average_word_problems,variance,5.3,4_6_3_6_7_1_8_6_6_6,7.5,8_9_8_7_5_9_7_6_8_8,3.9,2_2_3_6_8_1_7_6_2_2
average_word_problems,mean_median_and_mode,3.7,2_2_3_3_6_2_3_5_3_8,2.6,3_3_3_1_5_1_1_3_2_4,5,3_3_3_7_6_3_5_7_5_8
average_word_problems,properties_of_numbers_1,3,5_2_3_1_4_1_2_3_7_2,3.6,2_1_8_6_5_1_2_7_2_2,3.6,7_3_2_1_7_1_3_3_8_1
average_word_problems,exploring_mean_and_median,6.3,6_5_7_6_7_6_6_5_8_7,4.6,2_7_5_4_6_6_3_2_7_4,6.2,8_4_5_7_8_7_5_7_3_8
points_lines_and_planes,area_of_triangles_1,2.625,5_5_1_3_1_1_3_2,2.875,5_1_1_5_4_2_2_3,2.75,6_2_1_5_1_1_4_2
points_lines_and_planes,equivalent_fractions_2,1.875,4_3_1_2_1_1_2_1,3,4_1_2_2_6_2_3_4,3.125,7_3_1_8_1_1_3_1
points_lines_and_planes,measuring_angles,2.625,3_1_3_6_1_1_3_3,2.5,2_5_1_2_2_1_5_2,4.125,7_6_4_8_1_1_5_1
points_lines_and_planes,recognizing_rays_lines_and_line_segments,5.375,7_7_5_3_6_3_4_8,2,3_5_1_1_2_1_1_2,6.75,7_8_4_9_8_3_6_9
alternate_exterior_angles,corresponding_angles,7.857142857,8_8_9_8_6_8_8,4.428571429,5_4_3_5_4_5_5,7.714285714,9_8_8_8_7_5_9
alternate_exterior_angles,congruent_segments,1.571428571,1_1_1_1_3_2_2,4.142857143,6_4_3_6_2_6_2,1.285714286,1_1_1_1_2_2_1
alternate_exterior_angles,parallel_lines_1,7.714285714,8_8_9_9_6_6_8,4.571428571,5_4_3_5_4_6_5,7.714285714,9_8_9_9_6_4_9
alternate_exterior_angles,segment_addition,1.428571429,1_1_1_1_2_2_2,6.285714286,8_6_4_9_2_7_8,1.428571429,1_1_1_1_2_2_2
alternate_exterior_angles,alternate_interior_angles,8,9_7_9_9_6_8_8,4.857142857,5_4_5_5_5_5_5,7.571428571,9_8_7_9_6_5_9
adding_decimals_2,addition_4,7.125,5_8_8_7_7_6_8_8,4.75,2_2_6_5_5_8_6_4,5.875,5_8_3_6_8_5_7_5
adding_decimals_2,place_value,4.75,4_4_8_1_6_1_7_7,2.375,3_3_1_1_3_1_3_4,5,4_7_9_2_4_1_6_7
adding_decimals_2,writing_expressions_1,2.25,3_4_2_1_1_1_4_2,6.375,2_7_8_7_7_9_4_7,2.5,3_3_2_1_1_1_7_2
adding_decimals_2,integers_multiply_decimals,4.125,5_4_2_3_7_2_6_4,7.5,7_9_8_8_6_9_6_7,2.875,3_1_2_5_4_1_4_3
adding_decimals_2,creating_box_and_whisker_plots,2,2_1_2_1_1_1_3_5,6.875,5_8_8_6_6_8_8_6,1.875,2_1_2_1_1_1_3_4
adding_decimals_2,adding_decimals,9,9_9_9_9_9_9_9_9,4.875,5_5_5_5_5_5_5_4,8.375,8_5_9_9_9_9_9_9
adding_decimals_2,adding_decimals_0.5,8.875,8_9_9_9_9_9_9_9,4.625,3_5_5_5_5_5_5_4,8.5,7_7_9_9_9_9_9_9
parabola_intuition_3,exponents_2,1.857142857,1_3_1_1_3_1_3,5.142857143,2_7_5_8_3_8_3,3,3_5_1_1_7_1_3
parabola_intuition_3,vertex_of_a_parabola,6.285714286,2_5_8_7_7_7_8,5,8_7_4_2_6_4_4,5.142857143,2_5_5_6_5_8_5
parabola_intuition_3,graphing_parabolas_0.5,6,8_5_6_2_5_8_8,4.714285714,8_3_7_2_5_3_5,4.857142857,2_6_3_3_7_8_5
arithmetic_reasoning,number_properties_terminology_1,2.166666667,3_1_1_1_2_5,3.833333333,5_1_4_6_1_6,2.5,4_1_4_2_1_3
arithmetic_reasoning,recognizing_fractions_0.5,2.166666667,3_1_4_1_1_3,1.5,2_1_1_3_1_1,2.166666667,3_1_4_1_1_3
arithmetic_reasoning,properties_of_numbers_2,2.833333333,3_2_4_2_2_4,1.666666667,2_1_2_1_1_3,3.166666667,2_3_4_3_3_4
arithmetic_reasoning,division_4,2.166666667,4_1_1_2_1_4,5.333333333,7_2_4_4_9_6,2,2_1_2_2_1_4
arithmetic_reasoning,pythagorean_theorem_1,1.333333333,2_1_1_1_1_2,6.333333333,7_7_3_6_7_8,1.5,2_1_1_2_1_2
arithmetic_reasoning,order_of_operations,3.5,4_2_2_1_5_7,4.166666667,5_2_2_7_3_6,3.666666667,3_3_4_2_6_4
exponents_2,exponents_3,7.777777778,8_8_8_9_7_7_7_8_8,6.222222222,7_7_5_6_6_3_8_7_7,5.111111111,6_2_7_8_6_7_1_8_1
exponents_2,exponents_1,6.444444444,2_9_6_9_2_7_7_9_7,2.333333333,1_4_1_3_1_2_2_5_2,6.333333333,3_8_5_9_2_7_8_8_7
exponents_2,multiplying_and_dividing_negative_numbers,3,6_5_1_1_1_2_6_3_2,2,2_2_1_2_1_2_3_4_1,2.666666667,1_4_1_1_1_3_7_5_1
exponents_2,exponent_rules,6.888888889,7_8_6_8_4_7_6_8_8,4.777777778,5_6_1_6_3_5_6_6_5,5.222222222,4_4_3_7_5_7_4_8_5
exponents_2,counting_1,2.111111111,2_4_1_1_1_2_4_3_1,2.444444444,1_7_1_2_1_1_6_2_1,1.666666667,1_2_1_1_1_2_2_4_1
completing_the_square_1,solving_quadratics_by_taking_the_square_root,7.181818182,9_6_6_9_8_7_6_8_4_8_8,5.272727273,5_7_3_2_5_6_8_5_7_6_4,6.545454545,8_3_7_8_9_8_1_6_6_8_8
completing_the_square_1,vertex_of_a_parabola,5.545454545,2_6_7_8_7_1_2_7_6_7_8,7,9_7_7_8_6_9_8_3_6_8_6,3.090909091,1_3_3_2_2_1_2_3_6_6_5
completing_the_square_1,factoring_polynomials_1,6.454545455,9_6_2_8_3_3_8_8_8_8_8,4.545454545,5_7_3_5_3_3_5_5_3_5_6,5.909090909,9_3_2_8_8_5_5_6_6_8_5
completing_the_square_1,solving_quadratics_by_factoring_2,6.181818182,8_6_6_8_4_3_2_9_7_7_8,5.636363636,5_7_4_5_6_8_8_5_3_6_5,5.454545455,8_7_6_3_2_5_2_5_6_8_8
completing_the_square_1,solving_quadratics_by_factoring,7.181818182,8_7_6_9_4_8_6_8_6_9_8,5.181818182,5_6_6_3_3_6_7_5_5_6_5,6.545454545,8_4_7_9_8_7_2_4_6_9_8
quadrilateral_types,congruency_postulates,4.818181818,6_5_3_7_1_6_1_7_7_3_7,5.636363636,3_7_5_8_7_5_9_5_1_5_7,4.272727273,7_5_3_4_1_6_1_8_8_2_2
quadrilateral_types,angles_1,5.454545455,7_7_3_3_6_6_1_6_8_6_7,6.363636364,8_6_6_9_6_5_8_4_8_2_8,3.727272727,2_7_2_1_4_6_1_7_3_6_2
quadrilateral_types,properties_of_numbers_1,1.909090909,2_4_1_3_1_3_1_3_1_1_1,3.181818182,6_5_1_1_4_3_1_3_1_3_7,2.272727273,2_5_1_2_1_3_1_3_4_2_1
quadrilateral_types,quadrilateral_angles,6.818181818,8_7_7_7_7_6_7_7_8_6_5,6.454545455,7_6_7_9_4_6_7_4_9_6_6,4.545454545,2_6_4_7_8_4_4_8_1_4_2
quadrilateral_types,angles_2,5.363636364,7_6_3_3_6_6_1_6_9_5_7,6.909090909,7_4_7_9_6_6_9_5_9_6_8,3.363636364,2_7_2_3_4_4_1_7_1_3_3
exponents_1,counting_1,2,1_1_1_2_1_3_5_3_1,5.777777778,7_8_7_5_7_6_5_6_1,2.333333333,1_1_2_3_1_3_5_4_1
exponents_1,division_4,2.555555556,1_1_2_3_1_6_3_3_3,6.888888889,7_9_8_6_8_7_7_7_3,1.777777778,1_1_2_3_1_3_2_2_1
exponents_1,multiplying_and_dividing_negative_numbers,1.888888889,1_1_2_4_1_3_1_3_1,5.222222222,6_8_7_5_5_5_3_6_2,2.222222222,1_1_2_3_1_5_2_4_1
exponents_1,number_properties_terminology_1,1.555555556,1_1_1_2_1_4_1_2_1,4.888888889,6_7_8_3_6_5_5_3_1,3,1_1_1_3_1_5_6_7_2
exponents_1,adding_and_subtracting_negative_numbers,2.111111111,1_1_1_3_1_6_1_3_2,4.777777778,6_7_7_3_5_3_3_4_5,2.555555556,1_1_2_2_1_5_4_6_1
same_side_interior_angles,pythagorean_theorem_1,3.307692308,4_7_2_1_4_1_1_4_3_7_4_3_2,6.230769231,6_3_5_8_7_7_9_6_2_7_6_7_8,3.538461538,4_7_3_1_3_1_1_4_8_8_3_2_1
same_side_interior_angles,measuring_segments,1.538461538,2_1_2_1_2_1_1_1_2_1_3_2_1,2.307692308,4_1_2_1_2_2_1_5_2_1_5_2_2,3.384615385,3_3_7_1_7_2_1_2_7_6_3_1_1
same_side_interior_angles,parallel_lines_1,7.615384615,8_7_7_8_8_7_6_7_9_9_8_7_8,5.615384615,5_7_7_5_5_7_2_5_8_5_5_7_5,7.153846154,8_8_8_6_5_7_7_9_2_9_8_7_9
same_side_interior_angles,segment_addition,1.923076923,2_1_2_1_2_1_1_2_2_1_3_3_4,6.538461538,7_3_7_7_7_6_9_7_8_5_6_5_8,2.615384615,3_2_4_1_3_1_1_4_1_6_4_2_2
same_side_interior_angles,alternate_exterior_angles,7.692307692,7_7_8_8_8_8_6_7_9_9_8_7_8,5.153846154,5_5_5_5_7_5_3_5_7_5_5_5_5,7,7_9_7_8_4_8_6_9_2_9_7_6_9
discount_tax_and_tip_word_problems,converting_decimals_to_percents,5.285714286,4_3_8_1_8_5_8,1.857142857,1_1_3_3_2_1_2,6,3_6_9_1_9_6_8
discount_tax_and_tip_word_problems,adding_and_subtracting_fractions,2.142857143,3_2_4_1_1_1_3,3.428571429,2_3_3_3_7_3_3,2.285714286,3_1_6_1_3_1_1
discount_tax_and_tip_word_problems,converting_decimals_to_fractions_2,3.142857143,2_3_6_1_3_2_5,2.714285714,2_2_3_3_5_1_3,3.571428571,2_2_6_1_7_1_6
discount_tax_and_tip_word_problems,adding_decimals,3.142857143,3_2_6_1_5_1_4,1.571428571,1_1_2_3_1_1_2,3.571428571,2_2_5_1_9_1_5
discount_tax_and_tip_word_problems,adding_and_subtracting_complex_numbers,1.714285714,3_1_3_1_2_1_1,5.428571429,9_1_6_4_2_7_9,1.571428571,1_1_2_1_4_1_1
discount_tax_and_tip_word_problems,markup_and_commission_word_problems,7.571428571,7_7_9_7_8_7_8,4.857142857,7_4_5_4_5_4_5,7.142857143,6_6_9_7_9_8_5
fractions_cut_and_copy_2,dividing_fractions,5.6,6_6_4_8_5_7_8_3_5_4,4.3,6_3_4_2_2_2_7_7_4_6,5.5,6_5_4_6_4_9_8_3_6_4
fractions_cut_and_copy_2,fractions_cut_and_copy_1,8.4,9_9_9_8_9_9_9_8_6_8,4.2,5_4_5_3_2_5_5_5_4_4,8.3,9_9_9_7_9_9_9_7_6_9
fractions_cut_and_copy_2,adding_decimals_0.5,3.1,7_1_1_3_1_3_7_3_3_2,2.7,5_1_3_1_1_2_2_6_2_4,3.3,5_1_1_6_1_3_6_4_3_3
adding_and_subtracting_polynomials,exponents_1,2.75,3_1_1_4_3_2_2_6,1.875,1_1_1_2_5_1_1_3,5.25,6_1_9_7_4_7_3_5
adding_and_subtracting_polynomials,recognizing_conic_sections,1.375,1_1_1_1_2_1_2_2,1.875,3_1_1_1_2_1_3_3,3.125,1_1_9_1_3_7_2_1
writing_fractions_1,recognizing_fractions_0.5,7.727272727,8_9_7_7_8_9_9_8_5_7_8,3.727272727,1_3_5_3_3_3_5_3_5_5_5,7.363636364,8_9_7_5_8_9_7_7_5_7_9
writing_fractions_1,perimeter_of_combined_shapes,2.090909091,1_1_1_1_2_5_2_2_1_4_3,5.727272727,8_4_4_8_2_5_7_3_9_7_6,2.636363636,1_1_1_1_3_5_7_2_1_4_3
writing_fractions_1,number_properties_terminology_1,1.727272727,1_1_1_2_2_2_1_3_1_3_2,4.181818182,2_5_5_4_2_7_5_5_5_3_3,2.272727273,1_1_1_3_2_2_5_3_3_2_2
writing_fractions_1,order_of_operations,4.363636364,2_1_7_6_3_4_4_7_9_3_2,6.363636364,7_7_5_6_6_7_6_7_5_7_7,3.454545455,1_1_2_4_4_6_4_2_9_4_1
writing_fractions_1,subtracting_fractions_with_common_denominators,4.909090909,5_2_7_7_2_4_5_4_5_6_7,4.363636364,5_3_2_1_2_6_5_5_5_7_7,4.090909091,5_2_6_5_3_5_5_1_5_6_2
comparing_improper_fractions_and_mixed_numbers,converting_mixed_numbers_and_improper_fractions,7.090909091,6_4_8_7_7_5_9_8_9_6_9,4.181818182,5_1_4_5_5_5_5_5_4_3_4,7.272727273,6_5_9_8_7_5_9_8_8_6_9
comparing_improper_fractions_and_mixed_numbers,ordering_improper_fractions_and_mixed_numbers,8.272727273,8_9_9_9_9_5_9_7_9_8_9,5.727272727,5_6_6_5_6_5_6_5_6_7_6,5.909090909,5_9_8_7_5_5_8_8_3_3_4
comparing_improper_fractions_and_mixed_numbers,simplifying_fractions,5.545454545,6_3_3_5_8_5_9_6_3_6_7,3,4_1_3_2_5_2_1_5_3_4_3,6.090909091,6_5_6_4_7_6_9_8_5_5_6
comparing_improper_fractions_and_mixed_numbers,triangle_angles_1,1.636363636,3_1_1_1_2_3_1_3_1_1_1,3,4_4_1_4_6_1_1_5_4_2_1,2.454545455,2_1_1_1_4_8_2_3_1_2_2
comparing_improper_fractions_and_mixed_numbers,fractions_on_the_number_line_2,6.545454545,4_7_2_8_8_7_9_6_9_5_7,2.909090909,2_3_1_3_5_2_1_5_6_3_1,6.272727273,7_7_2_6_6_7_9_6_6_6_7
addition_4,arithmetic_word_problems_1,5.888888889,8_4_2_8_6_5_6_6_8,3.666666667,1_6_3_2_6_2_3_3_7,4.666666667,7_4_2_8_3_4_5_7_2
addition_4,adding_decimals,6.555555556,6_8_6_8_4_7_6_7_7,4.444444444,1_5_6_8_3_5_4_2_6,4,3_5_1_2_6_3_5_8_3
addition_4,addition_2,7.888888889,8_8_9_7_8_8_7_9_7,2.111111111,1_4_3_1_3_3_2_1_1,7.444444444,7_6_9_9_8_7_8_9_4
addition_4,multiplication_0.5,2.777777778,2_3_1_2_4_3_2_3_5,2.111111111,1_4_4_1_4_2_1_1_1,3.111111111,1_4_1_2_6_3_3_7_1
addition_4,representing_numbers,4.666666667,2_7_4_8_3_2_4_6_6,1.888888889,2_3_2_1_2_2_3_1_1,4.666666667,3_7_1_8_5_3_5_9_1
graphing_parabolas_1,solving_quadratics_by_taking_the_square_root,4.833333333,7_3_2_6_6_8_6_2_2_5_3_8,3.166666667,2_2_1_4_5_5_3_1_3_3_4_5,5.583333333,8_4_2_7_7_8_6_1_3_7_6_8
graphing_parabolas_1,vertex_of_a_parabola,7,6_8_8_8_7_8_7_7_4_5_8_8,5.416666667,7_6_3_7_7_6_7_4_5_3_5_5,7.083333333,7_8_8_9_6_7_6_8_6_6_6_8
graphing_parabolas_1,graphing_parabolas_0.5,7.083333333,6_7_8_8_7_5_9_9_4_6_7_9,4.333333333,7_6_2_6_7_1_5_3_4_3_4_4,5.916666667,2_4_7_8_3_6_6_9_5_6_6_9
addition_2,subtraction_1,5.75,7_2_2_8_8_6_6_7,2.625,2_2_1_1_7_1_4_3,6.125,4_6_7_6_5_9_6_6
addition_2,decimals_on_the_number_line_1,2.375,1_1_3_1_3_3_3_4,4.125,4_6_8_1_7_2_3_2,2.5,1_1_1_1_5_5_4_2
addition_2,number_line,2.625,2_1_5_1_3_1_3_5,2.25,1_2_2_1_5_1_3_3,3.25,2_1_6_1_3_4_4_5
addition_2,addition_1,8.25,9_9_9_9_9_6_7_8,3.125,2_4_1_4_5_1_4_4,8.625,9_9_9_9_8_9_7_9
addition_1,subtraction_1,7.461538462,6_9_6_8_9_7_9_9_5_7_5_9_8,4.923076923,5_5_5_5_5_5_5_5_5_3_5_5_6,7.384615385,8_9_6_4_9_7_9_9_5_7_5_9_9
addition_1,percentage_word_problems_1,1.846153846,1_1_1_1_2_4_2_1_2_3_3_1_2,8.307692308,9_9_9_9_9_7_9_6_9_8_7_8_9,1.538461538,1_1_1_1_1_3_1_3_1_3_2_1_1
arithmetic_word_problems,arithmetic_word_problems_1,4.545454545,2_6_4_4_7_1_6_6_5_5_4,2.636363636,1_6_1_1_2_1_1_6_3_4_3,5.181818182,8_7_4_2_7_1_5_8_6_6_3
arithmetic_word_problems,arithmetic_word_problems_2,7.181818182,4_6_9_8_9_8_7_7_6_7_8,3.545454545,2_3_2_6_5_2_2_5_5_4_3,7.272727273,7_7_7_3_9_8_8_8_7_8_8
arithmetic_word_problems,division_1,6.636363636,7_4_6_7_6_8_9_8_8_5_5,1.636363636,1_3_1_3_1_1_1_1_3_2_1,5.363636364,8_5_5_8_3_2_8_7_7_5_1
division_0.5,measuring_segments,1.777777778,3_4_1_1_1_1_1_1_3,2.888888889,1_3_2_5_1_3_1_4_6,3,3_7_1_1_8_1_1_1_4
division_0.5,multiplication_0.5,6.111111111,8_7_8_3_2_5_8_6_8,3.111111111,3_1_1_5_1_5_3_5_4,7.444444444,6_9_7_7_8_5_8_9_8
division_0.5,multiplication_1.5,5.222222222,5_6_7_3_2_4_7_6_7,3.888888889,1_3_3_6_2_6_2_6_6,6.111111111,6_7_9_6_9_1_5_8_4
division_0.5,multiplication_1,5,6_6_7_2_1_5_7_5_6,3.444444444,5_3_2_5_1_5_3_5_2,6.888888889,6_7_9_6_8_5_7_7_7
division_0.5,perimeter_1,1.333333333,1_4_1_1_1_1_1_1_1,3,1_2_2_6_1_6_1_6_2,2.777777778,1_8_1_1_8_1_1_1_3
division_0.5,division_1,8.555555556,9_9_9_9_9_9_6_9_8,5,5_5_5_5_5_5_5_5_5,7.666666667,9_6_7_9_9_9_6_9_5
division_0.5,division_0.9,9,9_9_9_9_9_9_9_9_9,4.888888889,5_4_5_5_5_5_5_5_5,8,7_8_8_9_8_9_9_9_5
metric_weight_unit_word_problem,metric_weight_unit_selection,6.777777778,6_6_7_7_7_7_8_6_7,2.777777778,5_8_2_2_1_4_1_1_1,6.333333333,6_1_5_6_9_8_8_6_8
metric_weight_unit_word_problem,vertical_angles,1.111111111,1_1_1_1_1_1_1_2_1,2.444444444,5_1_1_4_1_4_1_3_2,1.333333333,2_1_1_1_1_2_1_1_2
metric_weight_unit_word_problem,rounding_numbers,1.666666667,1_1_1_1_1_2_1_4_3,1.888888889,1_2_1_2_1_3_1_3_3,1.777777778,2_1_1_1_1_3_1_4_2
metric_weight_unit_word_problem,writing_expressions_1,2.666666667,2_1_1_1_3_7_1_7_1,4,2_2_4_7_1_4_4_4_8,2.222222222,3_1_1_1_1_4_1_6_2
metric_weight_unit_word_problem,metric_area_unit_comparison,5.444444444,3_8_1_2_8_8_4_6_9,4.444444444,5_1_6_7_5_5_2_4_5,4.111111111,1_8_1_1_3_7_5_6_5
metric_weight_unit_word_problem,metric_weight_unit_conversion,7.111111111,4_8_7_7_8_7_8_7_8,3.333333333,3_1_2_6_2_3_5_4_4,7.444444444,6_8_6_7_8_8_9_7_8
perimeter_of_combined_shapes,perimeter_1,7.7,7_9_7_9_8_7_6_9_7_8,3.7,1_5_4_4_1_2_7_5_5_3,7.3,6_9_6_9_9_8_7_6_7_6
perimeter_of_combined_shapes,perimeter_deduction,7,6_8_7_7_8_8_4_8_7_7,4.5,3_5_5_7_4_3_4_5_5_4,7.3,6_9_6_8_7_7_6_7_8_9
perimeter_of_combined_shapes,number_properties_terminology_1,2.3,1_1_1_1_1_7_2_6_1_2,4.5,7_4_7_5_2_5_2_4_5_4,3.4,1_1_3_1_4_4_8_8_1_3
perimeter_of_combined_shapes,order_of_operations,2.6,1_2_2_3_1_6_2_2_2_5,6.2,8_6_5_6_9_5_7_4_5_7,2.6,1_1_2_2_1_6_3_6_2_2
perimeter_of_combined_shapes,arithmetic_reasoning,4,1_1_5_1_8_6_2_8_3_5,6.3,9_9_5_8_9_4_6_5_3_5,3,1_1_4_1_1_7_3_7_2_3
new_definitions_1,functions_2,4.6,6_4_5_3_7_3_4_6_2_6,4.9,3_4_6_8_5_6_2_8_3_4,3.9,7_4_3_3_7_2_5_2_3_3
new_definitions_1,linear_equations_2,6.1,8_6_6_7_7_6_4_3_7_7,2.7,2_3_4_3_3_2_1_2_4_3,5.6,8_7_3_8_6_2_6_1_8_7
new_definitions_1,linear_equations_3,5.9,8_6_6_8_7_3_3_4_7_7,3.7,3_4_4_5_5_3_2_4_5_2,4.6,8_7_3_5_2_2_5_1_7_6
new_definitions_1,absolute_value_equations,4.4,7_6_4_5_4_1_4_1_6_6,5.7,4_5_8_6_5_6_4_9_7_3,4,4_6_2_5_4_3_4_1_6_5
new_definitions_1,new_definitions_2,8.1,8_7_9_8_7_9_8_8_9_8,6.2,7_5_5_8_5_6_6_9_5_6,3.9,2_5_5_2_2_8_2_2_7_4
volume_container_hight,volume_box_cover,6.888888889,7_5_8_6_7_8_6_7_8,5.666666667,5_9_5_5_8_7_4_3_5,6.111111111,5_3_8_4_5_8_6_7_9
volume_container_hight,volume_box,6.222222222,4_6_8_6_7_8_3_6_8,4.888888889,6_9_5_4_4_3_6_2_5,6.555555556,4_3_8_6_8_7_6_8_9
volume_container_hight,area_of_squares_and_rectangles,5.555555556,7_6_3_7_6_7_4_6_4,1.777777778,2_1_1_2_1_1_6_1_1,5.777777778,8_5_1_7_4_9_9_8_1
volume_container_hight,multiplying_fractions_0.5,1.888888889,4_2_1_1_1_1_4_2_1,2.888888889,2_1_2_1_1_3_9_6_1,2.444444444,4_1_1_2_1_2_7_3_1
volume_of_rectangular_boxes,area_of_triangles_1,4.571428571,6_6_5_3_5_4_6_5_4_4_3_4_6_3,4.428571429,2_8_6_6_5_1_6_4_2_5_7_4_2_4,4,7_3_3_4_7_2_3_5_3_6_2_4_6_1
volume_of_rectangular_boxes,areas_of_trapezoids,5.071428571,5_6_6_4_9_5_2_4_3_5_7_4_7_4,5.071428571,2_7_5_4_5_5_8_4_8_5_7_4_3_4,4.214285714,7_3_6_3_7_4_1_4_3_5_3_6_6_1
volume_of_rectangular_boxes,volume_of_triangular_prisms,6.214285714,7_7_5_8_9_5_4_6_4_4_7_6_7_8,6.785714286,7_8_8_6_5_7_6_7_8_7_7_7_6_6,3.928571429,3_3_5_4_4_6_4_2_4_3_3_3_7_4
volume_of_rectangular_boxes,area_of_squares_and_rectangles,6.5,6_7_7_7_9_6_9_7_8_4_4_7_6_4,2.571428571,2_2_4_3_5_2_4_3_1_2_2_2_3_1,6.714285714,7_9_7_8_7_8_9_7_8_7_7_3_6_1
volume_of_rectangular_boxes,area_1,6.428571429,6_8_7_6_9_6_8_7_8_4_4_6_7_4,2.428571429,2_1_4_2_5_1_4_2_2_2_3_2_3_1,7.214285714,8_9_7_7_7_7_9_9_7_8_8_8_6_1
new_definitions_2,new_definitions_1,7.7,3_7_9_9_9_9_8_6_9_8,3.2,3_2_3_2_5_4_2_3_4_4,7.9,7_7_9_9_9_8_8_6_7_9
new_definitions_2,linear_equations_3,5,6_6_7_2_6_7_3_7_3_3,2.5,3_1_2_1_3_4_2_2_4_3,4.8,3_8_8_1_7_6_3_7_3_2
new_definitions_2,negative_number_word_problems,2.1,3_2_3_1_2_1_1_2_3_3,2.1,1_2_2_1_4_1_3_2_4_1,2.5,2_8_4_1_3_1_1_1_3_1
time_units_transformation_3,time_units_transformation_2,7.181818182,6_9_4_5_8_7_7_9_8_7_9,4.272727273,8_5_2_2_4_5_6_6_1_4_4,6.636363636,7_9_8_7_8_6_5_4_4_7_8
time_units_transformation_3,time_units_transformation_1,8.181818182,9_9_9_7_9_5_7_9_9_9_8,4.909090909,5_5_5_5_5_5_5_5_5_5_4,7.090909091,9_9_5_5_9_5_7_5_8_8_8
time_units_transformation_3,division_3,4,6_3_1_2_1_5_2_2_8_7_7,4.272727273,3_4_2_3_4_5_5_9_5_3_4,4,6_2_2_2_1_5_3_2_7_7_7
time_units_transformation_3,time_word_problem_2,7.090909091,6_8_9_6_7_4_6_9_9_7_7,4.909090909,5_5_6_6_4_1_5_7_7_4_4,5.363636364,3_7_4_4_6_9_7_3_4_4_8
time_units_transformation_2,time_units_transformation_3,8.3,8_7_9_9_8_8_9_9_8_8,5.5,4_6_6_5_4_5_5_5_8_7,5.4,4_3_4_8_8_7_5_8_4_3
time_units_transformation_2,time_units_transformation_1,8.2,7_7_9_9_8_8_9_9_8_8,4.4,5_5_3_5_3_5_5_5_3_5,7.8,6_6_9_8_9_8_7_9_7_9
time_units_transformation_2,division_3,4.2,6_4_6_2_1_1_7_1_7_7,5.5,3_3_4_9_4_9_5_7_7_4,3.7,3_6_6_2_1_1_5_1_4_8
time_units_transformation_2,time_word_problem_2,6.2,4_8_8_7_4_7_2_6_9_7,5.1,1_7_7_5_4_5_8_7_3_4,4.3,4_2_3_6_4_4_3_2_8_7
time_units_transformation_1,time_units_transformation_3,8.846153846,9_8_9_9_9_9_9_9_8_9_9_9_9,5.230769231,6_5_5_6_5_5_5_5_5_5_6_5_5,6.846153846,4_8_9_5_4_9_9_9_9_6_4_8_5
time_units_transformation_1,division_word_problems_2,4.923076923,7_7_6_2_7_1_1_7_7_4_6_3_6,5.461538462,6_3_8_6_5_6_6_6_5_9_6_2_3,3.692307692,4_8_6_1_4_2_1_7_5_1_2_3_4
time_units_transformation_1,telling_time_comparing,8.153846154,8_8_9_8_8_8_8_9_8_9_8_7_8,5.615384615,6_7_5_5_5_6_6_5_5_7_5_5_6,4.923076923,3_4_9_7_3_8_5_3_8_2_3_6_3
time_units_transformation_1,multiplication_2,4.461538462,7_3_7_2_8_1_4_4_4_3_4_5_6,3.384615385,4_3_1_3_5_3_4_5_2_1_7_3_3,4.692307692,3_8_7_3_8_2_2_3_5_6_3_7_4
time_units_transformation_1,time_word_problem_2,7.153846154,7_7_7_7_7_7_7_7_8_9_8_5_7,5.538461538,7_5_6_6_6_6_5_3_4_9_6_5_4,5.076923077,3_3_8_5_3_6_4_4_8_1_7_6_8
number_line,decimals_on_the_number_line_1,8.7,9_8_9_9_9_8_9_9_9_8,4.7,7_2_1_5_5_6_5_5_5_6,6.1,2_9_8_6_8_4_9_3_8_4
number_line,addition_2,3.4,7_3_2_2_2_1_2_8_3_4,4.3,7_1_1_6_4_6_8_1_3_6,3.4,4_5_2_2_3_2_1_8_5_2
linear_equations_4,linear_equations_1,7.285714286,8_7_8_7_7_6_8,1.857142857,1_1_1_2_2_3_3,6.571428571,7_5_8_6_8_6_6
linear_equations_4,linear_equations_2,8.142857143,7_8_8_9_8_8_9,2.714285714,4_2_1_3_4_1_4,7.571428571,6_7_9_8_9_6_8
linear_equations_4,linear_equations_3,8.428571429,9_8_8_9_8_8_9,4.714285714,7_4_4_4_5_4_5,8.285714286,6_9_9_9_9_7_9
linear_equations_4,expressions_with_unknown_variables,3.571428571,4_1_6_2_1_4_7,5.571428571,3_8_7_6_6_6_3,3.714285714,5_1_3_3_1_4_9
linear_equations_4,subtraction_3,2.142857143,3_1_6_1_1_2_1,1.428571429,1_1_3_2_1_1_1,1.285714286,1_1_3_1_1_1_1
linear_equations_4,age_word_problems,5.428571429,4_3_7_6_5_7_6,5.857142857,7_7_4_7_7_6_3,5.428571429,5_2_7_4_5_7_8
linear_equations_4,mean_median_and_mode,1.571428571,2_1_2_1_1_2_2,1.857142857,1_1_2_3_1_4_1,1.428571429,2_1_1_1_1_2_2
number_properties_terminology_1,number_line_3,2.928571429,3_1_4_1_5_4_3_1_2_4_6_3_2_2,3.928571429,4_4_5_2_3_2_5_4_5_1_5_2_7_6,3.714285714,4_1_4_1_6_4_7_1_3_8_7_3_2_1
number_properties_terminology_1,division_4,2.5,3_1_2_1_4_4_2_1_3_3_6_3_1_1,5.571428571,3_4_9_3_3_3_5_8_6_8_5_8_8_5,2.714285714,6_1_1_1_5_6_3_1_2_2_7_1_1_1
number_properties_terminology_1,exponents_1,2.214285714,3_1_4_1_6_3_1_1_1_1_6_1_1_1,5.714285714,6_2_9_2_5_7_1_3_7_5_9_7_8_9,2.5,3_1_1_1_6_4_5_1_1_2_6_2_1_1
number_properties_terminology_1,multiplying_and_dividing_negative_numbers,3.642857143,3_1_2_1_5_3_2_1_4_9_7_4_6_3,3.785714286,3_3_5_2_4_1_5_4_5_1_5_7_2_6,3.642857143,4_1_2_1_6_6_3_1_3_9_7_3_2_3
number_properties_terminology_1,order_of_operations,5.571428571,4_4_2_4_7_8_4_3_8_8_6_6_7_7,5.357142857,4_6_3_8_6_5_3_6_6_3_4_7_8_6,4.5,5_2_3_1_7_8_4_4_7_7_7_3_1_4
ratio_word_problems,expressing_ratios_as_fractions,6.923076923,6_7_5_6_8_8_9_8_5_7_6_8_7,3.153846154,2_2_1_4_5_3_4_3_2_3_4_4_4,6.923076923,6_7_6_7_8_6_9_7_6_8_6_7_7
ratio_word_problems,proportions_1,6.769230769,3_7_8_4_9_7_7_9_6_8_5_8_7,3.307692308,3_2_1_2_4_7_1_2_6_4_3_5_3,6.538461538,4_8_8_3_8_4_7_9_6_9_4_7_8
ratio_word_problems,simplifying_fractions,4.692307692,4_6_2_2_7_4_4_6_6_3_4_6_7,2.153846154,1_2_1_1_5_1_1_2_3_2_3_4_2,4.461538462,2_8_1_3_7_3_3_6_7_4_4_6_4
ratio_word_problems,ratio_money,4.923076923,2_6_3_3_6_2_5_8_5_3_7_7_7,5.384615385,3_7_8_4_6_9_6_2_2_3_6_7_7,4.076923077,4_3_3_5_4_1_7_8_3_2_2_7_4
ratio_word_problems,rate_problems_0.5,5.923076923,3_7_6_4_9_4_6_7_6_9_7_3_6,3.461538462,1_2_1_3_5_1_4_3_5_5_6_5_4,5.153846154,3_8_2_4_9_2_7_8_4_8_3_4_5
adding_and_subtracting_decimals_word_problems,decimals_on_the_number_line_2,4.333333333,3_7_2_4_4_6,2.333333333,5_2_1_1_2_3,5.166666667,4_8_2_5_5_7
adding_and_subtracting_decimals_word_problems,subtracting_decimals_0.5,8.166666667,6_8_9_9_9_8,3.333333333,2_4_5_1_5_3,8,4_8_9_9_9_9
adding_and_subtracting_decimals_word_problems,subtracting_decimals,8.5,7_8_9_9_9_9,3.333333333,2_4_5_1_5_3,8.333333333,6_8_9_9_9_9
adding_and_subtracting_decimals_word_problems,estimation_with_decimals,4.833333333,4_4_3_7_3_8,5.833333333,3_6_7_6_7_6,4.166666667,5_4_2_4_5_5
adding_and_subtracting_decimals_word_problems,hundred_million_adding_and_subtracting,5.166666667,5_1_2_8_6_9,6.333333333,3_7_9_6_8_5,3,5_1_1_3_3_5
adding_and_subtracting_decimals_word_problems,time_word_problem_1,4.166666667,4_6_3_3_4_5,5,2_4_5_8_5_6,3.166666667,4_4_2_2_4_3
percentage_word_problems_2,converting_percents_to_decimals,5.928571429,4_2_4_7_8_4_5_6_6_7_9_7_6_8,2.142857143,4_1_3_1_1_2_1_1_2_1_5_3_2_3,6.857142857,7_3_7_7_5_6_8_5_8_9_9_7_7_8
percentage_word_problems_2,arithmetic_word_problems,5.357142857,6_7_6_7_2_3_5_3_3_8_8_6_4_7,3.071428571,4_3_3_1_1_3_2_2_2_1_5_5_7_4,5.357142857,7_6_6_7_1_6_8_2_3_9_9_6_2_3
percentage_word_problems_2,percentage_word_problems_1,7.857142857,8_8_6_9_9_9_9_9_4_9_7_9_6_8,3.428571429,3_3_3_5_2_5_1_1_5_1_5_5_4_5,8.357142857,8_7_7_9_9_9_9_9_8_9_8_8_8_9
multiplication_4,addition_4,3.166666667,2_2_4_3_4_4,2.333333333,1_2_2_3_4_2,2.833333333,2_2_4_3_4_2
multiplication_4,multiplying_decimals,7.666666667,8_8_8_8_6_8,7.166666667,8_5_8_8_7_7,4.666666667,7_8_6_2_2_3
multiplication_4,multiplication_3,8.166666667,9_9_9_9_5_8,5,5_5_5_5_5_5,7,9_9_9_5_5_5
multiplication_4,multiplication_2,7.833333333,8_9_9_7_6_8,3,1_4_1_4_4_4,7.333333333,8_9_8_4_6_9
multiplication_3,addition_4,3.625,4_3_3_2_3_5_6_3,2.375,2_2_2_2_3_3_2_3,5,5_3_2_6_6_6_8_4
multiplication_3,multiplication_1.5,7.75,8_8_6_8_9_7_8_8,2.125,2_3_2_1_4_2_1_2,8.625,9_7_8_9_9_9_9_9
multiplication_3,arithmetic_word_problems_2,5,5_4_4_4_7_2_6_8,2.5,1_2_3_6_3_2_1_2,5.125,4_4_4_4_7_3_9_6
multiplication_3,multiplication_2,8,8_8_8_8_8_8_8_8,2.25,2_3_2_1_3_2_2_3,8.125,9_7_9_8_7_9_8_8
multiplication_3,multiplication_4,8.875,9_8_9_9_9_9_9_9,5.25,5_5_6_5_5_5_5_6,6,9_5_4_5_8_9_5_3
multiplication_1,addition_2,3.666666667,2_3_6_4_5_4_1_4_4,3.666666667,1_5_2_4_1_5_5_4_6,4.333333333,3_2_4_6_4_7_2_6_5
multiplication_1,number_properties_terminology_1,1.555555556,1_2_3_1_1_1_1_3_1,5,1_5_7_6_1_5_5_6_9,2.222222222,2_2_3_1_3_3_1_4_1
multiplication_1,multiplication_1.5,8.444444444,8_9_9_8_9_8_8_9_8,7.222222222,7_9_7_6_9_7_6_6_8,3.666666667,4_2_3_6_4_2_6_4_2
multiplication_1,multiplication_0.5,9,9_9_9_9_9_9_9_9_9,4.444444444,5_5_1_5_5_5_5_5_4,8.777777778,8_9_8_9_9_9_9_9_9
multiplication_1,division_1,6.444444444,7_4_6_7_8_6_5_7_8,5.666666667,6_5_7_5_6_5_5_6_6,5.222222222,6_2_3_7_6_5_7_7_4
multiplication_1,arithmetic_reasoning,2.111111111,3_1_3_1_1_3_1_4_2,7.444444444,7_9_8_7_7_6_9_8_6,2.222222222,3_1_2_1_1_4_1_4_3
understanding_moving_the_decimal,distributive_property,2,3_1_3_1_2_1_3,4.571428571,1_5_6_6_5_4_5,2.142857143,2_1_3_1_4_1_3
understanding_moving_the_decimal,identifying_points_2,1.571428571,1_1_2_1_2_1_3,5.285714286,3_8_6_6_3_7_4,2.857142857,4_1_2_1_6_1_5
understanding_moving_the_decimal,multiplying_decimals,5.142857143,5_3_6_6_5_4_7,7,4_9_7_7_7_9_6,3.142857143,6_2_3_4_3_1_3
understanding_moving_the_decimal,volume_unit_conversion,4.857142857,5_3_4_6_7_1_8,6.428571429,2_7_8_7_6_8_7,2.857142857,6_1_2_2_5_1_3
understanding_moving_the_decimal,multiplying_fractions_word_problems,3.714285714,7_1_4_1_5_2_6,6.285714286,6_6_7_6_6_6_7,2.142857143,4_1_2_1_3_1_3
understanding_moving_the_decimal,integers_multiply_decimals,5.714285714,6_3_7_6_6_4_8,6.571428571,3_9_8_6_6_8_6,3.571428571,6_2_4_4_4_2_3
ordering_negative_numbers,number_line_2,3.7,1_9_1_4_7_1_7_1_2_4,2.5,3_3_1_2_4_1_2_3_4_2,4.2,3_7_1_8_5_2_9_2_2_3
ordering_negative_numbers,number_line_3,5.3,6_8_1_4_7_1_7_8_4_7,3.3,4_3_2_2_5_1_4_3_5_4,5.7,6_7_1_8_5_2_6_8_5_9
ordering_negative_numbers,subtracting_decimals,3.7,1_4_1_3_7_1_6_6_5_3,5.4,6_6_7_2_7_6_6_7_5_2,3.3,1_4_1_5_5_1_4_4_5_3
ordering_negative_numbers,adding_negative_numbers,5.2,4_7_2_4_8_5_6_6_4_6,3.9,4_6_1_2_5_4_5_4_4_4,5.4,4_4_1_8_7_6_6_7_4_7
divisibility,prime_factorization,6.272727273,3_7_8_8_3_9_7_4_6_5_9,2.818181818,2_1_2_3_2_1_5_4_3_4_4,6.636363636,3_6_8_8_4_9_7_6_7_6_9
divisibility,prime_numbers,5.454545455,4_7_4_6_2_9_7_4_3_6_8,2.363636364,2_2_1_3_1_1_2_4_2_4_4,7,4_6_9_7_3_9_8_7_9_6_9
divisibility,least_common_multiple_and_greatest_common_divisor_word_problems,6.909090909,7_7_8_8_5_9_6_4_8_5_9,6.181818182,8_6_7_3_6_9_7_6_5_4_7,5.727272727,7_7_3_8_6_1_8_6_8_6_3
divisibility,composite_numbers,6.090909091,6_6_8_7_4_8_6_4_4_6_8,2.818181818,3_2_2_3_2_1_5_4_1_4_4,6.545454545,4_5_8_8_3_9_6_6_8_6_9
fractions_on_the_number_line_3,converting_mixed_numbers_and_improper_fractions,6.214285714,6_2_7_7_6_2_8_3_8_8_9_6_7_8,4.642857143,4_1_6_3_6_6_4_8_2_1_6_7_7_4,5.857142857,7_2_7_7_3_3_7_2_8_9_9_7_2_9
fractions_on_the_number_line_3,decimals_on_the_number_line_2,7.714285714,7_9_6_8_9_9_9_9_6_9_6_7_7_7,4.928571429,3_5_3_8_5_5_5_5_2_8_5_5_5_5,6.857142857,8_5_7_7_9_9_7_9_7_2_9_7_5_5
fractions_on_the_number_line_3,fractions_on_the_number_line_2,8.428571429,8_9_7_8_9_9_9_9_9_9_9_7_7_9,5.428571429,3_5_7_5_5_5_5_5_5_9_5_5_7_5,6.785714286,4_5_8_8_9_9_9_9_9_1_9_8_2_5
corresponding_angles,congruent_angles,8.142857143,7_8_8_9_9_8_8,6.142857143,6_5_6_8_5_8_5,7.142857143,8_9_4_3_9_8_9
corresponding_angles,measuring_segments,1.142857143,1_1_1_1_1_1_2,4.285714286,6_2_4_5_5_6_2,1.428571429,1_1_1_1_1_4_1
corresponding_angles,alternate_interior_angles,7.142857143,7_8_8_9_8_2_8,5.285714286,5_6_6_5_5_5_5,7.857142857,9_8_7_9_9_4_9
corresponding_angles,segment_addition,1.285714286,1_1_1_1_1_1_3,6.857142857,9_7_4_7_8_7_6,1.428571429,1_1_1_1_1_3_2
corresponding_angles,same_side_interior_angles,7.428571429,7_7_9_6_8_7_8,5.857142857,8_6_5_5_5_7_5,7.571428571,8_8_7_8_9_4_9
areas_of_rhombi,congruent_triangles_1,3.727272727,1_6_1_7_5_2_6_6_2_2_3,2.636363636,1_3_3_2_2_4_7_2_1_3_1,4.272727273,1_6_1_8_5_1_3_7_8_4_3
areas_of_rhombi,angles_1,3,1_4_1_6_5_1_2_6_3_2_2,4.363636364,7_3_6_8_2_6_6_2_2_3_3,3.818181818,1_4_1_7_4_1_4_7_7_4_2
areas_of_rhombi,areas_of_kites,7.909090909,9_9_9_8_7_8_6_9_7_7_8,4.363636364,5_5_5_2_3_5_5_5_5_3_5,7.363636364,9_5_9_8_8_9_5_5_8_7_8
areas_of_rhombi,solid_geometry,3.818181818,1_6_3_7_3_2_2_6_2_4_6,6.454545455,7_4_9_8_3_8_8_7_9_3_5,3.454545455,1_6_2_2_4_3_2_2_2_6_8
areas_of_rhombi,angles_2,2.363636364,1_3_1_3_3_1_1_4_2_3_4,4.090909091,3_3_6_3_2_6_8_4_3_4_3,4.181818182,4_6_1_4_4_1_2_8_8_3_5
subtracting_fractions_with_common_denominators,recognizing_fractions,6.5,6_9_5_7_7_7_3_6_7_8,1.6,1_1_2_1_2_1_1_2_3_2,7.1,6_9_7_9_6_6_8_7_7_6
subtracting_fractions_with_common_denominators,subtracting_fractions,7.7,9_9_8_6_7_6_8_6_9_9,7.1,6_6_8_8_6_9_7_7_5_9,3.8,4_3_6_1_4_5_2_3_9_1
subtracting_fractions_with_common_denominators,adding_fractions_with_common_denominators,8.5,9_7_9_8_8_9_9_8_9_9,5,5_5_5_5_5_5_5_5_5_5,8,9_7_9_5_7_9_7_9_9_9
subtracting_fractions_with_common_denominators,properties_of_numbers_2,3.7,4_3_4_3_6_3_4_4_3_3,2.1,1_3_3_2_2_1_1_1_4_3,4.6,4_7_3_6_5_2_7_2_5_5
subtracting_fractions_with_common_denominators,order_of_operations,4.9,1_6_5_6_7_4_3_4_7_6,6.6,8_5_7_7_7_7_6_7_5_7,3.3,1_6_2_2_4_3_3_4_6_2
rate_problems_1,midpoint_formula,2.7,1_1_3_1_4_1_6_2_4_4,2.5,1_3_1_1_8_2_1_3_3_2,2.5,1_1_2_1_3_2_3_4_7_1
rate_problems_1,rate_problems_2,6.6,6_8_3_5_9_6_9_7_4_9,3.6,1_2_3_1_4_1_6_5_6_7,5.7,6_7_5_5_9_5_5_6_6_3
rate_problems_1,rate_problems_0.5,6.6,6_8_3_5_9_6_9_7_4_9,1.4,2_1_1_1_1_1_1_2_2_2,6.9,6_7_4_4_9_7_7_8_8_9
rate_problems_1,speed_equal_to_distance_divide_time,7,9_7_4_6_9_8_9_7_3_8,2.9,5_2_3_2_1_1_2_2_7_4,7.5,9_7_6_7_9_9_6_7_6_9
metric_weight_unit_selection,metric_weight_unit_word_problem,3.714285714,2_1_7_5_2_2_7,6.857142857,8_8_7_8_8_2_7,3.714285714,3_1_5_2_8_3_4
metric_weight_unit_selection,metric_weight_unit_conversion,5.714285714,2_5_7_8_4_7_7,6,7_7_6_5_4_7_6,3.714285714,2_1_4_7_6_3_3
metric_weight_unit_selection,rounding_numbers,2.714285714,1_1_5_1_3_4_4,4.571428571,1_5_5_6_7_2_6,3.285714286,3_1_5_1_3_6_4
metric_weight_unit_selection,significant_figures_1,2.857142857,2_5_3_1_2_4_3,5.285714286,1_5_7_8_5_6_5,3.857142857,3_5_3_1_5_5_5
the_fundamental_theorem_of_arithmetic,prime_factorization,7.533333333,8_9_7_6_8_8_9_9_7_7_9_7_9_8_2,4.666666667,5_4_5_7_4_5_5_5_1_5_5_5_7_5_2,6.533333333,8_9_5_7_8_8_9_5_8_3_9_7_2_7_3
the_fundamental_theorem_of_arithmetic,greatest_common_divisor,5.666666667,6_5_5_6_8_7_2_7_5_4_8_6_9_5_2,4.533333333,4_4_5_3_4_6_2_4_5_6_6_4_6_7_2,4.533333333,6_7_5_7_5_6_2_3_4_4_3_6_3_6_1
the_fundamental_theorem_of_arithmetic,prime_numbers,6.8,7_8_7_7_7_2_9_8_6_8_8_7_8_7_3,3.266666667,5_6_3_3_2_1_1_5_1_5_1_3_4_7_2,6.2,6_8_7_7_7_3_9_3_7_4_9_7_6_6_4
the_fundamental_theorem_of_arithmetic,composite_numbers,6.666666667,6_8_6_6_7_3_9_7_7_8_8_7_8_8_2,3.866666667,5_5_4_3_3_2_1_7_2_5_1_5_7_6_2,5.6,6_8_6_7_6_4_9_3_6_4_9_6_2_7_1
alternate_exterior_angles_2,same_side_interior_angles_2,7.615384615,7_9_8_8_6_9_6_8_9_7_7_7_8,4.923076923,5_5_5_5_6_5_5_5_5_5_5_3_5,7.538461538,6_9_9_8_7_9_7_9_5_8_6_6_9
alternate_exterior_angles_2,congruent_angles,7.076923077,5_3_9_7_7_9_7_8_9_8_7_6_7,4,3_1_5_7_6_5_2_2_7_5_6_2_1,5.769230769,8_1_9_3_8_9_7_9_4_7_3_6_1
alternate_exterior_angles_2,alternate_interior_angles,8.230769231,8_9_9_8_7_9_9_9_9_8_7_8_7,3.769230769,3_5_1_3_4_5_5_3_5_5_5_4_1,7.230769231,8_9_8_8_8_9_9_9_5_7_5_8_1
alternate_exterior_angles_2,parallel_lines_2,7.615384615,7_8_8_7_7_9_7_7_9_7_7_8_8,4.538461538,5_5_2_5_6_1_5_5_5_5_5_5_5,7.461538462,7_9_8_5_7_9_8_9_6_8_7_6_8
alternate_exterior_angles_2,corresponding_angles_2,7.923076923,7_8_8_8_8_9_8_8_9_8_6_8_8,4.923076923,5_5_4_5_5_5_5_5_5_5_5_5_5,7.692307692,8_9_9_6_8_8_8_9_5_8_5_8_9
areas_of_circles_and_sectors,perimeter_of_combined_shapes,2.555555556,2_4_1_3_1_4_1_3_4,2.333333333,1_4_1_5_3_2_1_3_1,3.555555556,2_5_2_5_1_6_1_7_3
areas_of_circles_and_sectors,solid_geometry,3.444444444,3_3_3_4_1_6_1_7_3,4.666666667,2_2_3_8_6_6_7_5_3,3.666666667,3_3_6_3_1_3_2_6_6
areas_of_circles_and_sectors,area_of_a_circle,6.222222222,5_4_5_6_8_8_4_8_8,3.666666667,5_7_1_5_3_3_1_5_3,6.222222222,7_6_5_3_9_8_5_7_6
areas_of_circles_and_sectors,radians_to_degrees,4.666666667,7_5_1_5_3_6_1_7_7,4.111111111,4_3_1_8_6_3_1_7_4,4.444444444,6_4_1_3_4_7_1_5_9
areas_of_circles_and_sectors,area_of_parallelograms,3.555555556,3_3_3_4_2_5_1_7_4,2.111111111,1_2_1_4_3_4_1_1_2,4.333333333,2_2_5_5_4_7_2_9_3
areas_of_circles_and_sectors,angles_2,3.888888889,6_4_1_7_1_3_1_7_5,3.888888889,3_4_1_3_6_7_1_6_4,3.666666667,5_5_1_7_1_3_1_7_3
areas_of_circles_and_sectors,circles_and_arcs,6.555555556,8_6_5_7_7_6_3_9_8,3.888888889,5_4_2_3_4_5_3_5_4,7.222222222,8_6_7_8_6_8_5_9_8
converting_percents_to_decimals,adding_decimals_2,3.5,3_7_2_5_1_2_2_6,4.25,6_6_2_6_4_7_1_2,3.25,4_3_3_5_1_1_2_7
converting_percents_to_decimals,converting_decimals_to_fractions_1,6.75,8_8_7_3_8_4_8_8,4.25,3_5_4_5_6_4_2_5,6.75,6_6_7_5_8_5_9_8
converting_percents_to_decimals,number_line_2,3.125,7_2_4_1_1_1_6_3,3,6_3_1_3_2_3_3_3,3,5_1_2_1_2_1_6_6
converting_percents_to_decimals,converting_decimals_to_percents,8.875,9_9_9_9_8_9_9_9,5.25,5_5_6_5_5_5_6_5,8.125,9_7_9_9_8_9_9_5
converting_percents_to_decimals,converting_decimals_to_fractions_2,6.375,8_8_8_3_7_2_8_7,6.125,7_7_4_6_7_6_7_5,4.5,4_3_7_5_4_3_6_4
converting_percents_to_decimals,telling_time,2.25,7_1_1_1_1_1_5_1,2.625,1_7_1_2_2_3_4_1,2.75,7_1_1_1_1_1_6_4
converting_percents_to_decimals,markup_and_commission_word_problems,6.25,8_7_8_6_1_6_7_7,7,7_8_7_7_7_7_4_9,2.625,2_1_1_5_1_3_6_2
arithmetic_sequences_3,counting_1,4.545454545,5_4_3_2_1_7_5_5_7_3_8,3.272727273,3_6_2_3_1_4_6_2_4_4_1,4.181818182,7_4_2_3_1_8_6_6_5_3_1
arithmetic_sequences_3,counting_2,4.090909091,6_3_4_3_1_8_8_3_4_4_1,3.818181818,4_7_2_4_1_2_3_5_5_7_2,3.545454545,6_2_2_4_1_7_5_3_5_3_1
arithmetic_sequences_3,arithmetic_series_1,6.818181818,7_6_8_8_8_9_6_5_3_7_8,4.727272727,3_7_4_6_4_8_5_4_2_3_6,5.363636364,6_2_8_4_7_4_6_5_7_6_4
arithmetic_sequences_3,addition_4,1.727272727,4_2_1_1_1_3_1_2_1_2_1,1.181818182,1_1_1_2_1_2_1_1_1_1_1,2.090909091,1_2_1_1_1_3_1_2_8_2_1
arithmetic_sequences_3,permutations_1,2.545454545,2_5_1_1_1_2_6_3_2_4_1,4.909090909,6_6_1_6_1_8_6_4_5_6_5,2.818181818,3_3_1_1_1_2_5_4_5_4_2
logical_arguments_deductive_reasoning,rounding_numbers,1.428571429,1_1_1_1_1_3_2,3.571428571,6_2_1_1_6_6_3,2,1_1_1_1_5_4_1
logical_arguments_deductive_reasoning,converse_inverse_and_contrapositive,6.857142857,9_9_7_5_3_7_8,5.857142857,7_7_6_5_6_5_5,6.142857143,7_9_7_5_3_7_5
one_step_equations,linear_equations_1,7.428571429,8_8_7_8_5_8_8,5.714285714,5_6_5_6_5_8_5,5.857142857,8_7_7_7_5_2_5
one_step_equations,comparing_absolute_values,2,1_3_1_1_1_5_2,4,4_6_4_3_2_5_4,2.857142857,2_6_1_1_1_5_4
one_step_equations,multiplying_radicals,2,4_3_1_1_1_2_2,7.428571429,7_7_9_6_9_9_5,1.857142857,2_4_1_1_1_1_3
one_step_equations,adding_and_subtracting_fractions,2.428571429,2_4_1_1_1_5_3,6.428571429,5_6_7_4_9_7_7,2.142857143,2_3_1_1_1_3_4
one_step_equations,evaluating_expressions_1,6.571428571,6_7_5_8_4_9_7,4.428571429,3_5_5_4_5_5_4,6.714285714,6_7_4_8_5_9_8
one_step_equations,evaluating_expressions_2,6.428571429,5_7_6_7_4_9_7,6.285714286,7_6_6_6_7_7_5,5.142857143,4_7_5_7_3_2_8
one_step_equations,graphing_points_2,3.142857143,3_3_1_1_1_6_7,4,3_5_1_4_6_5_4,2.857142857,3_3_1_1_1_6_5
derivative_intuition,degrees_to_radians,2.25,4_1_4_1_1_3_3_1,2.875,3_1_8_3_1_3_3_1,2.125,5_1_3_1_1_3_2_1
derivative_intuition,derivatives_1,7.25,7_7_7_8_4_9_8_8,4.75,8_5_5_4_3_3_4_6,6,3_7_3_8_5_9_8_5
derivative_intuition,limits_1,6.25,6_7_6_6_3_9_7_6,4.25,6_5_5_4_2_2_7_3,5.375,4_7_3_6_2_8_7_6
derivative_intuition,limits_2,5,4_7_5_4_1_6_7_6,5,2_5_9_6_2_6_7_3,4.375,5_7_1_2_1_7_6_6
rounding_numbers,rounding_whole_numbers,8,8_7_8_9_8_7_9_8_9_8_7_8,4.25,5_6_3_5_4_5_5_3_5_3_4_3,6.416666667,2_3_7_9_8_5_8_7_8_6_6_8
rounding_numbers,metric_weight_unit_conversion,2.416666667,4_3_3_1_1_3_1_2_1_2_6_2,4.5,2_7_5_4_7_1_5_2_7_5_3_6,3.416666667,3_4_7_1_1_5_1_3_6_2_6_2
rounding_numbers,estimation_with_decimals,6.833333333,6_6_7_8_7_3_7_8_8_7_7_8,6.666666667,6_7_7_8_7_5_8_8_5_6_6_7,3.5,3_3_2_6_6_2_4_3_5_2_4_2
rounding_numbers,place_value,4.916666667,7_4_7_3_4_4_2_8_1_6_6_7,2.416666667,4_2_2_1_3_1_1_3_5_2_2_3,5.333333333,7_7_8_2_6_7_1_8_3_2_8_5
multiplying_polynomials,factoring_difference_of_squares_1,5.545454545,6_7_4_6_6_7_3_5_4_6_7,3.363636364,1_3_6_5_2_2_4_4_2_3_5,6.181818182,7_5_3_5_5_7_6_6_8_7_9
multiplying_polynomials,interpreting_linear_equations,2.181818182,4_1_1_1_1_2_1_3_3_3_4,2,3_1_3_1_1_1_1_2_2_3_4,3.454545455,7_1_1_1_1_6_2_4_7_4_4
multiplying_polynomials,multiplying_expressions_0.5,6.181818182,6_5_7_9_8_4_4_6_3_8_8,3,1_6_4_3_2_2_5_3_2_2_3,6.636363636,7_5_7_9_7_6_5_6_7_8_6
multiplying_polynomials,adding_and_subtracting_polynomials,5.090909091,5_1_7_7_2_6_9_5_3_6_5,3,5_1_2_2_2_3_5_4_1_4_4,6.181818182,6_2_7_7_3_7_8_7_8_6_7
multiplying_polynomials,multiplying_expressions_1,7.818181818,8_9_9_9_9_8_8_7_2_9_8,3.818181818,2_5_5_3_4_3_5_4_2_5_4,8,8_9_9_9_9_8_7_8_8_5_8
age_word_problems,functions_1,1.4,1_1_1_1_3,4.6,9_1_4_1_8,1.4,2_1_1_1_2
age_word_problems,linear_equations_1,4,5_2_4_3_6,2.2,1_1_2_1_6,3,5_1_1_4_4
age_word_problems,linear_equations_2,4.8,4_2_6_6_6,3.6,2_2_3_4_7,4.8,5_3_6_8_2
age_word_problems,linear_equations_3,5,6_2_6_5_6,3.2,2_2_2_2_8,4.4,5_3_6_7_1
age_word_problems,vertex_of_a_parabola,1.8,3_1_1_1_3,8.2,8_9_6_9_9,1.4,3_1_1_1_1
age_word_problems,adding_decimals_0.5,2.2,5_1_1_1_3,1.8,1_1_2_1_4,2.8,6_1_1_1_5
multiplication_1.5,division_0.5,5,6_7_3_2_9_6_4_3_4_3_8,3.636363636,5_2_1_2_1_1_7_2_7_5_7,3.818181818,3_5_2_2_8_6_2_5_2_4_3
multiplication_1.5,reading_tables_1,1.545454545,3_2_1_1_1_1_1_1_2_2_2,3.181818182,7_6_1_1_1_1_7_3_2_3_3,1.818181818,2_4_1_1_1_3_1_1_1_4_1
multiplication_1.5,multiplication_0.5,8.545454545,9_9_8_8_9_9_9_9_8_8_8,2.363636364,1_1_1_1_3_1_9_4_2_2_1,7,9_9_5_8_8_7_9_8_3_8_3
multiplication_1.5,multiplication_1,8.272727273,9_8_8_8_9_9_9_8_7_8_8,2.272727273,1_1_1_1_4_1_9_1_2_2_2,7.272727273,8_8_7_8_9_9_9_6_7_8_1
multiplication_1.5,multiplication_2,8.181818182,9_9_9_7_8_9_9_9_6_7_8,4.727272727,2_7_6_4_6_1_5_5_7_4_5,6.454545455,7_3_6_8_4_9_9_8_3_6_8
recognizing_fractions_0.5,alternate_interior_angles_2,1.888888889,1_1_1_1_1_3_1_7_1,6,1_8_9_6_1_5_9_9_6,1.666666667,1_1_1_1_1_3_1_4_2
recognizing_fractions_0.5,equivalent_fractions,5.777777778,6_6_4_6_8_6_5_3_8,5.666666667,1_7_5_6_5_6_6_7_8,3.444444444,6_1_3_4_8_3_2_2_2
recognizing_fractions_0.5,properties_of_numbers_2,1.555555556,3_1_1_1_1_1_1_4_1,2.888888889,1_2_5_5_1_2_4_1_5,3.444444444,2_7_1_5_1_3_1_6_5
recognizing_fractions_0.5,areas_of_circles_and_sectors,3.222222222,7_7_1_1_1_7_1_2_2,8.333333333,7_9_9_8_9_7_9_9_8,1.555555556,3_1_1_1_1_3_1_1_2
recognizing_fractions_0.5,area_1,2.111111111,5_1_1_1_2_5_1_1_2,4.555555556,2_2_5_6_1_6_6_8_5,2.555555556,6_3_1_1_3_4_1_2_2
recognizing_fractions_0.5,order_of_operations,3.111111111,3_7_2_1_1_5_1_7_1,7.333333333,5_7_8_7_8_7_8_9_7,2.555555556,7_1_1_1_1_5_1_3_3
recognizing_fractions_0.5,writing_fractions_1,6.555555556,8_8_7_8_1_7_6_7_7,6.333333333,7_7_6_6_5_6_6_8_6,4.666666667,6_1_5_7_7_4_5_4_3
subtraction_4,subtraction_2,8.555555556,8_9_9_9_8_9_9_8_8,1.666666667,2_1_1_1_2_1_2_3_2,8,8_8_7_8_9_9_9_6_8
subtraction_4,subtraction_3,8.666666667,9_9_7_9_9_9_9_9_8,3.333333333,4_5_5_2_3_1_2_4_4,8.666666667,9_8_9_9_9_9_9_7_9
subtraction_4,addition_4,7.666666667,4_9_9_9_7_7_9_7_8,4.222222222,3_5_3_5_4_5_5_5_3,7.666666667,7_6_7_9_8_8_9_7_8
subtraction_4,subtracting_decimals_0.5,8,9_8_7_8_8_9_8_8_7,4.444444444,5_5_2_5_6_4_2_5_6,5.666666667,4_3_7_5_7_7_6_7_5
subtraction_4,time_word_problem_2,5.777777778,7_7_7_5_1_7_5_7_6,6.666666667,8_6_9_4_7_7_6_6_7,3.111111111,2_2_3_5_1_4_2_5_4
l_ml_transform,understanding_decimals_place_value,3.7,2_6_2_2_1_1_2_4_9_8,3.8,1_3_7_2_5_1_4_7_5_3,3.6,4_7_2_2_1_1_1_3_9_6
l_ml_transform,metric_area_unit_conversion,6.5,8_6_5_7_9_1_7_5_9_8,5.8,5_5_8_6_5_4_8_7_5_5,6.2,7_7_8_6_7_1_5_3_9_9
l_ml_transform,place_value,3.4,3_6_1_1_1_1_2_3_9_7,2.9,6_2_1_2_4_5_1_1_5_2,3.3,2_7_1_2_1_1_1_4_9_5
l_ml_transform,l_ml_word_problem,7.9,4_8_9_8_7_9_9_8_9_8,5.9,2_7_8_8_5_6_6_6_5_6,6,7_4_6_4_7_7_7_5_9_4
congruent_segments,measuring_segments,8.666666667,9_9_9_8_9_8,4.833333333,5_5_5_5_5_4,8.5,7_9_9_9_9_8
congruent_segments,segment_addition,5.333333333,6_5_4_2_6_9,6.166666667,2_9_5_7_8_6,4.333333333,6_3_5_3_4_5
congruent_segments,recognizing_rays_lines_and_line_segments,4.833333333,4_5_2_6_5_7,2.5,2_5_1_3_1_3,7,3_8_5_8_9_9
congruent_segments,area_of_a_circle,1.5,2_1_1_1_1_3,7,8_6_7_7_7_7,1.5,2_1_1_1_1_3
congruent_segments,parallel_lines_2,1.166666667,1_1_1_1_1_2,6,1_8_5_6_9_7,1.333333333,1_1_1_1_1_3
congruent_segments,interpreting_linear_equations,2.5,6_1_3_1_1_3,6.333333333,7_5_7_6_5_8,2.166666667,3_1_4_2_1_2
congruent_segments,midpoint_of_a_segment,5,6_4_4_3_5_8,6.333333333,7_8_5_7_7_4,4.333333333,3_3_6_2_3_9
ordering_improper_fractions_and_mixed_numbers,comparing_improper_fractions_and_mixed_numbers,8.3,9_8_9_9_7_9_8_8_8_8,3.7,4_6_4_2_3_5_3_3_2_5,7.9,9_4_9_9_7_9_8_7_8_9
ordering_improper_fractions_and_mixed_numbers,converting_mixed_numbers_and_improper_fractions,7.5,8_6_7_8_6_8_8_7_9_8,3.2,3_5_2_2_4_4_3_5_1_3,7.2,8_6_6_8_6_8_7_5_9_9
ordering_improper_fractions_and_mixed_numbers,simplifying_fractions,5.8,8_6_3_5_6_6_4_5_8_7,2.6,4_4_1_1_5_2_1_5_1_2,5.9,9_6_6_6_5_4_4_6_9_4
the_complex_plane,adding_and_subtracting_complex_numbers,5.444444444,3_7_7_4_9_2_4_6_7,4.777777778,6_2_6_2_5_2_6_9_5,5.333333333,4_8_5_6_7_2_4_7_5
the_complex_plane,absolute_value_of_complex_numbers,5.111111111,2_7_7_6_7_3_5_1_8,5.444444444,3_3_8_6_7_2_5_9_6,4.666666667,6_7_2_7_3_2_6_5_4
the_complex_plane,imaginary_unit_powers,4.888888889,7_7_7_2_3_2_6_3_7,4.111111111,3_3_2_7_2_1_7_9_3,4.777777778,5_7_4_4_3_1_4_6_9
graphing_points,adding_vectors,3.454545455,3_1_1_4_1_6_1_8_3_4_6,8.454545455,8_9_7_9_9_9_9_9_9_7_8,1.454545455,2_1_1_2_1_2_1_1_1_2_2
graphing_points,linear_equations_1,3.454545455,2_3_5_2_6_2_3_3_4_2_6,6.272727273,6_9_7_7_7_5_8_1_8_5_6,3,3_1_1_3_6_5_1_7_1_2_3
graphing_points,one_step_equations,2.909090909,3_5_5_2_1_2_1_3_4_2_4,6.272727273,6_9_7_7_6_8_8_1_6_5_6,2.363636364,3_1_1_3_1_2_1_7_2_2_3
graphing_points,percentage_word_problems_1,1.636363636,2_1_1_2_1_3_1_1_3_2_1,7.727272727,7_9_8_8_7_7_9_9_8_7_6,1.454545455,2_1_1_2_1_2_1_1_2_2_1
graphing_points,identifying_points_2,7.363636364,6_9_7_8_9_5_6_9_7_8_7,6.545454545,5_5_8_7_5_9_7_9_5_5_7,4.181818182,6_3_2_3_9_3_1_1_8_7_3
same_side_exterior_angles,congruent_angles,8.222222222,8_8_8_8_9_9_9_7_8,4.222222222,3_5_5_6_5_5_2_3_4,8,7_8_7_8_8_9_9_7_9
same_side_exterior_angles,number_line_3,1.888888889,4_1_1_1_2_1_2_3_2,4.333333333,3_5_5_4_5_3_6_4_4,1.888888889,3_2_1_1_2_1_2_3_2
same_side_exterior_angles,measuring_segments,2.333333333,4_1_5_1_2_1_2_3_2,2.555555556,2_5_3_2_1_3_1_5_1,2.444444444,4_2_3_1_5_1_2_3_1
same_side_exterior_angles,segment_addition,2.222222222,4_1_1_1_3_3_2_3_2,6.111111111,6_7_9_6_7_1_7_4_8,2,4_1_1_1_3_1_3_3_1
same_side_exterior_angles,same_side_interior_angles,8.555555556,8_9_9_8_9_9_9_8_8,5,5_5_5_5_5_5_5_5_5,8.555555556,7_9_9_9_9_9_9_7_9
division_1.5,division_word_problems_1,8,7_8_9_7_9_8_8,5.571428571,3_7_6_7_5_7_4,4.571428571,6_1_5_2_9_2_7
division_1.5,multiplication_1.5,4.857142857,4_7_6_4_3_2_8,3.857142857,5_2_5_4_5_4_2,5.571428571,4_7_7_3_5_6_7
division_1.5,arithmetic_word_problems_2,5.285714286,2_7_7_1_6_7_7,6.142857143,4_7_6_6_7_8_5,4.142857143,3_1_6_1_7_3_8
division_1.5,division_0.5,8.571428571,7_9_9_9_9_9_8,3,5_1_5_4_4_1_1,8.285714286,7_9_9_9_9_9_6
division_1.5,the_fundamental_theorem_of_arithmetic,3.142857143,3_7_2_1_1_2_6,7.714285714,7_9_8_6_8_9_7,1.571428571,3_1_1_1_1_1_3
division_1.5,division_1,8.571428571,8_9_9_9_9_8_8,3.714285714,5_5_5_3_4_1_3,8,6_7_9_9_9_9_7
factoring_polynomials_1,solving_quadratics_by_taking_the_square_root,5.5,5_7_3_7_5_8_3_4_6_7,4.5,4_5_3_4_4_7_2_3_7_6,4.1,7_6_2_3_4_4_6_2_3_4
factoring_polynomials_1,factoring_difference_of_squares_1,6.4,4_6_7_8_6_9_3_6_7_8,3.6,2_7_2_4_3_2_6_3_3_4,6,8_2_6_8_5_8_4_4_6_9
factoring_polynomials_1,exponents_1,2.1,2_4_1_1_1_1_1_3_4_3,3.4,2_9_1_2_1_2_5_5_4_3,2.1,4_1_1_1_1_2_2_3_4_2
factoring_polynomials_1,multiplying_expressions_0.5,6.7,4_7_8_7_8_8_3_7_7_8,3,2_3_4_4_2_3_3_3_2_4,7.5,8_8_8_8_7_8_6_7_7_8
factoring_polynomials_1,multiplying_polynomials,4.9,4_6_3_6_3_2_3_8_6_8,3.5,2_8_2_4_2_2_3_2_5_5,4.6,7_2_2_4_3_2_6_7_4_9
division_1,division_0.9,9,9_9_9_9_9_9_9_9_9,4.555555556,5_4_5_5_5_2_5_5_5,8.555555556,8_9_9_9_9_8_8_8_9
division_1,division_1.5,8.555555556,9_9_9_8_9_8_9_8_8,6,5_7_5_6_5_7_6_6_7,6,5_2_7_8_9_7_7_7_2
division_1,division_1.4,8.666666667,9_9_9_8_9_9_9_8_8,5.888888889,4_6_5_6_5_8_5_7_7,6.666666667,6_7_9_7_9_7_6_7_2
division_1,multiplication_1,6,2_8_7_7_7_7_1_7_8,3.666666667,1_4_5_3_5_2_6_4_3,6.333333333,6_9_8_4_8_2_6_7_7
division_1,division_0.5,8.888888889,9_9_9_9_9_9_9_9_8,4.888888889,5_6_5_5_5_2_5_5_6,7.111111111,7_7_9_9_9_6_6_8_3
distance_formula,reading_pictographs_2,1.5,2_2_1_1_2_1_1_2,1.25,2_2_1_1_1_1_1_1,3,2_8_1_1_9_1_1_1
distance_formula,pythagorean_theorem_1,7.125,4_8_9_8_7_8_7_6,4,3_5_5_4_5_4_3_3,7.125,4_8_9_9_5_8_7_7
distance_formula,trigonometry_0.5,2.625,3_3_1_3_2_2_1_6,6.125,7_7_1_9_8_8_2_7,1.875,2_3_1_2_2_1_1_3
distance_formula,absolute_value_of_complex_numbers,4.875,1_7_5_7_2_8_7_2,6.25,9_5_3_9_8_6_3_7,3.5,1_3_1_7_2_4_7_3
distance_formula,multiplying_fractions,1.875,3_2_1_3_2_1_1_2,2.25,3_2_1_3_2_4_1_2,3.75,6_8_1_2_8_3_1_1
distance_formula,midpoint_formula,5.875,8_3_2_7_7_6_6_8,3.625,5_2_3_4_5_3_4_3,7,8_7_5_8_5_6_8_9
distance_formula,adding_and_subtracting_radicals,3.25,2_5_2_8_2_1_2_4,5.125,7_4_2_6_8_6_2_6,3.125,2_7_1_6_2_1_3_3
prime_numbers,prime_factorization,7.727272727,8_7_8_7_9_8_9_7_7_7_8,4.727272727,3_6_5_5_5_7_5_2_2_7_5,5.727272727,8_7_6_5_4_4_8_5_8_4_4
prime_numbers,divisibility_tests,6.090909091,7_7_5_7_9_1_8_4_4_7_8,5.545454545,4_6_6_3_5_8_7_7_4_5_6,5.454545455,8_7_2_7_9_3_7_2_4_7_4
prime_numbers,divisibility_0.5,6.727272727,6_7_8_7_8_6_8_5_4_8_7,5,4_6_6_3_5_4_5_5_7_4_6,6.181818182,7_7_4_7_9_7_7_6_4_6_4
prime_numbers,composite_numbers,7.909090909,8_8_9_7_4_9_8_8_9_9_8,5.454545455,5_3_5_7_9_5_5_5_5_5_6,6.181818182,7_8_5_3_1_7_8_8_9_9_3
prime_numbers,divisibility_intuition,6.636363636,7_7_6_7_5_8_9_3_7_7_7,4.818181818,2_7_7_7_3_6_2_8_1_3_7,5.727272727,7_7_3_4_6_7_7_2_9_7_4
congruent_triangles_1,congruent_triangles_2,7.75,8_8_6_8_6_9_9_8,6.625,5_6_9_4_7_7_9_6,4.25,4_8_3_7_3_5_1_3
congruent_triangles_1,angles_1,4.75,8_3_3_1_4_4_9_6,5.875,6_2_9_2_6_7_9_6,3.25,4_2_3_6_4_2_1_4
congruent_triangles_1,areas_of_kites,3.375,2_2_9_1_6_1_4_2,4.875,6_3_5_2_6_8_2_7,3.875,4_2_9_1_4_1_7_3
congruent_triangles_1,order_of_operations,1.125,1_1_1_1_2_1_1_1,5.375,4_3_9_6_6_7_1_7,2.375,2_1_3_1_2_1_8_1
congruent_triangles_1,angles_2,5,7_3_6_1_4_4_9_6,7,6_2_9_6_7_9_9_8,2.375,3_2_6_1_3_1_1_2
adding_decimals,addition_4,7.363636364,8_7_7_6_9_6_8_7_9_7_7,5.181818182,2_7_4_7_6_5_5_5_5_6_5,6.545454545,7_6_7_5_6_6_7_8_9_6_5
adding_decimals,adding_decimals_0.5,8.545454545,8_9_9_9_9_6_9_8_9_9_9,4.909090909,5_5_4_5_8_5_5_3_5_5_4,7.454545455,7_9_9_9_3_5_8_7_9_7_9
adding_decimals,addition_2,6.909090909,7_7_6_7_9_3_8_8_7_7_7,3.272727273,2_3_2_4_1_9_5_2_1_4_3,6.727272727,7_7_6_6_7_7_6_7_8_7_6
adding_decimals,subtracting_decimals_0.5,6.909090909,8_8_7_8_8_3_7_4_9_6_8,6.090909091,6_5_6_5_8_7_6_7_5_6_6,6,4_9_4_9_4_9_4_3_9_7_4
arithmetic_series_1,counting_1,3.3,4_5_1_2_1_2_3_4_7_4,2.7,2_3_1_2_6_1_1_5_5_1,3,3_7_1_2_1_1_2_6_6_1
arithmetic_series_1,counting_2,4.5,6_6_2_3_4_3_3_6_8_4,2.9,3_2_3_4_3_3_2_2_5_2,3.8,6_7_2_3_1_2_3_7_6_1
arithmetic_series_1,arithmetic_sequences_3,6.4,3_6_8_8_8_8_5_4_9_5,5,2_3_8_4_5_7_4_6_7_4,5.5,4_7_4_8_8_6_6_3_3_6
even_and_odd_functions,functions_1,6.4,7_5_5_7_7_8_4_5_8_8,3.6,5_1_2_4_3_5_5_3_5_3,6,6_5_8_6_8_3_5_5_7_7
even_and_odd_functions,functions_3,4,3_1_2_4_6_5_3_2_7_7,6.9,3_9_8_5_4_9_7_9_9_6,3.3,3_1_2_5_7_2_6_1_3_3
even_and_odd_functions,functions_2,6,4_5_5_6_7_8_4_5_8_8,7,6_8_8_6_6_8_6_9_5_8,3.9,4_3_2_6_6_3_3_3_6_3
even_and_odd_functions,factoring_difference_of_squares_1,3.2,3_1_5_3_1_1_6_1_6_5,4,3_6_2_2_4_7_7_3_4_2,3.9,6_1_8_4_1_1_4_1_6_7
even_and_odd_functions,metric_area_unit_comparison,1.2,1_1_2_1_1_1_1_1_1_2,3.2,1_2_2_3_4_2_6_7_4_1,2.5,3_1_8_2_1_1_2_1_4_2
even_and_odd_functions,domain_and_range_0.5,6,7_2_5_4_7_8_8_3_9_7,4.2,7_6_2_2_3_5_5_3_4_5,6.4,4_4_8_5_7_7_9_5_8_7
sectors_as_fraction_of_circles_1,area_of_parallelograms,1.857142857,2_2_2_1_3_1_2_1_1_1_3_2_3_2,2.5,3_7_1_1_2_2_3_1_5_3_1_3_2_1,2.571428571,2_3_1_1_4_1_3_1_1_3_9_2_3_2
sectors_as_fraction_of_circles_1,circles_and_arcs,6.357142857,7_5_8_6_6_8_6_5_3_7_6_7_7_8,7.142857143,6_8_5_8_6_7_8_9_8_8_9_7_6_5,3.714285714,4_3_8_2_4_4_2_2_3_3_1_3_4_9
sectors_as_fraction_of_circles_1,metric_area_unit_conversion,1.428571429,2_1_1_1_2_1_1_1_2_2_1_2_2_1,4.071428571,6_2_3_8_2_6_3_6_7_5_1_2_2_4,1.928571429,2_7_1_1_2_1_2_1_1_2_1_2_2_2
sectors_as_fraction_of_circles_1,shaded_areas,2.285714286,2_3_1_1_3_1_4_2_1_3_3_2_4_2,5.5,8_2_1_4_7_6_7_7_6_8_7_3_5_6,2.142857143,2_3_1_1_2_1_3_1_2_2_2_2_5_3
sectors_as_fraction_of_circles_1,sectors_as_fraction_of_circles_2,7.785714286,8_6_8_9_8_9_7_9_7_8_9_8_5_8,6.285714286,7_7_5_6_6_5_7_7_5_5_8_7_6_7,4.714285714,2_3_8_6_3_9_3_5_8_8_1_3_4_3
sectors_as_fraction_of_circles_2,inscribed_angles_1,5.416666667,6_6_6_4_8_3_6_4_8_3_3_8,4.083333333,4_4_2_7_4_3_2_7_5_3_4_4,6.25,7_7_6_4_8_8_8_4_8_4_4_7
sectors_as_fraction_of_circles_2,circles_and_arcs,6.25,4_6_4_7_7_8_3_6_8_8_5_9,5.583333333,5_4_7_7_3_7_8_7_5_5_4_5,6.083333333,5_8_3_7_7_5_4_4_8_8_5_9
sectors_as_fraction_of_circles_2,sectors_as_fraction_of_circles_1,8.083333333,8_6_9_8_9_9_9_8_9_8_6_8,4.25,5_7_1_3_5_4_1_8_5_4_4_4,8.333333333,8_7_9_8_9_8_9_9_9_8_7_9
measuring_and_comparing_angles,measuring_angles,8.727272727,6_9_9_9_9_9_9_9_9_9_9,4.181818182,7_2_5_5_5_1_5_3_5_5_3,8.181818182,4_8_9_9_7_9_9_8_9_9_9
measuring_and_comparing_angles,exploring_angle_pairs_1,3.909090909,4_7_5_2_1_4_5_2_4_3_6,5.818181818,9_4_6_7_7_6_6_2_5_7_5,4.181818182,2_7_4_3_1_4_4_2_7_3_9
measuring_and_comparing_angles,area_of_squares_and_rectangles,1.545454545,2_3_1_1_1_1_1_1_2_3_1,3.909090909,2_4_3_6_5_3_6_1_5_2_6,2.272727273,3_3_1_1_1_1_2_2_2_8_1
measuring_and_comparing_angles,recognizing_rays_lines_and_line_segments,2.636363636,3_5_1_1_1_2_1_1_8_3_3,3,5_2_4_2_5_1_4_1_5_1_3,4.181818182,2_6_2_4_2_2_5_2_9_9_3
telling_time,time_terminology,6.363636364,5_9_7_7_5_4_7_9_7_3_7,3,5_1_1_1_2_6_5_1_5_3_3,6.090909091,5_9_3_7_7_6_9_7_1_4_9
telling_time,telling_time_2,7.909090909,8_9_8_9_6_8_9_9_7_6_8,4.818181818,5_1_8_5_6_6_5_1_6_6_4,7.090909091,6_9_9_8_6_7_9_9_2_4_9
telling_time,telling_time_0.5,8.363636364,9_9_9_9_8_9_9_9_5_8_8,4.454545455,5_1_9_5_5_5_5_1_6_4_3,8.363636364,9_9_9_9_5_9_9_9_8_7_9
circles_and_arcs,areas_of_circles_and_sectors,6.642857143,7_8_6_7_8_8_6_6_8_5_3_6_7_8,5.714285714,7_6_6_5_7_5_5_5_8_5_5_5_5_6,6.214285714,3_7_6_6_7_8_7_8_4_5_6_8_8_4
circles_and_arcs,area_of_parallelograms,2.357142857,3_2_1_1_5_1_2_1_2_2_1_5_4_3,2.285714286,3_1_2_3_1_1_1_3_2_7_1_3_3_1,3,4_2_1_1_4_1_2_3_3_5_6_6_2_2
circles_and_arcs,inscribed_angles_1,3.357142857,7_3_1_3_6_1_2_4_2_3_1_4_4_6,4.142857143,7_1_2_6_6_1_1_3_8_6_6_4_3_4,3.785714286,3_4_1_3_6_1_1_5_3_5_5_6_4_6
circles_and_arcs,exploring_mean_and_median,1.857142857,3_1_1_1_3_1_1_1_1_5_1_3_2_2,3.214285714,3_3_3_7_1_5_3_2_1_4_4_3_5_1,2.642857143,4_1_1_1_4_1_1_2_2_6_5_4_3_2
circles_and_arcs,angles_2,2.928571429,5_1_1_1_7_2_2_3_2_3_1_4_4_5,3.142857143,4_1_5_7_3_1_1_2_2_5_1_4_4_4,3.5,6_3_1_2_7_2_1_2_2_6_4_6_3_4
graphing_linear_equations,area_of_triangles_1,1.6,3_1_1_1_2,2.8,4_1_6_1_2,1.6,4_1_1_1_1
graphing_linear_equations,combining_like_terms_1,2.2,2_1_1_3_4,2,1_1_3_1_4,2.4,4_1_1_2_4
graphing_linear_equations,rate_problems_2,1.6,3_1_1_1_2,5,1_7_7_8_2,1.6,4_1_1_1_1
graphing_linear_equations,graphing_inequalities,7.2,6_7_7_8_8,5.2,3_6_7_5_5,6.4,7_5_3_9_8
alternate_interior_angles,corresponding_angles,8.111111111,8_8_8_8_8_8_9_7_9,4.444444444,5_3_5_5_2_5_5_5_5,8.111111111,8_8_9_9_8_8_8_9_6
alternate_interior_angles,dividing_decimals_0.5,1.333333333,2_2_1_2_1_1_1_1_1,5.111111111,7_2_6_7_2_6_2_7_7,2.777777778,2_8_1_1_7_1_1_1_3
alternate_interior_angles,segment_addition,1.555555556,3_3_1_1_2_1_1_1_1,6.777777778,5_2_8_7_8_7_8_9_7,2,2_7_1_1_2_1_1_1_2
alternate_interior_angles,congruency_postulates,3.888888889,5_4_2_2_6_1_7_2_6,6.555555556,7_3_6_8_7_8_8_7_5,3.222222222,4_7_1_2_3_1_3_1_7
alternate_interior_angles,parallel_lines_1,8,8_8_9_7_8_7_7_9_9,5.222222222,5_5_5_6_5_6_5_5_5,7.888888889,9_7_9_7_5_8_8_9_9
alternate_interior_angles,congruent_segments,2.111111111,2_3_1_1_2_2_5_1_2,3.777777778,1_2_6_4_5_5_2_6_3,2.888888889,2_8_1_1_6_3_2_1_2
alternate_interior_angles,multiplying_and_dividing_negative_numbers,1.333333333,1_3_1_1_2_1_1_1_1,4.777777778,5_2_5_7_2_5_7_5_5,2.777777778,2_8_1_1_7_2_1_1_2
volume_box,volume_of_rectangular_boxes,7.666666667,9_7_9_7_7_7,3.166666667,3_3_5_3_3_2,7.666666667,8_8_9_7_8_6
volume_box,area_of_a_circle,2.5,2_3_1_4_2_3,3.166666667,2_5_6_2_2_2,3.5,4_2_2_8_2_3
volume_box,area_of_squares_and_rectangles,3.666666667,3_5_2_4_4_4,2,1_3_2_2_2_2,6,8_8_2_8_6_4
volume_box,volume_container,7.333333333,8_7_7_6_8_8,3.666666667,4_3_5_3_2_5,7.5,6_8_8_7_8_8
volume_box,area_1,4.666666667,4_5_5_4_7_3,1.833333333,1_3_1_2_2_2,5.333333333,9_4_4_8_3_4
speed_equal_to_distance_divide_time,expressing_ratios_as_fractions,5.142857143,2_7_3_5_8_5_6,1.857142857,1_1_3_1_2_3_2,4.571428571,3_4_4_5_8_6_2
speed_equal_to_distance_divide_time,metric_area_unit_conversion,3.142857143,1_6_1_1_7_4_2,3.571428571,1_2_4_7_2_5_4,3.142857143,1_6_1_1_7_3_3
speed_equal_to_distance_divide_time,telling_time_2,1.714285714,1_1_1_1_4_2_2,1,1_1_1_1_1_1_1,1.714285714,1_1_1_1_5_2_1
speed_equal_to_distance_divide_time,telling_time_comparing,4.285714286,5_6_2_1_4_8_4,2.571428571,1_5_2_1_2_6_1,3.857142857,4_7_2_1_5_7_1
segment_addition,congruent_segments,5.7,7_8_8_6_4_4_2_6_6_6,2.2,1_2_2_4_2_1_1_4_4_1,5.6,7_8_7_6_5_5_6_4_6_2
segment_addition,midpoint_of_a_segment,7.6,8_8_9_7_6_9_6_7_8_8,4.4,2_4_5_5_5_5_5_4_4_5,7.4,9_8_9_7_8_5_6_6_7_9
segment_addition,measuring_segments,6.1,7_6_8_6_5_4_6_5_8_6,2.7,1_2_3_4_3_1_2_4_5_2,5.8,8_6_7_6_6_5_7_4_7_2
segment_addition,alternate_interior_angles,2.1,1_1_1_4_2_1_3_2_3_3,2.5,1_6_1_4_1_3_2_2_3_2,2.6,1_1_1_4_2_5_3_3_4_2
segment_addition,recognizing_rays_lines_and_line_segments,3.3,5_1_4_5_2_2_6_1_3_4,1.4,1_1_1_3_1_1_1_2_2_1,4,5_1_6_5_2_7_8_1_4_1
square_roots,exponents_2,5.153846154,7_6_6_5_5_1_1_7_6_7_6_4_6,6.538461538,8_7_7_1_9_6_9_6_6_7_7_4_8,3.076923077,2_2_6_1_2_1_2_8_1_6_2_6_1
square_roots,exponents_3,5.153846154,7_2_6_3_7_1_1_7_8_8_7_3_7,7.538461538,8_8_7_7_8_7_9_8_9_7_8_4_8,3.076923077,2_2_7_6_3_1_2_4_1_7_1_3_1
square_roots,exponents_1,4.846153846,7_2_6_6_5_1_1_7_7_6_6_3_6,4.153846154,7_7_5_5_1_2_4_5_5_5_3_2_3,4.461538462,2_3_6_6_4_4_1_7_6_7_7_3_2
square_roots,recognizing_fractions_0.5,2.230769231,4_1_4_1_1_1_1_2_2_5_3_2_2,1.769230769,2_1_3_3_1_1_1_3_1_3_2_1_1,2.692307692,6_3_7_3_1_1_1_2_3_4_1_2_1
square_roots,square_roots_2,7.923076923,8_9_7_9_9_8_9_7_9_8_8_5_7,5.615384615,6_5_7_3_6_4_6_5_6_7_8_4_6,5.307692308,3_4_5_8_7_8_5_4_6_7_1_6_5
division_word_problems_1,division_word_problems_2,8.2,9_9_9_8_7_8_8_8_8_8,6,5_5_6_7_6_6_6_7_6_6,5.1,4_5_7_3_4_8_3_4_9_4
division_word_problems_1,division_1.5,7.9,7_9_9_8_7_8_8_7_8_8,5.2,4_6_5_4_7_6_6_4_4_6,6.2,5_4_9_8_3_9_4_7_8_5
division_word_problems_1,division_0.5,8.7,9_9_9_9_9_9_9_8_8_8,3.3,1_1_5_1_5_5_5_3_4_3,8.4,9_9_9_8_9_9_7_8_8_8
division_word_problems_1,division_2,7.6,4_9_9_9_7_8_8_6_8_8,5.5,4_6_6_4_8_6_7_4_4_6,5.7,4_4_7_9_2_9_3_7_8_4
division_word_problems_1,division_1,8.7,9_9_9_9_9_9_9_7_8_9,3.7,1_1_5_3_5_5_5_3_4_5,8.5,9_9_9_9_8_9_8_7_8_9
independent_probability,permutations_1,3.3,4_4_7_3_2_2_1_3_3_4,6.1,2_7_6_8_2_8_7_8_7_6,3.6,5_3_7_3_3_3_3_2_3_4
independent_probability,counting_2,2.5,3_4_1_1_3_2_1_2_4_4,5.3,7_5_6_4_3_7_1_8_6_6,3.1,2_5_1_1_2_8_3_2_4_3
independent_probability,probability_1,5.5,6_7_4_3_2_8_4_7_6_8,4.5,2_6_6_7_3_4_5_3_4_5,5.7,6_4_5_6_4_7_5_6_6_8
adding_and_subtracting_fractions,subtracting_fractions,8.363636364,8_9_7_9_8_9_9_9_9_7_8,4.272727273,5_5_5_5_6_5_5_4_1_2_4,7.818181818,8_6_8_8_7_6_9_9_9_7_9
adding_and_subtracting_fractions,adding_fractions_with_common_denominators,7.636363636,5_8_9_8_7_7_9_7_9_7_8,1.818181818,2_2_1_2_3_1_1_3_1_2_2,8,8_8_8_7_8_9_9_8_9_7_7
adding_and_subtracting_fractions,converting_decimals_to_fractions_1,5.181818182,3_2_4_7_1_6_8_5_8_6_7,3.363636364,2_2_9_1_3_3_1_4_1_8_3,5.363636364,6_6_3_6_2_7_6_6_8_2_7
adding_and_subtracting_fractions,exponents_1,2.454545455,5_6_1_1_1_2_1_3_2_2_3,5.272727273,7_7_9_1_2_6_2_3_5_8_8,2.090909091,3_3_1_1_1_3_1_3_5_1_1
adding_negative_numbers,absolute_value,3.538461538,4_6_1_1_7_4_2_2_5_3_4_4_3,4,5_4_1_3_4_7_5_1_6_2_3_4_7,3.153846154,4_4_3_2_4_4_4_2_4_3_2_4_1
adding_negative_numbers,number_line_3,5.692307692,5_7_3_4_9_6_3_3_8_6_6_6_8,4.769230769,6_6_8_3_5_9_5_2_3_4_3_3_5,5.307692308,6_6_2_2_8_6_2_3_5_8_6_7_8
adding_negative_numbers,ordering_negative_numbers,5.461538462,2_9_7_4_1_7_7_2_8_3_6_7_8,3.076923077,1_2_6_3_3_6_5_2_1_2_2_3_4,5.692307692,5_9_8_7_1_5_4_3_5_6_7_6_8
adding_negative_numbers,adding_and_subtracting_negative_numbers,8.538461538,9_9_9_9_9_9_9_8_6_9_8_9_8,5.153846154,5_6_5_6_5_5_5_7_2_5_5_5_6,7,6_5_7_8_9_9_9_7_6_8_5_8_4
converting_fractions_to_decimals,recognizing_fractions_0.5,5.5,7_7_6_3_4_3_8_6,1.5,2_1_1_1_2_1_3_1,4.75,6_6_2_2_3_5_7_7
converting_fractions_to_decimals,areas_of_trapezoids,2,3_1_4_1_1_1_4_1,5.5,3_4_6_7_6_7_6_5,1.5,2_1_1_1_1_1_4_1
converting_fractions_to_decimals,converting_decimals_to_fractions_1,8.125,8_7_8_8_8_8_9_9,3.75,4_1_3_3_4_5_5_5,7.5,6_7_8_7_7_8_9_8
converting_fractions_to_decimals,recognizing_fractions,6,7_6_6_2_6_5_8_8,1.375,1_1_1_1_2_1_2_2,4.5,5_1_3_1_4_6_7_9
converting_fractions_to_decimals,converting_decimals_to_percents,6.375,3_8_6_5_7_5_8_9,3.5,2_1_7_1_4_3_5_5,5.375,2_7_2_6_7_6_8_5
converting_fractions_to_decimals,adding_and_subtracting_negative_numbers,1.5,2_1_3_1_1_1_2_1,3.375,1_7_7_1_3_2_4_2,1.5,1_1_1_1_1_1_3_3
converting_fractions_to_decimals,writing_fractions_1,5.625,7_7_7_2_4_3_7_8,2.625,1_1_1_3_4_3_6_2,4.5,5_6_4_2_4_2_6_7
similar_triangles_2,creating_bar_charts_1,1.125,2_1_1_1_1_1_1_1,2.375,2_5_1_2_2_1_1_5,2.125,6_1_1_1_1_5_1_1
similar_triangles_2,axis_of_symmetry,2.375,2_3_1_4_1_1_3_4,2.5,2_3_3_3_4_2_1_2,3.625,6_3_1_4_2_5_7_1
similar_triangles_2,congruent_triangles_2,3.625,3_4_1_3_1_2_7_8,4.5,3_7_2_4_4_6_5_5,5.125,6_3_4_6_2_4_9_7
similar_triangles_2,similar_triangles_1,6.25,4_4_7_8_7_4_8_8,4.5,2_8_2_5_3_7_5_4,7,7_3_7_9_9_3_9_9
similar_triangles_2,solving_similar_triangles_1,7.25,7_8_8_8_8_2_9_8,5.125,6_3_5_6_3_6_5_7,5.875,3_4_7_8_8_5_9_3
similar_triangles_1,congruent_triangles_1,6.888888889,6_9_4_8_8_8_4_7_8,5,6_5_4_7_5_5_4_5_4,6.888888889,5_9_6_7_9_8_4_6_8
similar_triangles_1,degrees_to_radians,1.888888889,2_1_1_1_1_1_4_2_4,5.333333333,6_9_7_5_6_2_4_2_7,2.666666667,4_1_1_1_1_2_4_8_2
similar_triangles_1,congruent_triangles_2,5.444444444,6_5_6_4_5_2_6_7_8,4.777777778,3_4_7_7_3_3_5_5_6,4.222222222,4_3_4_4_3_3_7_6_4
similar_triangles_1,similar_triangles_2,6.555555556,8_7_8_1_8_9_4_5_9,6,5_8_5_7_7_5_6_5_6,6.111111111,5_6_9_5_7_8_6_6_3
similar_triangles_1,congruency_postulates,4.888888889,7_3_3_6_4_2_4_7_8,6.333333333,6_6_8_7_7_8_4_5_6,4.777777778,5_5_2_7_5_2_6_7_4
composite_numbers,prime_factorization,7.727272727,8_9_8_8_7_9_8_7_8_5_8,6,5_7_8_3_6_8_9_6_3_5_6,5.272727273,9_9_2_8_8_1_2_3_7_5_4
composite_numbers,divisibility_tests,6.363636364,9_6_4_7_4_3_8_8_8_5_8,4.636363636,4_6_3_5_4_4_1_8_6_4_6,5.909090909,9_5_7_5_5_7_9_2_7_6_3
composite_numbers,divisibility_0.5,7,9_8_4_8_7_4_9_8_7_5_8,5.272727273,5_2_7_6_5_6_5_6_6_5_5,5.727272727,9_7_3_5_8_8_5_5_4_5_4
composite_numbers,prime_numbers,8.454545455,9_9_9_8_8_9_9_9_9_5_9,4.545454545,5_5_5_5_5_5_1_5_5_5_4,7.727272727,9_9_5_7_9_7_9_8_8_5_9
composite_numbers,divisibility_intuition,7.272727273,9_7_8_7_4_8_9_8_8_4_8,3.454545455,1_6_2_2_8_1_2_4_2_4_6,7,9_7_8_8_5_8_9_6_8_5_4
subtracting_fractions,converting_mixed_numbers_and_improper_fractions,7,6_5_7_8_6_9_8,3.714285714,3_1_6_6_2_5_3,5.857142857,4_5_7_4_5_9_7
subtracting_fractions,adding_fractions,8.428571429,9_8_8_8_9_9_8,5,5_5_5_5_5_5_5,8.571428571,7_9_9_8_9_9_9
subtracting_fractions,adding_and_subtracting_fractions,8.571428571,8_8_8_9_9_9_9,5.714285714,5_5_6_7_5_6_6,6.571428571,8_9_7_4_9_1_8
subtracting_fractions,order_of_operations,4.714285714,7_3_1_7_1_7_7,4.714285714,6_2_8_4_3_5_5,4.428571429,4_2_2_7_2_9_5
subtracting_fractions,writing_proportions,4.285714286,6_2_6_6_1_7_2,7.142857143,7_7_7_6_9_8_6,2.857142857,4_1_4_3_1_3_4
subtracting_fractions,time_word_problem_4,3.285714286,6_1_1_4_1_7_3,4,6_2_6_5_1_5_3,3.285714286,4_2_1_4_1_6_5
subtracting_fractions,simplifying_fractions,6,6_5_7_6_2_9_7,2.428571429,3_1_4_3_1_1_4,6.142857143,5_2_7_7_5_9_8
subtracting_decimals_0.5,integers_multiply_decimals,3.6,7_2_3_4_2_7_3_2_3_3,7.4,7_9_7_6_9_6_9_7_7_7,2.9,7_1_3_3_1_7_1_2_2_2
subtracting_decimals_0.5,adding_decimals,7.6,8_6_8_6_8_8_8_9_7_8,3.8,3_5_2_3_5_5_2_5_4_4,8.1,8_9_8_9_8_9_8_7_6_9
subtracting_decimals_0.5,subtracting_decimals,8.7,9_9_9_7_9_9_9_9_8_9,6.1,8_5_7_6_5_5_6_7_5_7,6.1,9_9_4_3_9_9_4_4_6_4
subtracting_decimals_0.5,subtraction_4,7.3,4_8_9_6_7_7_8_8_8_8,4.7,4_5_2_5_6_5_4_5_6_5,5.7,3_7_8_4_6_7_6_4_4_8
subtracting_decimals_0.5,subtraction_3,7.8,6_8_8_6_8_8_9_9_8_8,3.3,2_4_1_5_2_3_4_5_5_2,6.5,6_7_8_4_6_9_6_7_6_6
